10000,"F-00074_O","10*20*7.5","0M","SCNY",,">100",10,
10001,"F-00355_O","10*20*7.5","0M","SCNY",,">100",10,
10002,"F-00608_O","11.7*22*6/8.5","1РМ2","DC4Y",,">100",10,
10003,"F-00102_O","12*27*9/10","7V1PM","CNB11W11 ",,">100",10,
10004,"F-00178_O","12*27*9/10","7V1PM","CNB11W11 ",,">100",10,
10005,"F-00726_O","12*38*10","7V2","GNB ",,">100",10,
10006,"F-00372_O","14*27*9/10","7V1PM","CNB11W11 ",,">100",10,
10007,"F-00523_O","14*30.5/38.4*5/11","6V3","CNB12W11",,">100",10,
10008,"F-00432_O","15*28*6.3","1РМA","TZ",,">100",10,
10009,"F-00597_O","15*28*6.3","1РМA","TZ",,">100",10,
10010,"F-00744_O","15*28*6.3","1РМA","TZ",,">100",10,
10011,"F-00365_O","16*26*5/6 ","1РМ","TC1W24",,">100",10,
10012,"F-00052_O","16*28*7","1РМ","TF",,">100",10,
10013,"F-00555_O","16*30*6.3","1РМA","TZNR ",,">100",10,
10014,"F-00149_O","16*30*6.3","1РМA","TZNR ",,">100",10,
10015,"F-00894_O","16*30*6.3","1РМA","TZNR ",,">100",10,
10016,"F-00689_O","16*30*6.3","1РМA","TZNR ",,">100",10,
10017,"F-01106_O","16*30*6.3","1РМA","TZNR ",,">100",10,
10018,"F-00976_O","16.9*27*5/6 ","1РМ","TC1W24",,">100",10,
10019,"F-00148_O","17*28*8","0M2","DC",,">100",10,
10020,"F-00506_O","17*28*8","0M2","DC",,">100",10,
10021,"F-00606_O","17*29*7","1РМ","TC ",,">100",10,
10022,"F-00356_O","17*30*7","0M2","DC",,">100",10,
10023,"F-00414_O","17*30*7","1РМ","TC4",,">100",10,
10024,"F-00473_O","17*30*7","1РМ","TC4P",,">100",10,
10025,"F-00154_O","17*32*7","1РМ","TC4 ",,">100",10,
10026,"F-00465_O","17*32*8.5","0AM2","DZ",,">100",10,
10027,"F-00165_O","17*34*8","1РМA","TZ",,">100",10,
10028,"F-00122_O","17*36*6.6","0MA","SZR",,">100",10,
10029,"F-00687_O","17*36*6.6","0MA","SZR","фото ",">100",10,"!"
10030,"F-00781X_O","17.5*30*5/5.7 ","1РМ","TC4P","фото ",">100",10,"Ремонтный размер"
10031,"F-00982_O","18*25.5*4/6.5","4РМ","TC8 ","фото ",">100",10,"!"
10032,"F-00519_O","18*25.5*4/6.5","4РМ","TC8 ","фото ",">100",10,"!"
10033,"F-00182_O","18*28*5/6","1РМ","TGN11 ","фото ",">100",10,"!"
10034,"FS-0002_O","18*28*6","1РМ","TC","фото ",">100",10,"!"
10035,"F-00632_O","18*30*6/6.5","1РМ","TCN11","фото ",">100",10,"!"
10036,"F-00771_O","18*30*6/6.5","1РМ","TCN","фото ",">100",10,"!"
10037,"F-00782_O","18*30*6/6.5","1РМ","TCN11","фото ",">100",10,"!"
10038,"F-01091_O","18*30*6/6.5","1РМ","TCN11","фото ",">100",10,"!"
10039,"F-00517_O","18*30*7/8","1РМ","TGN11 ","фото ",">100",10,"!"
10040,"F-00051_O","18*30*7/8","1РМ","TGN11 ","фото ",">100",10,"!"
10041,"F-00152_O","18*30*7/8","1РМ","TGN11 ","фото ",">100",10,"!"
10042,"F-00183_O","18*30*7/8","1РМ","TGNP ","фото ",">100",10,"!"
10043,"F-00648_O","18*30*7/8","1РМ","TGN","фото ",">100",10,"!"
10044,"F-00117_O","18*32*7","1РМ","TC4P","фото ",">100",10,"!"
10045,"F-00959_O","18*32*7","1РМ","TC4","фото ",">100",10,"!"
10046,"F-00164_O","18*32*8","1РМA","TZ","фото ",">100",10,"!"
10047,"F-00741_O","18*32*8","1РМA","TZ","фото ",">100",10,"!"
10048,"F-00421X_O","18*33.3*8","1РМA","TZN ","фото ",">100",10,"Ремонтный размер"
10049,"F-00185_O","18*34*7","1РМ","TC4","фото ",">100",10,"!"
10050,"F-00464_O","18*34*8","1РМA","TZ","фото ",">100",10,"!"
10051,"F-00484X_O","18.5*29*4.5/5.5","1РМ","TG4P","фото ",">100",10,"Ремонтный размер"
10052,"F-00561X_O","18.5*34.6*6.3/7.3","1РМ","TC4","фото ",">100",10,"Ремонтный размер"
10053,"F-00657_O","18.7*35*7/7.8","1РМ","TC4P","фото ",">100",10,"!"
10054,"F-00136_O","18.7*35*7/7.8","1РМ","TC4P","фото ",">100",10,"!"
10055,"F-00395_O","18.75*30*5/5.5","1РМ","TG4P ","фото ",">100",10,"!"
10056,"F-01140_O","18.75*30*5/5.5","1РМ","TG4P ","фото ",">100",10,"!"
10057,"F-00189_O","18.75*30*5/5.5","1РМ","TG4P ","фото ",">100",10,"!"
10058,"F-00313X_O","18.9*28*5","1РМ","TC ","фото ",">100",10,"Ремонтный размер"
10059,"FS-0001_O","18.9*30*5","1РМ","TC ","фото ",">100",10,"!"
10060,"F-00163X_O","18.9*36*6.5","1РМ","TGR","фото ",">100",10,"Ремонтный размер"
10061,"F-00307_O","19*26.5*3.8/5.8","3A","TC8 ","фото ",">100",10,"!"
10062,"F-00313_O","19*28*5/5.5","1РМ","TС4P","фото ",">100",10,"!"
10063,"FS-0047_O","19*28*8","0M2","DC","фото ",">100",10,"!"
10064,"F-00484_O","19*29*4.5/5","1РМ","TC4P ","фото ",">100",10,"!"
10065,"F-00459_O","19*29*7/7.8","1PM","TG4P","фото ",">100",10,"!"
10066,"F-00993_O","19*30*5/5.7","1РМ","TC4P","фото ",">100",10,"!"
10067,"F-00740_O","19*30*5/6.5 ","1РМ","TC4","фото ",">100",10,"!"
10068,"F-00619_O","19*30*5/6.5 ","1РМ","TC4","фото ",">100",10,"!"
10069,"F-00110_O","19*30*5/6.5 ","1РМ","TC4","фото ",">100",10,"!"
10070,"F-00769_O","19*30*7","1РМ","TC","фото ",">100",10,"!"
10071,"F-00315_O","19*30*7","1РМ","TC","фото ",">100",10,"!"
10072,"F-00114_O","19*32*6/7","1РМ","TG4P ","фото ",">100",10,"!"
10073,"F-00366_O","19*32*6/7","1РМ","TG4P ","фото ",">100",10,"!"
10074,"F-00403_O","19*32*6/7","1РМ","TC4 ","фото ",">100",10,"!"
10075,"F-00600_O","19*32*6/7","1РМ","TC4 ","фото ",">100",10,"!"
10076,"F-00779_O","19*32*6/7","1РМ","TC4 ","фото ",">100",10,"!"
10077,"F-01072_O","19*32*6/7","1PM","TC4P","фото ",">100",10,"!"
10078,"F-00187_O","19*32*7/7.8","1РМ","TC4 ","фото ",">100",10,"!"
10079,"F-00418_O","19*32*7/7.8","1РМ","TC4 ","фото ",">100",10,"!"
10080,"F-01051_O","19*32*7/7.8","1PM","TC4P","фото ",">100",10,"!"
10081,"F-01052_O","19*32*7/7.8","1PM","TC4P","фото ",">100",10,"!"
10082,"F-00039_O","19*34.6*4.4/5.9","1РМ","TG4P ","фото ",">100",10,"!"
10083,"F-00040_O","19*34.6*4.4/5.9","1РМ","TG4P ","фото ",">100",10,"!"
10084,"F-00030_O","19*34.6*4.4/5.9","1РМ","TG4P ","фото ",">100",10,"!"
10085,"F-00011_O","19*34.6*6.2/9.2","1РМ","TCN11 ","фото ",">100",10,"!"
10086,"F-00037_O","19*34.6*6.2/9.2","1РМ","TCN11 ","фото ",">100",10,"!"
10087,"F-00849_O","19*34.6*6.3/7.3","1РМ","TC4P","фото ",">100",10,"!"
10088,"F-01100_O","19*35*5/5.5","1РМ","TG4P ","фото ",">100",10,"!"
10089,"F-01105_O","19*35*5/5.5","1РМ","TG4P ","фото ",">100",10,"!"
10090,"F-00140_O","19*37*6.5/8","1РМ","TC4P","фото ",">100",10,"!"
10091,"F-00886_O","19*37*6.5/8","1РМ","TC4P","фото ",">100",10,"!"
10092,"F-00184_O","19*38*7/7.8","1РМ","TG4P ","фото ",">100",10,"!"
10093,"F-00607_O","19.05*30*5/6.5 ","1РМ","TC4","фото ",">100",10,"!"
10094,"F-00421_O","19.05*33.3*8","1РМA","TZR","фото ",">100",10,"!"
10095,"F-00529_O","19.05*33.3*8/9","1РМA","TZNR ","фото ",">100",10,"!"
10096,"F-00144_O","19.05*33.3*8/9","1РМ","TCNR ","фото ",">100",10,"!"
10097,"F-00143_O","19.05*33.3*8","1РМA","TZR","фото ",">100",10,"!"
10098,"F-00145_O","19.05*33.3*8","1РМA","TZR","фото ",">100",10,"!"
10099,"F-01071_O","19.05*33.3*8","1РМA","TZR","фото ",">100",10,"!"
10100,"F-00087_O","19.05*34.6*4.4/5.9","1РМ","TG4P ","фото ",">100",10,"!"
10101,"F-00677_O","19.05*34.6*4.4/5.9","1РМ","TG4P ","фото ",">100",10,"!"
10102,"F-00688_O","19.05*34.6*4.4/5.9","1РМ","TG4P ","фото ",">100",10,"!"
10103,"F-00895_O","19.05*34.6*4.4/5.9","1РМ","TG4P ","фото ",">100",10,"!"
10104,"F-00561_O","19.05*34.6*6.3/7.3","1РМ","TC4P","фото ",">100",10,"!"
10105,"F-00368_O","19.05*34.6*6.3/7.3","1РМ","TC4P","фото ",">100",10,"!"
10106,"F-00868_O","19.05*34.6*6.2/9.2","1РМ","TCN11 ","фото ",">100",10,"!"
10107,"F-00146_O","19.05*36*6.5","1РМA","TZR ","фото ",">100",10,"!"
10108,"F-00163_O","19.05*36*6.7","0MA","SZR","фото ",">100",10,"!"
10109,"F-00158_O","19.05*36*6.7","0MA","SZR","фото ",">100",10,"!"
10110,"F-00641_O","19.05*36*7","1РМA","TZNR ","фото ",">100",10,"!"
10111,"F-00915_O","19.05*37*6.5/8","1РМ","TC4P","фото ",">100",10,"!"
10112,"F-00436_O","19.05*37*6.5/8","1РМ","TC4P","фото ",">100",10,"!"
10113,"F-00138_O","19.9*39.9*6.5","1РМ","TC4P","фото ",">100",10,"!"
10114,"F-00063_O","20*30*5/6","1РМ","TCN11 ","фото ",">100",10,"!"
10115,"F-00297_O","20*30*5/6","1РМ","TC4 ","фото ",">100",10,"!"
10116,"F-00558_O","20*30*5/6","1РМ","TC4 ","фото ",">100",10,"!"
10117,"F-00663_O","20*30*5/6","1РМ","TG4P ","фото ",">100",10,"!"
10118,"F-00681_O","20*30*5/6","1РМ","TC4 ","фото ",">100",10,"!"
10119,"F-00887_O","20*30*5/6","1РМ","TC4 ","фото ",">100",10,"!"
10120,"F-00978_O","20*30*5/6","1РМ","TCN1 ","фото ",">100",10,"!"
10121,"F-01159_O","20*30*5/6","1РМ","TC4 ","фото ",">100",10,"!"
10122,"FS-0003_O","20*30*7","7V2","CNB","фото ",">100",10,"!"
10123,"F-00058_O","20*32*5/5.5","1РМ","TGN1","фото ",">100",10,"!"
10124,"F-00217_O","20*32*7 ","7V2","CNB","фото ",">100",10,"!"
10125,"F-00640_O","20*35*7","1РМ","TC4","фото ",">100",10,"!"
10126,"F-00609_O","20*35*7","1РМ","TC4","фото ",">100",10,"!"
10127,"F-00153_O","20*35*7","0M2","DC","фото ",">100",10,"!"
10128,"F-00502_O","20*35*7","0M2","DC","фото ",">100",10,"!"
10129,"F-00562_O","20*35.6*6/7.7","1РМ","TC4","фото ",">100",10,"!"
10130,"F-00166_O","20*36*7","1РМ","TCN1 ","фото ",">100",10,"!"
10131,"F-01153_O","20*36*7","1РМ","TCN1 ","фото ",">100",10,"!"
10132,"F-01167_O","20*36*7","1РМ","TCN1 ","фото ",">100",10,"!"
10133,"FS-0004_O","20*36*7","7V2","CNB","фото ",">100",10,"!"
10134,"F-00186_O","20*40*6","1РМ","TC4P","фото ",">100",10,"!"
10135,"F-00100_O","20*40*6","1РМ","TC4P","фото ",">100",10,"!"
10136,"F-00531X_O","20*41.3*6.5/9","1РМ","TG4P ","фото ",">100",10,"Ремонтный размер"
10137,"F-00659_O","20*41.3*6.5/9","1РМ","TC1W11 ","фото ",">100",10,"Ремонтный размер"
10138,"F-00667X_O","20*41.3*6.5/9","1РМ","TC1W11 ","фото ",">100",10,"Ремонтный размер"
10139,"F-00108_O","20*42.5*3.8/5","1РМ","TC4P","фото ",">100",10,"!"
10140,"F-00420_O","20*42.5*3.8/5","1РМ","TC4P","фото ",">100",10,"!"
10141,"F-00109_O","20*42.5*7/7.8","1РМ","TG4P","фото ",">100",10,"!"
10142,"F-00104_O","20*44*4.5","3A","VG ","фото ",">100",10,"!"
10143,"F-00191_O","20*44*4.5","3A","VG ","фото ",">100",10,"!"
10144,"F-00547X_O","20.5*34*9","7V1","CNB1W11","фото ",">100",10,"Ремонтный размер"
10145,"F-01148_O","20.6*41*6.3","0M","SGN1W11","фото ",">100",10,"!"
10146,"F-00531_O","20.6*41.2*6.5/8","1РМ","TC2W11","фото ",">100",10,"!"
10147,"F-00168_O","20.6*41.2*6.3","0M","SCN2 ","фото ",">100",10,"!"
10148,"F-00667 _O","20.6*41.2*6.3","0M","SCN2 ","фото ",">100",10,"!"
10149,"F-00720_O","20.6*41.2*6.3","0M","SCN2 ","фото ",">100",10,"!"
10150,"F-00493_O","20.6*41.3*6.5/8","1РМ","TC2W11","фото ",">100",10,"!"
10151,"F-00327_O","21*30*5","7V2G","CNB15","фото ",">100",10,"!"
10152,"F-00328_O","21*30*5","7V2G","CNB15","фото ",">100",10,"!"
10153,"F-00329_O","21*30*5",12,"CNB15","фото ",">100",10,"!"
10154,"F-00330_O","21*30*5","7V2G","CNB15","фото ",">100",10,"!"
10155,"F-00442_O","21*33*8/5.5","1РМ","TCNY","фото ",">100",10,"!"
10156,"F-00605_O","21*33*8/5.5","1РМ","TCNY","фото ",">100",10,"!"
10157,"F-00547_O","21*34*9","7V1","CNB1W11 ","фото ",">100",10,"!"
10158,"F-00497XX_O","21*34.3*7/12","4V2","GNB13W11 ","фото ",">100",10,"Ремонтный размер"
10159,"F-00494XX_O","21*35.4*8.2","7V2","GNBW11 ","фото ",">100",10,"Ремонтный размер"
10160,"F-00576_O","21*35.5*6.2/7","1РМ","TG4PW11","фото ",">100",10,"!"
10161,"FS-0006_O","21*41*6.5","0M","SCN2 ","фото ",">100",10,"!"
10162,"F-00027X_O","21.5*31*6.5","7V1","GNB1W11 ","фото ",">100",10,"Ремонтный размер"
10163,"F-00284X_O","21.5*32*4/6","4V2","CNB3 ","фото ",">100",10,"Ремонтный размер"
10164,"F-00796X_O","21.5*34*8 ","7V1","CNB1W11","фото ",">100",10,"Ремонтный размер"
10165,"F-00497X_O","21.5*34.3*7/12 ","4V2","GNB13W11","фото ",">100",10,"Ремонтный размер"
10166,"F-00381X_O","21.5*35*8","7V1","CNB1W11","фото ",">100",10,"Ремонтный размер"
10167,"F-00219X_O","21.5*35*8.5","7V1","CNB1W11","фото ",">100",10,"Ремонтный размер"
10168,"F-00670X_O","21.5*35*8.5","7V1","CNB1W11","фото ",">100",10,"Ремонтный размер"
10169,"F-00806X_O","21.5*35*9/10","7V1PM","CNB5W11 ","фото ",">100",10,"Ремонтный размер"
10170,"F-00948X_O","21.5*35*9/10","7V1PM","CNB5W11 ","фото ",">100",10,"Ремонтный размер"
10171,"F-00283X_O","21.5*35*10/15.4 ","7V3","GNB7 ","фото ",">100",10,"Ремонтный размер"
10172,"F-00494X_O","21.5*35.4*8.2","7V2","GNBW11 ","фото ",">100",10,"Ремонтный размер"
10173,"FS-0005_O","21.5*36*8","7V1","CNB1W11","фото ",">100",10,"Ремонтный размер"
10174,"F-00220X_O","21.5*36.5*8.5 ","7V1","CNB1W11","фото ",">100",10,"Ремонтный размер"
10175,"F-00512X_O","21.5*38.2*9","7V1","CNB1W11","фото ",">100",10,"Ремонтный размер"
10176,"F-00222X_O","21.5*38.2*9","7V1","CNB1W11","фото ",">100",10,"Ремонтный размер"
10177,"F-00221X_O","21.5*38.2*9","7V1","CNB1W11","фото ",">100",10,"Ремонтный размер"
10178,"F-00797X_O","21.5*38.2*9","7V1","CNB1W11","фото ",">100",10,"Ремонтный размер"
10179,"F-00672X_O","21.5*38.2*9","7V1","CNB1W11","фото ",">100",10,"Ремонтный размер"
10180,"F-00807X_O","21.5*38.2*13/14","7V1PM","CNB5W11","фото ",">100",10,"Ремонтный размер"
10181,"F-00949X_O","21.5*38.2*13/14","7V1PM","CNB5W11","фото ",">100",10,"Ремонтный размер"
10182,"F-00123X_O","21.5*39.4*10/12.5","7V3","CNB7","фото ",">100",10,"Ремонтный размер"
10183,"F-00027_O","22*31*6.5","0M","SC4 ","фото ",">100",10,"!"
10184,"F-00284_O","22*32*4/6.5","4V2","CNB3","фото ",">100",10,"!"
10185,"F-00069_O","22*32*5/5.5","1РМ","TG4P","фото ",">100",10,"!"
10186,"F-00193_O","22*32*5/5.5","1РМ","TG4P","фото ",">100",10,"!"
10187,"F-00680_O","22*32*5/5.5","1РМ","TG4P","фото ",">100",10,"!"
10188,"F-00759_O","22*32*5/5.5","1РМ","TG4P","фото ",">100",10,"!"
10189,"F-00890_O","22*32*5/5.5","1РМ","TG4P","фото ",">100",10,"!"
10190,"F-00938_O","22*32*5/5.5","1РМ","TG4P","фото ",">100",10,"!"
10191,"F-00098_O","22*32*7","7V2","CNB ","фото ",">100",10,"!"
10192,"F-00098M_O","22*32*7","7V1","CNB1W11 ","фото ",">100",10,"!"
10193,"F-00280_O","22*34*8","7V1","CNB1W11 ","фото ",">100",10,"!"
10194,"F-00796 _O","22*34*8","7V1","CNB1W11 ","фото ",">100",10,"!"
10195,"F-00018XX_O","22*34.3/38*4.3/8","6V2","CNB2","фото ",">100",10,"Ремонтный размер"
10196,"F-00035XX_O","22*34.3/38*4.3/8","6V2","CNB2","фото ",">100",10,"Ремонтный размер"
10197,"F-00441XX_O","22*34.3/38*4.3/8","6V2","CNB2","фото ",">100",10,"Ремонтный размер"
10198,"F-00642XX_O","22*34.3/38*4.3/8","6V2","CNB2","фото ",">100",10,"Ремонтный размер"
10199,"F-00497_O","22*34.3*7/12","4V2","GNB13W11","фото ",">100",10,"!"
10200,"F-00024XX_O","22*34.5*6.5","7V1","CNB1 ","фото ",">100",10,"Ремонтный размер"
10201,"F-00396XX_O","22*34.5*6.5","7V1","CNB1 ","фото ",">100",10,"Ремонтный размер"
10202,"F-00381_O","22*35*7","7V2","CNB ","фото ",">100",10,"!"
10203,"F-00219_O","22*35*8.5","7V1","CNB1W11","фото ",">100",10,"!"
10204,"F-00670_O","22*35*8.5","7V1","CNB1W11","фото ",">100",10,"!"
10205,"F-00806_O","22*35*9/10","7V1PM","CNB11W11","фото ",">100",10,"!"
10206,"F-00948_O","22*35*9/10","7V1PM","CNB11W11","фото ",">100",10,"!"
10207,"F-00283_O","22*35*10/15.4","7V3","CNB4 ","фото ",">100",10,"!"
10208,"F-00494_O","22*35.4*8","7V2","GNBW11 ","фото ",">100",10,"!"
10209,"FS-0007_O","22*36*8","7V1","CNB1W11 ","фото ",">100",10,"!"
10210,"F-00220_O","22*36.6*8","7V2","CNB ","фото ",">100",10,"!"
10211,"F-00223XX_O","22*37*8.5","7V2","CNB","фото ",">100",10,"Ремонтный размер"
10212,"F-00512_O","22*38.2*8","7V1","CNB1W11 ","фото ",">100",10,"!"
10213,"F-00222_O","22*38.2*8","7V2","CNAW11 ","фото ",">100",10,"!"
10214,"F-00221_O","22*38.2*8","7V2","CNAW11 ","фото ",">100",10,"!"
10215,"F-00797_O","22*38.2*9","7V1","CNB1W11 ","фото ",">100",10,"!"
10216,"F-00672_O","22*38.2*9","7V1","CNB1W11 ","фото ",">100",10,"!"
10217,"F-00807_O","22*38.2*13/14 ","7V1PM","CNB5W11 ","фото ",">100",10,"!"
10218,"F-00949_O","22*38.2*13/14 ","7V1PM","CNB5W11 ","фото ",">100",10,"!"
10219,"F-00513_O","22*38.5*8","7V1","CNB1W11","фото ",">100",10,"!"
10220,"F-00123_O","22*39.4*10/12.5","7V3","CNB7","фото ",">100",10,"!"
10221,"F-00748_O","22.2*31.75*6/7.5","1РМ","TC4W7","фото ",">100",10,"!"
10222,"F-00526_O","22.3*32.2*5/5.7 ","1РМ","TC4P","фото ",">100",10,"!"
10223,"F-00739X_O","22.5*32.5*6/8","4V2","CNB3 ","фото ",">100",10,"Ремонтный размер"
10224,"F-00440X_O","22.5*32.5*6/8","4V2","CNB3 ","фото ",">100",10,"Ремонтный размер"
10225,"F-00018X_O","22.5*34.2/38*3.2/8","6V2","CNB2 ","фото ",">100",10,"Ремонтный размер"
10226,"F-00035X_O","22.5*34.3/38*4.3/8","6V2","CNB2 ","фото ",">100",10,"Ремонтный размер"
10227,"F-00441X_O","22.5*34.3/38*4.3/8","6V2","CNB2 ","фото ",">100",10,"Ремонтный размер"
10228,"F-00642X_O","22.5*34.3/38*4.3/8","6V2","CNB2 ","фото ",">100",10,"Ремонтный размер"
10229,"F-00016X_O","22.5*34.3/40*3.2/7.5","6V2","CNB2","фото ",">100",10,"Ремонтный размер"
10230,"F-00034X_O","22.5*34.3/40*3.2/7.5","6V2","CNB2","фото ",">100",10,"Ремонтный размер"
10231,"F-00024X_O","22.5*34.5*6.5","7V1","CNB1W11 ","фото ",">100",10,"Ремонтный размер"
10232,"F-00396X_O","22.5*34.5*6.5","7V1","CNB1W11 ","фото ",">100",10,"Ремонтный размер"
10233,"F-01179X_O","22.5*34.5*6.5","7V1","CNB1W11 ","фото ",">100",10,"Ремонтный размер"
10234,"F-00402X_O","22.5*38*9","7V1","CNB1W11 ","фото ",">100",10,"Ремонтный размер"
10235,"F-00499X_O","22.5*38*9","7V1","CNB1W11 ","фото ",">100",10,"Ремонтный размер"
10236,"F-00225X_O","22.5*41*8","7V1","CNB1W11 ","фото ",">100",10,"Ремонтный размер"
10237,"F-00292X_O","22.5*41*8.5","7V1","CNB1W11 ","фото ",">100",10,"Ремонтный размер"
10238,"F-00926X_O","22.5*41*8.5","7V1","CNB1W11 ","фото ",">100",10,"Ремонтный размер"
10239,"F-00901_O","22.8*33.5*6","7V2","CNB","фото ",">100",10,"!"
10240,"F-00865_O","23*29.8*4.5","0M","SC","фото ",">100",10,"!"
10241,"F-00019_O","23*29.8*4.5","0M","SC","фото ",">100",10,"!"
10242,"F-00739_O","23*32.5*6/8","4V2","GNB3","фото ",">100",10,"!"
10243,"F-00440_O","23*32.5*6/8","4V2","GNB3","фото ",">100",10,"!"
10244,"FS-0009_O","23*33*5/5.5","1РМ","TG4P ","фото ",">100",10,"!"
10245,"F-00028XX_O","23*33*8","7V1","CNB1W11","фото ",">100",10,"Ремонтный размер"
10246,"F-00936_O","23*33.5*6","7V2","CNB","фото ",">100",10,"!"
10247,"F-00097_O","23*34*6.5","0M"," SC4 ","фото ",">100",10,"!"
10248,"F-00018_O","23*34.3/38*3.2/7.4","6V2","CNB2","фото ",">100",10,"!"
10249,"F-00035_O","23*34.3/38*3.2/7.4","6V2","CNB2","фото ",">100",10,"!"
10250,"F-00441_O","23*34.3/38*3.2/7.4","6V2","CNB2","фото ",">100",10,"!"
10251,"F-00642_O","23*34.3/38*3.2/7.4","6V2","CNB2","фото ",">100",10,"!"
10252,"F-00016_O","23*34.3/40.2*3.2/7.5","6V2","CNB2 ","фото ",">100",10,"!"
10253,"F-00034_O","23*34.3/40.2*3.2/7.5","6V2","CNB2 ","фото ",">100",10,"!"
10254,"F-00012_O","23*34.5*6.5","7V2","CNB","фото ",">100",10,"!"
10255,"F-00024_O","23*34.5*6.5","7V2","CNB","фото ",">100",10,"!"
10256,"F-00024M_O","23*34.5*8","7V1","CNB1W11 ","фото ",">100",10,"!"
10257,"F-00396_O","23*34.5*6.5","7V2","CNB","фото ",">100",10,"!"
10258,"F-00396M_O","23*34.5*8","7V1","CNB1W11 ","фото ",">100",10,"!"
10259,"F-01179_O","23*34.5*6.5","7V2","CNB","фото ",">100",10,"!"
10260,"F-01179M_O","23*34.5*8","7V1","CNB1W11 ","фото ",">100",10,"!"
10261,"F-00916_O","23*35*6.5","1РМ","TC4","фото ",">100",10,"!"
10262,"F-00194_O","23*35*6.5","1РМ","TC4","фото ",">100",10,"!"
10263,"F-00360XX_O","23*36.5*8.5","7V1","CNB1W11","фото ",">100",10,"Ремонтный размер"
10264,"F-00226XX_O","23*36.5*8.5","7V1","CNB1W11","фото ",">100",10,"Ремонтный размер"
10265,"F-00226XX_O","23*36.5*8.5","7V2","CNB","фото ",">100",10,"Ремонтный размер"
10266,"F-00223_O","23*37*8.5","7V2","CNB","фото ",">100",10,"!"
10267,"F-00195_O","23*38*7","0M","SC4 ","фото ",">100",10,"!"
10268,"F-00402_O","23*38*9","7V1","CNB1W11","фото ",">100",10,"!"
10269,"F-00499_O","23*38*9","7V1","CNB1W11","фото ",">100",10,"!"
10270,"F-00090XX_O","23*39*8.5","7V2","CNB","фото ",">100",10,"Ремонтный размер"
10271,"F-00224_O","23*40*9","7V2","CNB","фото ",">100",10,"!"
10272,"F-00292_O","23*41*8","7V2","CNB","фото ",">100",10,"!"
10273,"F-00292M_O","23*41*8.5","7V1","CNB1W11","фото ",">100",10,"!"
10274,"F-00926_O","23*41*8.5","7V1","CNB1W11","фото ",">100",10,"!"
10275,"F-00225_O","23*41*8","7V2","CNB","фото ",">100",10,"!"
10276,"F-00225M_O","23*41*8.5","7V1","CNB1W11","фото ",">100",10,"!"
10277,"F-00079_O","23*48.5*7.5","7V2","CNB","фото ",">100",10,"!"
10278,"F-00032_O","23.3*29.8*4.5","0M","SC","фото ",">100",10,"!"
10279,"F-00036_O","23.3*29.8*4.5","0M","SC","фото ",">100",10,"!"
10280,"F-00296_O","23.3*29.8*4/6.7","4V2","SC2","фото ",">100",10,"!"
10281,"F-00118_O","23.35*29.8*4.5","0M","SC","фото ",">100",10,"!"
10282,"F-00758_O","23.35*29.8*4.5","0M","SC","фото ",">100",10,"!"
10283,"F-01065_O","23.35*29.8*4.5","0M","SC","фото ",">100",10,"!"
10284,"F-00082_O","23.35*29.8*1.7/4.5","4V2","SC2","фото ",">100",10,"!"
10285,"F-00086_O","23.35*29.8*4/6.7","4V2","SC2","фото ",">100",10,"!"
10286,"F-00130_O","23.35*29.8*4/6.7","4V2","SC2","фото ",">100",10,"!"
10287,"F-00590_O","23.35*37.5*5.5","0M","SC4 ","фото ",">100",10,"!"
10288,"F-00820_O","23.5*32.5*5/5.5 ","1РМ","TG4P","фото ",">100",10,"!"
10289,"F-00927_O","23.5*32.5*5/5.5 ","1РМ","TG4P","фото ",">100",10,"!"
10290,"F-00837_O","23.5*32.5*5.3/6","1РМ","TC4P ","фото ",">100",10,"!"
10291,"F-00028X _O","23.5*33*7","7V1","CNB1W11 ","фото ",">100",10,"Ремонтный размер"
10292,"F-00763_O","23.5*33.5*6","7V2","CNB","фото ",">100",10,"!"
10293,"F-00285X_O","23.5*34*6","7V2G","CNB15","фото ",">100",10,"Ремонтный размер"
10294,"F-00236X_O","23.5*34*7","7V1","CNB1W11","фото ",">100",10,"Ремонтный размер"
10295,"F-00651X_O","23.5*35*8.5","7V1","CNB1W11 ","фото ",">100",10,"Ремонтный размер"
10296,"F-00783X _O","23.5*35*8.5","7V1","CNB1W11 ","фото ",">100",10,"Ремонтный размер"
10297,"F-00831X_O","23.5*35*8.5","7V1","CNB1W11 ","фото ",">100",10,"Ремонтный размер"
10298,"F-00198X_O","23.5*36*7","7V1","CNB1W11 ","фото ",">100",10,"Ремонтный размер"
10299,"F-00601X_O","23.5*36/37*8.5/17.7 ","6V2MA","CNB10","фото ",">100",10,"Ремонтный размер"
10300,"F-00476X_O","23.5*36/37*8.5/17.7 ","6V2MA","CNB10","фото ",">100",10,"Ремонтный размер"
10301,"F-00445X_O","23.5*36/37*15/17","7V3","CNB7","фото ",">100",10,"Ремонтный размер"
10302,"F-00360X_O","23.5*36.5*8","7V1","CNB1W11 ","фото ",">100",10,"Ремонтный размер"
10303,"F-01021X_O","23.5*36.5*8","7V1","CNB1W11 ","фото ",">100",10,"Ремонтный размер"
10304,"F-00226X_O","23.5*36.5*8","7V1","CNB1W11 ","фото ",">100",10,"Ремонтный размер"
10305,"F-00833X_O","23.5*36.5*8","7V1","CNB1W11 ","фото ",">100",10,"Ремонтный размер"
10306,"F-00966X_O","23.5*36.5*9/10","7V1PM","CNB5W11 ","фото ",">100",10,"Ремонтный размер"
10307,"F-00095X_O","23.5*37*8.5","7V1","CNB1W11 ","фото ",">100",10,"Ремонтный размер"
10308,"F-00652X_O","23.5*37*8.5","7V1","CNB1W11 ","фото ",">100",10,"Ремонтный размер"
10309,"F-00933_O","23.5*37*8.5","7V1","CNB1W11 ","фото ",">100",10,"!"
10310,"F-00830X_O","23.5*37*8.5","7V1","CNB1W11 ","фото ",">100",10,"Ремонтный размер"
10311,"F-00121X_O","23.5*37*8.5","7V1","CNB1W11 ","фото ",">100",10,"Ремонтный размер"
10312,"F-00077X_O","23.5*37*14.5/20","4A","SB2 ","фото ",">100",10,"Ремонтный размер"
10313,"F-00612X_O","23.5*38*8","7V1","CNB1W11 ","фото ",">100",10,"Ремонтный размер"
10314,"F-00829X_O","23.5*38*8","7V1","CNB1W11 ","фото ",">100",10,"Ремонтный размер"
10315,"F-00238X _O","23.5*38*12.5","7V1","CNB4W11","фото ",">100",10,"Ремонтный размер"
10316,"F-00716X_O","23.5*38.2*8.5","7V1","CNB1W11 ","фото ",">100",10,"Ремонтный размер"
10317,"F-00543X_O","23.5*38.2*8.5","7V1","CNB1W11 ","фото ",">100",10,"Ремонтный размер"
10318,"F-01039X_O","23.5*38.2*8.5","7V1","CNB1W11 ","фото ",">100",10,"Ремонтный размер"
10319,"F-00229X_O","23.5*38.2*8.5","7V1","CNB1W11 ","фото ",">100",10,"Ремонтный размер"
10320,"F-01018X_O","23.5*38.5*9/10","7V1PM","CNB5W11 ","фото ",">100",10,"Ремонтный размер"
10321,"F-01092X_O","23.5*39*8.5","7V1","CNB1W11 ","фото ",">100",10,"Ремонтный размер"
10322,"F-00474X_O","23.5*39*8.5","7V1","CNB1W11 ","фото ",">100",10,"Ремонтный размер"
10323,"F-00397X_O","23.5*39/44*8.5/16","7V2","CNB14 ","фото ",">100",10,"Ремонтный размер"
10324,"F-01129X_O","23.5*39/44*8.5/20.5 ","7V2","CNB14 ","фото ",">100",10,"Ремонтный размер"
10325,"F-00919X_O","23.5*39/44*8.5/20.5 ","7V2","CNB14 ","фото ",">100",10,"Ремонтный размер"
10326,"F-00228X_O","23.5*40*8","7V2","CNB","фото ",">100",10,"Ремонтный размер"
10327,"F-00230X_O","23.5*40*8.5","7V2","CNB","фото ",">100",10,"Ремонтный размер"
10328,"F-00231X_O","23.5*41*8.5","7V1","CNB1W11 ","фото ",">100",10,"Ремонтный размер"
10329,"F-00878X_O","23.5*41*8.5 ","7V2","CNBW11","фото ",">100",10,"Ремонтный размер"
10330,"F-00917X_O","23.5*41*8.5","7V1","CNB1W11 ","фото ",">100",10,"Ремонтный размер"
10331,"F-00232X_O","23.5*42*8.5","7V1","CNB1W11","фото ",">100",10,"Ремонтный размер"
10332,"F-00233X_O","23.5*42*8.5","7V1","CNB1W11","фото ",">100",10,"Ремонтный размер"
10333,"F-00407X_O","23.5*42*8.5","7V1","CNB1W11","фото ",">100",10,"Ремонтный размер"
10334,"F-00426X_O","23.5*42*8.5","7V1","CNB1W11","фото ",">100",10,"Ремонтный размер"
10335,"F-00965X_O","23.5*42.5*9/10","7V1PM","CNB11W11","фото ",">100",10,"Ремонтный размер"
10336,"F-00234X_O","23.5*43*8.5","7V2","CNBW11 ","фото ",">100",10,"Ремонтный размер"
10337,"F-00599X_O","23.5*43*8.5","7V1","CNB1W11 ","фото ",">100",10,"Ремонтный размер"
10338,"FS-0008_O","23.5*48*8.5","7V1","CNB1W11","фото ",">100",10,"!"
10339,"F-00941X_O","23.5*50*9","7V1","CNB1W11","фото ",">100",10,"Ремонтный размер"
10340,"F-00089_O","24*33*5/5.5 ","1РМ","TG4P","фото ",">100",10,"!"
10341,"F-00028 _O","24*33*7","0M","SC4 ","фото ",">100",10,"!"
10342,"F-00285_O","24*34*6","7V2G","CNB15","фото ",">100",10,"!"
10343,"F-00236_O","24*34*7 ","7V2","CNB","фото ",">100",10,"!"
10344,"FS-0011_O","24*35*8.5 ","7V2","CNBW11","фото ",">100",10,"!"
10345,"F-00783_O","24*35*8.5 ","7V1","CNB1W11","фото ",">100",10,"!"
10346,"F-00651_O","24*35*8.5 ","7V1","CNB1W11","фото ",">100",10,"!"
10347,"F-00831_O","24*35*8.5 ","7V1","CNB1W11","фото ",">100",10,"!"
10348,"F-00239_O","24*35*12 ","7V1","CNB4W11","фото ",">100",10,"!"
10349,"F-00738_O","24*35/39*9/13.7","6V2","GNB26 ","фото ",">100",10,"!"
10350,"F-00198_O","24*36*7 ","7V2","CNB","фото ",">100",10,"!"
10351,"F-00295_O","24*36*7 ","1РМ","TC4","фото ",">100",10,"!"
10352,"F-00496_O","24*36*7 ","1РМ","TC4","фото ",">100",10,"!"
10353,"F-00476_O","24*36/37*8.5/17.7","6V2MA","CNB10","фото ",">100",10,"!"
10354,"F-00601_O","24*36/37*8.5/17.7","6V2MA","CNB10","фото ",">100",10,"!"
10355,"F-00237_O","24*36.2*8 ","7V2","CNB","фото ",">100",10,"!"
10356,"F-00360_O","24*36.5*7.5 ","7V1","CNB1W11","фото ",">100",10,"!"
10357,"F-01021_O","24*36.5*7.5 ","7V1","GNB1W11","фото ",">100",10,"!"
10358,"F-00226_O","24*36.5*8 ","7V2","CNA","фото ",">100",10,"!"
10359,"F-00226M_O","24*36.5*8.5","7V1","CNB1W11","фото ",">100",10,"!"
10360,"F-00833_O","24*36.5*8.5","7V1","CNB1W11","фото ",">100",10,"!"
10361,"F-00966_O","24*36.5*9/10 ","7V1PM","CNB11W11","фото ",">100",10,"!"
10362,"F-00287_O","24*36.5*12","7V2","CNB4W11","фото ",">100",10,"!"
10363,"F-01158_O","24*37*7","0M","SGN1 ","фото ",">100",10,"!"
10364,"F-00048_O","24*37*7","0M","SGN1 ","фото ",">100",10,"!"
10365,"F-00095_O","24*37*8 ","7V2","CNA","фото ",">100",10,"!"
10366,"F-00095M_O","24*37*8","7V1","CNB1W11","фото ",">100",10,"!"
10367,"F-00830_O","24*37*8","7V1","CNB1W11","фото ",">100",10,"!"
10368,"F-00652_O","24*37*8","7V1","CNB1W11","фото ",">100",10,"!"
10369,"F-00121_O","24*37*8.5 ","7V2","CNA","фото ",">100",10,"!"
10370,"F-00077_O","24*37*14.5/20 ","4A","SB2 ","фото ",">100",10,"!"
10371,"F-00445_O","24*37*15/17","7V3","CNB7","фото ",">100",10,"!"
10372,"F-00243XX_O","24*37.6*6.5","7V1","CNB1W11","фото ",">100",10,"Ремонтный размер"
10373,"F-00014XX_O","24*37.6*6.5","7V1","CNB1W11","фото ",">100",10,"Ремонтный размер"
10374,"F-00038XX_O","24*37.6*6.5","7V1","CNB1W11","фото ",">100",10,"Ремонтный размер"
10375,"F-00227_O","24*37.6*6.5","7V1","CNB1W11","фото ",">100",10,"!"
10376,"F-00911XX_O","24*37.7/41.3*4.2/7.4","6V2","CNB2","фото ",">100",10,"Ремонтный размер"
10377,"F-00485XX_O","24*37.7/41.3*4.2/7.4","6V2","CNB2","фото ",">100",10,"Ремонтный размер"
10378,"F-00015XX_O","24*37.7/41.3*4.2/7.4","6V2","CNB2","фото ",">100",10,"Ремонтный размер"
10379,"F-00764XX_O","24*37.7/41.3*4.2/7.4","6V2","CNB2","фото ",">100",10,"Ремонтный размер"
10380,"F-00369XX_O","24*37.7/41.3*4.2/7.4","6V2","CNB2","фото ",">100",10,"Ремонтный размер"
10381,"F-00467XX_O","24*37.7/41.3*4.2/7.4","6V2","CNB2","фото ",">100",10,"Ремонтный размер"
10382,"F-00023XX_O","24*37.7/41.3*4.2/7.4","6V2","CNB2","фото ",">100",10,"Ремонтный размер"
10383,"F-00387_O","24*38*7 ","0M","SG4P","фото ",">100",10,"!"
10384,"F-00387M_O","24*38*7 ","0M","SCH4","фото ",">100",10,"!"
10385,"F-00612_O","24*38*8","7V1","CNB1W11 ","фото ",">100",10,"!"
10386,"FS-0012_O","24*38*10.5","7V2","CNB","фото ",">100",10,"!"
10387,"F-00238 _O","24*38*12.5","7V1","CNB4W11 ","фото ",">100",10,"!"
10388,"F-00829_O","24*38.2*8","7V1","CNB1W11 ","фото ",">100",10,"!"
10389,"F-00716_O","24*38.2*8","7V1","CNB1W11 ","фото ",">100",10,"!"
10390,"F-00543_O","24*38.2*8","7V1","CNB1W11","фото ",">100",10,"!"
10391,"F-01039_O","24*38.2*8","7V1","CNB1W11","фото ",">100",10,"!"
10392,"F-00229_O","24*38.2*8","7V1","CNB1W11","фото ",">100",10,"!"
10393,"F-01018_O","24*38.5*9/10 ","7V1PM","CNB11W11","фото ",">100",10,"!"
10394,"F-00488XX_O","24*38.5/45*4/10","6V2","GNB2","фото ",">100",10,"Ремонтный размер"
10395,"F-01092_O","24*39*8.5 ","7V2","CNA","фото ",">100",10,"!"
10396,"F-01092M_O","24*39*8.5 ","7V1","CNB1W11","фото ",">100",10,"!"
10397,"F-00474_O","24*39*8.5 ","7V1","CNB1W11","фото ",">100",10,"!"
10398,"F-00090_O","24*39*8.5","7V2","CNA","фото ",">100",10,"!"
10399,"F-00090M_O","24*39*8.5 ","7V1","CNB1W11","фото ",">100",10,"!"
10400,"F-00397_O","24*39*8.5/16.5","7V2","CNB14","фото ",">100",10,"!"
10401,"F-01129_O","24*39/44*8.5/20.5","7V2","CNB14","фото ",">100",10,"!"
10402,"F-00919_O","24*39/44*8.5/20.5","7V2","CNB14","фото ",">100",10,"!"
10403,"F-00717_O","24*39.5*7","7V1","CNB1W11 ","фото ",">100",10,"!"
10404,"F-01009_O","24*40*8","7V1","CNB1W11","фото ",">100",10,"!"
10405,"F-00228_O","24*40*8","7V1","CNB1W11","фото ",">100",10,"!"
10406,"F-00240_O","24*40*8","7V1","CNB1W11","фото ",">100",10,"!"
10407,"F-00668_O","24*40*8","7V1","CNB1W11","фото ",">100",10,"!"
10408,"F-00983_O","24*40*8","7V1","CNB1W11","фото ",">100",10,"!"
10409,"F-00230_O","24*40*8 ","7V2","CNB","фото ",">100",10,"!"
10410,"F-00230M_O","24*40*8","7V1","CNB1W11","фото ",">100",10,"!"
10411,"F-01117_O","24*40.3*9/10","7V1P ","CNB11W11","фото ",">100",10,"!"
10412,"F-00291_O","24*41*12.5 ","7V1","CNB1W11","фото ",">100",10,"!"
10413,"F-00231_O","24*41*8.5 ","7V1","CNA1","фото ",">100",10,"!"
10414,"F-00515_O","24*41*8.5 ","7V2","CNBW11","фото ",">100",10,"!"
10415,"F-00515M_O","24*41*8.5 ","7V1","CNA1","фото ",">100",10,"!"
10416,"F-00878_O","24*41*8.5 ","7V1","CNA1","фото ",">100",10,"!"
10417,"F-00917_O","24*41*8.5 ","7V1","CNA1","фото ",">100",10,"!"
10418,"F-00233_O","24*42*8","7V1","CNB1W11","фото ",">100",10,"!"
10419,"F-00407_O","24*42*8","7V1","CNB1W11","фото ",">100",10,"!"
10420,"F-00426_O","24*42*8","7V1","CNB1W11","фото ",">100",10,"!"
10421,"F-00232_O","24*42*8","7V1","CNB1W11","фото ",">100",10,"!"
10422,"F-00818_O","24*42.5*8.5","7V1","CNB1W11","фото ",">100",10,"!"
10423,"F-00965_O","24*42.5*9/10","7V1PM","CNB11W11","фото ",">100",10,"!"
10424,"F-00171_O","24*42.5*13/14","7V1PM","CNB5W11","фото ",">100",10,"!"
10425,"F-00234_O","24*43*7","7V1","CNB1W11","фото ",">100",10,"!"
10426,"F-00099_O","24*43*8.5 ","1РМ","TZ4","фото ",">100",10,"!"
10427,"F-00599_O","24*43*8.5 ","7V1","CNB1","фото ",">100",10,"!"
10428,"FS-0013_O","24*43*13","7V1","CNB1W11","фото ",">100",10,"!"
10429,"FS-0014_O","24*44*8","7V2","CNB","фото ",">100",10,"!"
10430,"F-01096_O","24*45*12.5","7V1","CNB1W11","фото ",">100",10,"!"
10431,"F-01099_O","24*46*8","7V1","CNB1W11","фото ",">100",10,"!"
10432,"F-00941_O","24*50*9","7V1","CNB1W11 ","фото ",">100",10,"!"
10433,"F-00072X_O","24.5*33/37.5*6.7/8","6V3","CNB16 ","фото ",">100",10,"Ремонтный размер"
10434,"F-00135X_O","24.5*35*4/6.5","4V2","CNB3","фото ",">100",10,"Ремонтный размер"
10435,"F-00724X_O","24.5*35*4/6.5","4V2","CNB3","фото ",">100",10,"Ремонтный размер"
10436,"F-00406X_O","24.5*35*4/6.5","4V2","CNB3","фото ",">100",10,"Ремонтный размер"
10437,"F-00107X_O","24.5*35/40*1.7/10","6V3","CNB16","фото ",">100",10,"Ремонтный размер"
10438,"F-00423X_O","24.5*36*8.5","7V1","CNB1W11 ","фото ",">100",10,"Ремонтный размер"
10439,"FS-0010_O","24.5*36.5*7.5","7V2","CNB","фото ",">100",10,"!"
10440,"F-00071X_O","24.5*37*7","7V1","CNB1W11 ","фото ",">100",10,"Ремонтный размер"
10441,"F-00713X_O","24.5*37*7","7V1","CNB1W11 ","фото ",">100",10,"Ремонтный размер"
10442,"F-00243X_O","24.5*37.54*7.5 ","7V1","CNB1W11","фото ",">100",10,"Ремонтный размер"
10443,"F-00014X_O","24.5*37.54*7.5 ","7V1","CNB1W11","фото ",">100",10,"Ремонтный размер"
10444,"F-00038X_O","24.5*37.54*7.5 ","7V1","CNB1W11","фото ",">100",10,"Ремонтный размер"
10445,"F-00911X_O","24.5*37.54/41.24*4.2/7.4 ","6V2","CNB2","фото ",">100",10,"Ремонтный размер"
10446,"F-00485X_O","24.5*37.54/41.24*4.2/7.4 ","6V2","CNB2","фото ",">100",10,"Ремонтный размер"
10447,"F-00015X_O","24.5*37.54/41.24*4.2/7.4 ","6V2","CNB2","фото ",">100",10,"Ремонтный размер"
10448,"F-00764X_O","24.5*37.54/41.24*4.2/7.4 ","6V2","CNB2","фото ",">100",10,"Ремонтный размер"
10449,"F-00369X_O","24.5*37.54/41.24*4.2/7.4 ","6V2","CNB2","фото ",">100",10,"Ремонтный размер"
10450,"F-00467X_O","24.5*37.54/41.24*4.2/7.4 ","6V2","CNB2","фото ",">100",10,"Ремонтный размер"
10451,"F-00023X_O","24.5*37.54/41.24*4.2/7.4 ","6V2","CNB2","фото ",">100",10,"Ремонтный размер"
10452,"F-00448X_O","24.5*38*7 ","7V1","CNB1W11","фото ",">100",10,"Ремонтный размер"
10453,"F-00281X_O","24.5*38*7 ","7V1","CNB1W11","фото ",">100",10,"Ремонтный размер"
10454,"F-00070X_O","24.5*38*7 ","7V1","CNB1W11","фото ",">100",10,"Ремонтный размер"
10455,"F-00488X_O","24.5*38.5/45*4/10","6V2","GNB2W11 ","фото ",">100",10,"Ремонтный размер"
10456,"F-00129X_O","24.5*39.3*10/12.6","7V3","CNB7","фото ",">100",10,"Ремонтный размер"
10457,"F-00246X_O","24.5*39.3*10/12.6","7V3","CNB7","фото ",">100",10,"Ремонтный размер"
10458,"F-00094X_O","24.5*39.5*8.5","7V1","CNB1W11 ","фото ",">100",10,"Ремонтный размер"
10459,"F-00935X_O","24.5*40*8","7V1","CNB1W11 ","фото ",">100",10,"Ремонтный размер"
10460,"F-00106X_O","24.5*40*8","7V1","CNB1W11 ","фото ",">100",10,"Ремонтный размер"
10461,"F-00288X_O","24.5*41*8","7V1","CNB1W11 ","фото ",">100",10,"Ремонтный размер"
10462,"F-00669X_O","24.5*41*9","7V1","CNB1W11 ","фото ",">100",10,"Ремонтный размер"
10463,"F-00534X_O","24.5*41.5*7.5 ","7V1","CNB1W11","фото ",">100",10,"Ремонтный размер"
10464,"F-00120X_O","24.5*42.5*12","7V3","GNB7","фото ",">100",10,"Ремонтный размер"
10465,"F-00293X_O","24.5*43*9","7V1"," CNB1W11 ","фото ",">100",10,"Ремонтный размер"
10466,"F-00241X_O","24.5*43*9","7V1"," CNB1W11 ","фото ",">100",10,"Ремонтный размер"
10467,"F-00518X_O","24.5*43*9","7V1"," CNB1W11 ","фото ",">100",10,"Ремонтный размер"
10468,"F-00714X_O","24.5*43*9","7V1"," CNB1W11 ","фото ",">100",10,"Ремонтный размер"
10469,"F-00377X_O","24.5*44*9","7V1"," CNB1W11 ","фото ",">100",10,"Ремонтный размер"
10470,"F-00242X_O","24.5*48*10","7V1"," CNB1W11 ","фото ",">100",10,"Ремонтный размер"
10471,"F-00243X1_O","24.7*37.7*6.5 ","7V1","CNB1W11","фото ",">100",10,"Ремонтный размер"
10472,"F-00014X1_O","24.7*37.7*6.5 ","7V1","CNB1W11","фото ",">100",10,"Ремонтный размер"
10473,"F-00038X1_O","24.7*37.7*6.5 ","7V1","CNB1W11","фото ",">100",10,"Ремонтный размер"
10474,"F-00014_O","24.97*37.54*7","7V2","CNB","фото ",">100",10,"!"
10475,"F-00014M_O","24.97*37.54*7","7V1","CNB1W11","фото ",">100",10,"!"
10476,"F-00038_O","24.97*37.54*7","7V2","CNB","фото ",">100",10,"!"
10477,"F-00038M_O","24.97*37.54*7","7V1","CNB1W11","фото ",">100",10,"!"
10478,"F-00015_O","24.97*37.54/41.24*4.2/7.4","6V2","CNB2 ","фото ",">100",10,"!"
10479,"F-00911_O","24.97*37.54/41.24*4.2/7.4","6V2","CNB2 ","фото ",">100",10,"!"
10480,"F-00764_O","24.97*37.54/41.24*4.2/7.4","6V2","CNB2 ","фото ",">100",10,"!"
10481,"F-00072_O","25*33/37.5*6.7/8","6V3","CNB16T","фото ",">100",10,"!"
10482,"F-00613_O","25*33/37.5*6.7/8","6V2","CNB16","фото ",">100",10,"!"
10483,"F-00301_O","25*34*5","0M","SGN2W11","фото ",">100",10,"!"
10484,"F-00312_O","25*34*5","0M","SGN2W11","фото ",">100",10,"!"
10485,"F-00311_O","25*34*6/6.5","1РМ","TG4P","фото ",">100",10,"!"
10486,"F-00196_O","25*34*7","0M","SG4 ","фото ",">100",10,"!"
10487,"F-00422_O","25*34*7","0M","SG4P ","фото ",">100",10,"!"
10488,"F-00135_O","25*35*4/6.5","4V2","CNB3","фото ",">100",10,"!"
10489,"F-00406_O","25*35*4/6.5","4V2","CNB3","фото ",">100",10,"!"
10490,"F-00724_O","25*35*4/6.5","4V2","CNB3","фото ",">100",10,"!"
10491,"F-00696_O","25*35*6","1РМ","TCN1","фото ",">100",10,"!"
10492,"F-00009_O","25*35*6.9/7 ","1РМ","TGN11","фото ",">100",10,"!"
10493,"F-00199_O","25*35*7 ","0M","SC4","фото ",">100",10,"!"
10494,"F-00509_O","25*35*8 ","0M2","DC","фото ",">100",10,"!"
10495,"F-00245M_O","25*35*8","7V1","CNB1W11","фото ",">100",10,"!"
10496,"F-00245_O","25*35*8 ","7V2","CNB","фото ",">100",10,"!"
10497,"F-00631_O","25*35*8 ","0M2","DC","фото ",">100",10,"!"
10498,"F-00107_O","25*35/40*1.7/10","6V2","CNB16","фото ",">100",10,"!"
10499,"F-00530_O","25*36*5/5.5","1РМ","TC4P","фото ",">100",10,"!"
10500,"F-00423_O","25*36*8","7V2","CNB8","фото ",">100",10,"!"
10501,"FS-0018_O","25*36/41*3/9","6V2","GNB2","фото ",">100",10,"!"
10502,"F-00071 _O","25*37*7","7V2","CNB","фото ",">100",10,"!"
10503,"F-00071M _O","25*37*7","7V1","CNB1W11 ","фото ",">100",10,"!"
10504,"F-01166_O","25*37*9 ","7V1","CNB1W11","фото ",">100",10,"!"
10505,"F-00713_O","25*37*9 ","7V1","CNB1W11","фото ",">100",10,"!"
10506,"F-00093_O","25*37*9   ","7V1","CNB1W11 ","фото ",">100",10,"!"
10507,"F-00243_O","25*37.54*7","7V2","CNB","фото ",">100",10,"!"
10508,"F-00243M_O","25*37.54*7","7V1","CNB1W11","фото ",">100",10,"!"
10509,"F-00844_O","25*37.54*7","7V1","CNB1W11","фото ",">100",10,"!"
10510,"F-01222 _O","25*37.54/41.24*4.5/9.5","6V1","CNB2W11 ","фото ",">100",10,"!"
10511,"F-01042_O","25*37.54/41.24*4.5/9.5","6V1","CNB2W11 ","фото ",">100",10,"!"
10512,"F-00485_O","25*37.54/41.24*4.2/7.4","6V2","CNB2 ","фото ",">100",10,"!"
10513,"F-00369_O","25*37.54/41.24*4.2/7.4","6V2","CNB2 ","фото ",">100",10,"!"
10514,"F-00467_O","25*37.54/41.24*4.2/7.4","6V2","CNB2 ","фото ",">100",10,"!"
10515,"F-00023_O","25*37.54/41.24*4.2/7.4","6V2","CNB2 ","фото ",">100",10,"!"
10516,"F-00653_O","25*37.8*6.5","7V1","CNB1W11","фото ",">100",10,"!"
10517,"F-01175_O","25*37.8*6.5    ","7V1","CNB1W11","фото ",">100",10,"!"
10518,"F-00448_O","25*38*6.3","7V1","CNB1W11","фото ",">100",10,"!"
10519,"F-00070_O","25*38*7.3 ","7V2","CNB","фото ",">100",10,"!"
10520,"F-00070M_O","25*38*6.3 ","7V1","CNB1W11","фото ",">100",10,"!"
10521,"F-00031_O","25*38*7","0M","SC","фото ",">100",10,"!"
10522,"F-00096_O","25*38*7/8","1РМ","TC4","фото ",">100",10,"!"
10523,"F-01173_O","25*38*7/8","1PM","TC4","фото ",">100",10,"!"
10524,"F-01046_O","25*38*7.3 ","7V2","CNB","фото ",">100",10,"!"
10525,"F-00281_O","25*38*8.5 ","7V2","CNB","фото ",">100",10,"!"
10526,"F-00244_O","25*38*8.5 ","7V2","CNB","фото ",">100",10,"!"
10527,"F-00126_O","25*38*10/12.5","7V3","CNB7","фото ",">100",10,"!"
10528,"FS-0019_O","25*38/43*3/9","6V2","GNB2","фото ",">100",10,"!"
10529,"F-00527_O","25*38.2*10","7V1","GNB1W11","фото ",">100",10,"!"
10530,"F-00604_O","25*38.5/44.2*7/12.5","6V2","CNB2W11","фото ",">100",10,"!"
10531,"F-00488_O","25*38.5/45*4/10","6V2","GNB2W11","фото ",">100",10,"!"
10532,"F-00129_O","25*39.3*10/12.6","7V3","GNB7W11 ","фото ",">100",10,"!"
10533,"F-00246_O","25*39.3*10/12.6","7V3","GNB7W11 ","фото ",">100",10,"!"
10534,"F-00658_O","25*39.3*10/12.6","7V3","GNB7W11 ","фото ",">100",10,"!"
10535,"F-00524X_O","25*39.5*8","7V1","CNB1W11 ","фото ",">100",10,"Ремонтный размер"
10536,"F-00094_O","25*39.5*8.5","7V2","CNB","фото ",">100",10,
10537,"F-00094M_O","25*39.5*8","7V1","CNB1W11 ","фото ",">100",10,
10538,"F-00935_O","25*40*8.5","7V1","CNB1W11","фото ",">100",10,
10539,"F-00106_O","25*40*8.5","7V2","CNB","фото ",">100",10,
10540,"F-00731_O","25*40*10","0M2","DC","фото ",">100",10,
10541,"F-00819_O","25*40*10","0M2","DC","фото ",">100",10,
10542,"FS-0021_O","25*41*7.5 ","7V2","GNBW11","фото ",">100",10,
10543,"F-00288_O","25*41*8","7V2","CNB","фото ",">100",10,
10544,"F-00288M_O","25*41*8.5 ","7V1","CNB1W11","фото ",">100",10,
10545,"F-00253X_O","25*41*8.5 ","7V1","CNB1W11","фото ",">100",10,"Ремонтный размер"
10546,"F-00669_O","25*41*9  ","7V1","CNB1W11","фото ",">100",10,
10547,"F-00534_O","25*41.5*7.5 ","7V2","GNBW11","фото ",">100",10,
10548,"F-00534M_O","25*41.5*8","7V1","CNB1W11","фото ",">100",10,
10549,"F-00200_O","25*42*6.4/6.8","1PM","TC4P","фото ",">100",10,
10550,"F-00411_O","25*42*8.5","7V1","CNB1W11","фото ",">100",10,
10551,"F-00120_O","25*42.5*12.5","7V3","CNB7","фото ",">100",10,
10552,"FS-0022_O","25*42.5*8","7V2","CNB","фото ",">100",10,
10553,"F-00661_O","25*42.5*12.5","7V3","CNB7","фото ",">100",10,
10554,"F-00661M_O","25*42.5*12.5","7V1","CNB1W11","фото ",">100",10,
10555,"F-00293_O","25*43*9 ","7V2","CNB","фото ",">100",10,
10556,"F-00518_O","25*43*9 ","7V2","CNB","фото ",">100",10,
10557,"F-00518M_O","25*43*9 ","7V1","CNB1W11","фото ",">100",10,
10558,"F-00241_O","25*43*9 ","7V2","CNB","фото ",">100",10,
10559,"F-00241M_O","25*43*9 ","7V1","CNB1W11","фото ",">100",10,
10560,"F-00714_O","25*43*9 ","7V1","CNB1W11","фото ",">100",10,
10561,"F-00247X_O","25*44*8.5 ","7V2","CNBW11","фото ",">100",10,"Ремонтный размер"
10562,"F-00377 _O","25*44*8.5","7V1","CNB1W11","фото ",">100",10,
10563,"F-00282_O","25*45*8","7V2","CNB","фото ",">100",10,
10564,"F-00808_O","25*45*10/11.5","7V1PM","CNB11W11","фото ",">100",10,
10565,"F-00860_O","25*45*10/11.5","7V1PM","CNB11W11","фото ",">100",10,
10566,"F-00788_O","25*47*7 ","0M","SC","фото ",">100",10,
10567,"F-00242_O","25*48*10","7V1","CNB1W11 ","фото ",">100",10,
10568,"F-00826XX_O","25*50*8.5","7V1","CNB1W11","фото ",">100",10,"Ремонтный размер"
10569,"F-00025X_O","25.5*35*7","7V1","CNB1 ","фото ",">100",10,"Ремонтный размер"
10570,"F-00541X_O","25.5*38*8.5","7V2","CNB","фото ",">100",10,"Ремонтный размер"
10571,"F-00261X_O","25.5*38*8.5","7V2","CNB","фото ",">100",10,"Ремонтный размер"
10572,"F-00923X_O","25.5*38*8.5","7V1","CNB1W11 ","фото ",">100",10,"Ремонтный размер"
10573,"F-00371X_O","25.5*38*8.5","7V2","CNB","фото ",">100",10,"Ремонтный размер"
10574,"F-01170X_O","25.5*38*8.5","7V1","CNB1W11 ","фото ",">100",10,"Ремонтный размер"
10575,"F-00373X_O","25.5*38*12","7V1","CNB4W11 ","фото ",">100",10,"Ремонтный размер"
10576,"F-00535X_O","25.5*38/40*8.5/17.7","6V2MA","CNB10 ","фото ",">100",10,"Ремонтный размер"
10577,"F-00251_O","25.5*38.5*8.5","7V2","GNB","фото ",">100",10,
10578,"F-00399_O","25.5*38.5*8.5","7V2","GNB","фото ",">100",10,
10579,"F-00524_O","25.5*39.5*9","7V1","CNB1W11","фото ",">100",10,
10580,"F-00380X_O","25.5*40*8.5","7V1","CNB1W11 ","фото ",">100",10,"Ремонтный размер"
10581,"F-00262X_O","25.5*41*8.5","7V2","CNB","фото ",">100",10,"Ремонтный размер"
10582,"F-00592X_O","25.5*41*8.5","7V1","CNB1W11 ","фото ",">100",10,"Ремонтный размер"
10583,"F-00253_O","25.5*41*8.5","7V2","CNB","фото ",">100",10,
10584,"F-00253M_O","25.5*41*8.5","7V1","CNB1W11 ","фото ",">100",10,"Ремонтный размер"
10585,"FS-0015_O","25.5*41.5*8.5","7V2","CNB","фото ",">100",10,
10586,"F-00934X_O","25.5*42*8.5","7V1","CNB1W11 ","фото ",">100",10,"Ремонтный размер"
10587,"F-01107X_O","25.5*42*8.5","7V1","CNB1W11 ","фото ",">100",10,"Ремонтный размер"
10588,"F-00254_O","25.5*42*9","7V2","CNB","фото ",">100",10,
10589,"F-00254M_O","25.5*42*8.5","7V1","CNB1W11 ","фото ",">100",10,
10590,"F-00401X_O","25.5*42.5*8","7V1","GNB1W11","фото ",">100",10,"Ремонтный размер"
10591,"F-00255_O","25.5*42.5*8","7V2","CNB","фото ",">100",10,
10592,"F-00255M_O","25.5*42.5*8","7V1","GNB1W11","фото ",">100",10,
10593,"F-00447X_O","25.5*42.5*8","7V1","GNB1W11","фото ",">100",10,"Ремонтный размер"
10594,"F-01044_O","25.5*42.5*8","7V1","GNB1W11","фото ",">100",10,
10595,"FS-0016_O","25.5*42.5*13/14","7V1PM","CNB5W11","фото ",">100",10,"Ремонтный размер"
10596,"F-00952X_O","25.5*43*8","7V1","CNB1W11 ","фото ",">100",10,"Ремонтный размер"
10597,"F-00475X_O","25.5*43*8","7V1","CNB1W11 ","фото ",">100",10,"Ремонтный размер"
10598,"F-00542X_O","25.5*43*8","7V2","CNB","фото ",">100",10,"Ремонтный размер"
10599,"F-00813X_O","25.5*44*8.5","7V1","CNB1W11 ","фото ",">100",10,"Ремонтный размер"
10600,"F-00994X_O","25.5*44*8.5","7V1","CNB1W11 ","фото ",">100",10,"Ремонтный размер"
10601,"F-01138X_O","25.5*44*8.5","7V1","CNB1W11 ","фото ",">100",10,"Ремонтный размер"
10602,"F-00501X_O","25.5*44*8.5","7V1","CNB1W11 ","фото ",">100",10,"Ремонтный размер"
10603,"F-00544X_O","25.5*44*8.5","7V1","CNB1W11 ","фото ",">100",10,"Ремонтный размер"
10604,"FS-0017_O","25.5*44.5*8.5","7V2","CNB","фото ",">100",10,
10605,"F-00259X_O","25.5*45*8","7V2","CNB","фото ",">100",10,"Ремонтный размер"
10606,"F-00832X_O","25.5*45*8","7V1","CNB1W11","фото ",">100",10,"Ремонтный размер"
10607,"F-00780X_O","25.5*45.5*8.5","7V1","CNB1W11","фото ",">100",10,"Ремонтный размер"
10608,"F-00400X_O","25.5*46*8","7V1","CNB1W11","фото ",">100",10,"Ремонтный размер"
10609,"F-01176X_O","25.5*46*8","7V1","CNB1W11","фото ",">100",10,"Ремонтный размер"
10610,"F-00881X_O","25.5*46*8","7V1","CNB1W11","фото ",">100",10,"Ремонтный размер"
10611,"F-00930X_O","25.5*47*8.5","7V1","CNB1W11 ","фото ",">100",10,"Ремонтный размер"
10612,"F-00990X_O","25.5*47*8.5","7V1","CNB1W11 ","фото ",">100",10,"Ремонтный размер"
10613,"F-01019X_O","25.5*48*8.5","7V1","CNB1W11 ","фото ",">100",10,"Ремонтный размер"
10614,"F-01154X_O","25.5*48*8.5","7V1","CNB1W11 ","фото ",">100",10,"Ремонтный размер"
10615,"F-00826X_O","25.5*50*8.5","7V1","CNB1W11 ","фото ",">100",10,"Ремонтный размер"
10616,"F-00131_O","25.6*33.4*5.5/8.5","13P","TCY","фото ",">100",10,
10617,"F-00141_O","25.7*35.5*7/8","1РМ","TCN4","фото ",">100",10,
10618,"F-00520_O","26*34*4.5/7","1РМ","TC10","фото ",">100",10,
10619,"F-00339_O","26*35*4/8","4V2","SC2","фото ",">100",10,
10620,"F-00309_O","26*35*6","1РМ","TC4P","фото ",">100",10,
10621,"F-00025_O","26*35*7","0M","SC4","фото ",">100",10,
10622,"F-00483_O","26*35*7","0M","SC4","фото ",">100",10,
10623,"F-00303_O","26*35.5*6.8/7.3 ","1РМ","TG4P","фото ",">100",10,
10624,"F-00675_O","26*37*7 ","0M","SGN1","фото ",">100",10,
10625,"F-00047_O","26*37*7 ","0M","SGN1","фото ",">100",10,
10626,"F-00490_O","26*37*7 ","0M","SGN1","фото ",">100",10,
10627,"F-00124_O","26*37*7 ","0M","SGN1","фото ",">100",10,
10628,"F-00206_O","26*38*6.5 ","0M","SC4","фото ",">100",10,
10629,"F-00541_O","26*38*8.5 ","7V1","CNBW11","фото ",">100",10,
10630,"F-00923_O","26*38*8.5","7V1","CNB1W11","фото ",">100",10,
10631,"F-00261_O","26*38*8.5 ","7V2","CNBW11","фото ",">100",10,
10632,"F-00261M_O","26*38*8.5","7V1","CNB1W11","фото ",">100",10,
10633,"F-00371_O","26*38*8.5 ","7V2","CNBW11","фото ",">100",10,
10634,"F-00371M_O","26*38*8.5","7V1","CNB1W11","фото ",">100",10,
10635,"F-01170_O","26*38*8.5","7V1","CNB1W11","фото ",">100",10,
10636,"F-00545_O","26*38*8.5 ","7V2","CNBW11","фото ",">100",10,
10637,"F-00545M_O","26*38*8.5","7V1","CNB1W11","фото ",">100",10,
10638,"F-00812_O","26*38*9.5/10.5","7V1PM","CNB6","фото ",">100",10,
10639,"F-00373_O","26*38*12","7V2","CNB4W11","фото ",">100",10,
10640,"F-00535_O","26*38/40*8.5/17.7 ","6V2MA","CNB10","фото ",">100",10,
10641,"F-00694_O","26*39.5*8.5","7V1","CNB1W11 ","фото ",">100",10,
10642,"F-00380_O","26*40*8.5","7V1","CNB1W11 ","фото ",">100",10,
10643,"F-01141_O","26*40.5*9/10","7V1PM","CNB11W11 ","фото ",">100",10,
10644,"F-00262_O","26*41*8.5 ","7V2","CNB","фото ",">100",10,
10645,"F-00262M_O","26*41*8.5 ","7V1","CNB1W11","фото ",">100",10,
10646,"F-00592_O","26*41*8.5 ","7V1","CNB1W11","фото ",">100",10,
10647,"F-00258_O","26*41*12.5","7V2","CNB4W11","фото ",">100",10,
10648,"F-00583_O","26*41.5*8.5","7V1","CNB1W11 ","фото ",">100",10,
10649,"F-00695_O","26*41.5*8.5","7V1","CNB1W11 ","фото ",">100",10,
10650,"F-00934_O","26*42*8","7V1","CNB1W11","фото ",">100",10,
10651,"F-01107_O","26*42*8","7V1","CNB1W11","фото ",">100",10,
10652,"F-00401_O","26*42.5*8.5","7V1","CNB1W11","фото ",">100",10,
10653,"F-00447_O","26*42.5*8.5","7V1","CNB1W11","фото ",">100",10,
10654,"FS-0024_O","26*42.5*13/14","7V1PM","CNB5W11 ","фото ",">100",10,
10655,"F-00952_O","26*43*8.5 ","7V1","CNB1W11 ","фото ",">100",10,
10656,"F-00475_O","26*43*8.5 ","7V1","CNB1W11 ","фото ",">100",10,
10657,"F-00542_O","26*43*8","7V2","CNB","фото ",">100",10,
10658,"F-00542M_O","26*43*8.5 ","7V1","CNB1W11 ","фото ",">100",10,
10659,"F-00257_O","26*43*12.5","7V2","CNB4W11","фото ",">100",10,
10660,"F-00501_O","26*44*8 ","7V1","CNB1W11","фото ",">100",10,
10661,"F-00544_O","26*44*8 ","7V1","CNB1W11","фото ",">100",10,
10662,"F-01138_O","26*44*8 ","7V1","CNB1W11","фото ",">100",10,
10663,"F-00683X_O","26*44*8 ","7V1","CNB1W11","фото ",">100",10,"Ремонтный размер"
10664,"F-00922X_O","26*44*8 ","7V1","CNB1W11","фото ",">100",10,"Ремонтный размер"
10665,"F-00994_O","26*44*9/10","7V1PM","CNB11W11 ","фото ",">100",10,
10666,"F-00813_O","26*44*9/10","7V1PM","CNB11W11 ","фото ",">100",10,
10667,"FS-0025_O","26*44.5*8.5 ","7V1","CNB1W11","фото ",">100",10,
10668,"F-00259 _O","26*45*7","7V2","CNB","фото ",">100",10,
10669,"F-00259M _O","26*45*8.5","7V1","CNB1W11","фото ",">100",10,
10670,"F-00376_O","26*45*8.5","7V1","CNB1W11","фото ",">100",10,
10671,"F-00832_O","26*45*8.5","7V1","CNB1W11","фото ",">100",10,
10672,"F-00780_O","26*45.5*8.5","7V1","CNB1W11","фото ",">100",10,
10673,"F-00400_O","26*46*8","7V1","CNB1W11","фото ",">100",10,
10674,"F-00881_O","26*46*8","7V1","CNB1W11","фото ",">100",10,
10675,"F-01176_O","26*46*8","7V1","CNB1W11","фото ",">100",10,
10676,"F-00930_O","26*47*8.5","7V1","CNB1W11","фото ",">100",10,
10677,"F-00990_O","26*47*8.5","7V1","CNB1W11","фото ",">100",10,
10678,"F-01154_O","26*48*8.5","7V1","CNB1W11 ","фото ",">100",10,
10679,"F-01019_O","26*48*8.5","7V1","CNB1W11 ","фото ",">100",10,
10680,"F-00826_O","26*50*8.5","7V1","CNB1W11","фото ",">100",10,
10681,"F-00859_O","26.5*37*3.5/7","0M","SCN2P","фото ",">100",10,
10682,"F-00839X_O","26.5*40*8.5","7V1","CNB1W11 ","фото ",">100",10,"Ремонтный размер"
10683,"F-00821X_O","26.5*40*8.5","7V1","CNB1W11 ","фото ",">100",10,"Ремонтный размер"
10684,"F-00265X_O","26.5*41*8.5","7V1","CNB1W11 ","фото ",">100",10,"Ремонтный размер"
10685,"F-00877X_O","26.5*41*8.5","7V1","CNB1W11 ","фото ",">100",10,"Ремонтный размер"
10686,"FS-0023_O","26.5*42.5*8","7V1","CNB1W11","фото ",">100",10,"Ремонтный размер"
10687,"F-00266X_O","26.5*43*8.5","7V1","CNB1W11 ","фото ",">100",10,"Ремонтный размер"
10688,"F-00264_O","26.5*44*8","7V1","GNB1W11","фото ",">100",10,"Ремонтный размер"
10689,"F-00263_O","26.5*44*8","7V1","GNB1W11","фото ",">100",10,
10690,"F-00267X_O","26.5*44*8","7V1","GNB1W11","фото ",">100",10,"Ремонтный размер"
10691,"F-00683_O","26.5*44*8","7V1","GNB1W11","фото ",">100",10,
10692,"F-00922_O","26.5*44*8","7V1","GNB1W11","фото ",">100",10,
10693,"F-01028X_O","26.5*45*10/12.5","7V3","GNB7W11 ","фото ",">100",10,"Ремонтный размер"
10694,"F-00838X_O","26.5*45.5*10/12.7","7V3","GNB7W11 ","фото ",">100",10,"Ремонтный размер"
10695,"F-00986X_O","26.5*46*8.5","7V1","CNB1W11 ","фото ",">100",10,"Ремонтный размер"
10696,"F-01054X_O","26.5*46*8.5","7V1","CNB1W11 ","фото ",">100",10,"Ремонтный размер"
10697,"F-00671X_O","26.5*46*8.5","7V1","CNB1W11 ","фото ",">100",10,"Ремонтный размер"
10698,"F-00825X_O","26.5*46*8.5","7V1","CNB1W11 ","фото ",">100",10,"Ремонтный размер"
10699,"F-00931X_O","26.5*47*9","7V1","CNB1W11 ","фото ",">100",10,"Ремонтный размер"
10700,"F-00367_O","27*36*5.5","0M","SC4","фото ",">100",10,
10701,"F-00101_O","27*37*3.5/7","0M","SCN5","фото ",">100",10,
10702,"F-00408_O","27*38*5.5","0M","SC4","фото ",">100",10,
10703,"F-00811_O","27*38*6.5","0M","SZN1","фото ",">100",10,
10704,"F-00589XX_O","27*38*7","7V1","CNB1W11","фото ",">100",10,"Ремонтный размер"
10705,"F-01048XX_O","27*38*7","7V1","CNB1W11","фото ",">100",10,"Ремонтный размер"
10706,"F-00765X_O","27*38*7","7V1","CNB1W11","фото ",">100",10,"Ремонтный размер"
10707,"F-00378XX_O","27*38*8","7V3","CNB7","фото ",">100",10,"Ремонтный размер"
10708,"F-00589XX_O","27*38*8","7V2","CNB","фото ",">100",10,"Ремонтный размер"
10709,"F-00492XX_O","27*39*15","7V2","CNB9","фото ",">100",10,"Ремонтный размер"
10710,"F-00057XX_O","27*39.6*6.5","7V1","CNB1W11 ","фото ",">100",10,"Ремонтный размер"
10711,"F-00022XX_O","27*39.6*6.5","7V1","CNB1W11 ","фото ",">100",10,"Ремонтный размер"
10712,"F-00839_O","27*40*8","7V1","CNB1W11","фото ",">100",10,
10713,"F-00821_O","27*40*8.5","7V1","CNB1W11","фото ",">100",10,
10714,"F-00265_O","27*41*8.5","7V1","CNB1W11","фото ",">100",10,
10715,"F-00877_O","27*41*8.5","7V1","CNB1W11","фото ",">100",10,
10716,"FS-0028_O","27*43*8.5 ","7V2","CNAW11","фото ",">100",10,
10717,"F-00266_O","27*43*8.5","7V1","CNB1W11","фото ",">100",10,
10718,"F-00267_O","27*44*8.5 ","7V1","CNB1","фото ",">100",10,
10719,"F-01029_O","27*45*10 ","7V1","CNB1W11","фото ",">100",10,
10720,"F-01028_O","27*45*10/12.5","7V3","GNB7W11 ","фото ",">100",10,
10721,"F-01090XX_O","27*45*8.5","7V1","CNB1W11","фото ",">100",10,"Ремонтный размер"
10722,"F-00838_O","27*45.5*10/12.7","7V3","GNB7W11 ","фото ",">100",10,
10723,"F-00986_O","27*46*8.5 ","7V1","CNB1W11","фото ",">100",10,
10724,"FS-0029_O","27*46*8.5 ","7V2","CNB","фото ",">100",10,
10725,"F-00671_O","27*46*8.5","7V1","CNB1W11 ","фото ",">100",10,
10726,"F-00825_O","27*46*8.5 ","7V1","CNB1W11","фото ",">100",10,
10727,"F-01054_O","27*46*8.5 ","7V1","CNB1W11","фото ",">100",10,
10728,"F-00931_O","27*47*9","7V1","CNB1W11 ","фото ",">100",10,
10729,"F-00133X_O","27*38*7","7V1","CNB1W11","фото ",">100",10,"Ремонтный размер"
10730,"F-00128X_O","27*39*8.5","7V1","CNB1W11 ","фото ",">100",10,"Ремонтный размер"
10731,"F-00735X_O","27*39.6*20.25","7V1","GNB1W11 ","фото ",">100",10,"Ремонтный размер"
10732,"F-00698X_O","27*40*8.5","7V1","CNB1W11","фото ",">100",10,"Ремонтный размер"
10733,"F-00270X_O","27*42*9.5","7V2","CNBW11","фото ",">100",10,"Ремонтный размер"
10734,"F-00914X_O","27*42*8.5","7V1","CNB1W11","фото ",">100",10,
10735,"F-00960X_O","27*42*8.5","7V1","CNB1W11","фото ",">100",10,
10736,"F-00540X_O","27*42.5*8.5","7V1","CNB1W11 ","фото ",">100",10,"Ремонтный размер"
10737,"F-00940X_O","27*44*8.5 ","7V1","CNB1","фото ",">100",10,"Ремонтный размер"
10738,"F-01045X_O","27*44*9/10","7V1PM","CNB11W11","фото ",">100",10,"Ремонтный размер"
10739,"F-00847X_O","27*44*9/10","7V1PM","CNB11W11","фото ",">100",10,"Ремонтный размер"
10740,"F-00766X_O","27*45*8.5","7V1","CNB1W11","фото ",">100",10,"Ремонтный размер"
10741,"F-00375X_O","27*45*8.5","7V1","CNB1W11","фото ",">100",10,"Ремонтный размер"
10742,"F-00872X_O","27*46*13/14","7V1PM","CNB5W11","фото ",">100",10,"Ремонтный размер"
10743,"F-00624X_O","27*46*13/14","7V1PM","CNB5W11","фото ",">100",10,"Ремонтный размер"
10744,"F-00951X_O","27*46*13/14","7V1PM","CNB5W11","фото ",">100",10,"Ремонтный размер"
10745,"F-00970X_O","27*50*9/10","7V1PM","CNB11W11 ","фото ",">100",10,"Ремонтный размер"
10746,"F-00996X_O","27*50*9/10","7V1PM","CNB11W11 ","фото ",">100",10,"Ремонтный размер"
10747,"F-00589X_O","27.5*38*8","7V1","CNB1W11 ","фото ",">100",10,"Ремонтный размер"
10748,"F-01048X_O","27.5*38*8","7V1","CNB1W11 ","фото ",">100",10,"Ремонтный размер"
10749,"F-00026X_O","27.5*38*8","7V1","CNB1W11 ","фото ",">100",10,"Ремонтный размер"
10750,"F-00378X_O","27.5*38*7/9","7V3","CNB7 ","фото ",">100",10,"Ремонтный размер"
10751,"F-00409X_O","27.5*38*15","7V1","CNB1W11","фото ",">100",10,"Ремонтный размер"
10752,"F-00584X_O","27.5*38*15","7V1","CNB1W11","фото ",">100",10,"Ремонтный размер"
10753,"F-00754X_O","27.5*39*15","6V2MA","CNB10","фото ",">100",10,"Ремонтный размер"
10754,"F-00492X_O","27.5*39*15","6V2MA","CNB10","фото ",">100",10,"Ремонтный размер"
10755,"F-00057X_O","27.5*39.6*8","7V2","CNB","фото ",">100",10,"Ремонтный размер"
10756,"F-00022X_O","27.5*39.6*8","7V2","CNB","фото ",">100",10,"Ремонтный размер"
10757,"F-00546Х_O","27.5*40*8","7V1","CNB1W11","фото ",">100",10,"Ремонтный размер"
10758,"F-00662Х_O","27.5*40*8","7V1","CNB1W11","фото ",">100",10,"Ремонтный размер"
10759,"F-01151Х_O","27.5*40*8","7V1","CNB1W11","фото ",">100",10,"Ремонтный размер"
10760,"F-00749Х_O","27.5*40*8","7V1","CNB1W11","фото ",">100",10,"Ремонтный размер"
10761,"F-00139Х_O","27.5*40*8","7V1","CNB1W11","фото ",">100",10,"Ремонтный размер"
10762,"F-00269X_O","27.5*41*8.5","7V1","CNB1W11","фото ",">100",10,"Ремонтный размер"
10763,"F-00743X_O","27.5*41*8.5","7V1","CNB1W11","фото ",">100",10,"Ремонтный размер"
10764,"F-00961X_O","27.5*42*8.5","7V1","CNB1W11","фото ",">100",10,"Ремонтный размер"
10765,"FS-0026_O","27.5*42.5*8","7V2","CNB","фото ",">100",10,"Ремонтный размер"
10766,"F-00706X_O","27.5*43/47.5*6/12.8","6V2","CNB12W11","фото ",">100",10,"Ремонтный размер"
10767,"F-01023X_O","27.5*44*7","7V1","GNB1W11","фото ",">100",10,"Ремонтный размер"
10768,"F-00869X_O","27.5*44*7","7V1","GNB1W11","фото ",">100",10,"Ремонтный размер"
10769,"F-00765_O","27.7*38*8 ","7V1","CNB1W11","фото ",">100",10,
10770,"F-00133_O","27.7*38*8 ","7V1","CNB1W11","фото ",">100",10,
10771,"F-00128_O","27.7*39*8.5 ","7V1","CNB1W11","фото ",">100",10,
10772,"F-00735_O","27.7*39.6*20.25","7V1","GNB1W11","фото ",">100",10,
10773,"FS-0027_O","27.7*40*8.5 ","7V2","CNBW11","фото ",">100",10,
10774,"F-00698_O","27.7*40*8.5 ","7V1","CNB1W11","фото ",">100",10,
10775,"F-00809_O","27.7*40*9/10","7V1PM","CNB11W11 ","фото ",">100",10,
10776,"F-00900_O","27.7*40*9/10","7V1PM","CNB11W11 ","фото ",">100",10,
10777,"F-00814X_O","27.7*41*8.5 ","7V1","CNB1","фото ",">100",10,"Ремонтный размер"
10778,"F-00962_O","27.7*42*8.5","7V1","CNB1W11","фото ",">100",10,
10779,"F-00914_O","27.7*42*8.5","7V1","CNB1W11","фото ",">100",10,
10780,"F-00960_O","27.7*42*8.5","7V1","CNB1W11","фото ",">100",10,
10781,"F-00270_O","27.7*42*8.5 ","7V2","CNB","фото ",">100",10,
10782,"F-00270M_O","27.7*42*8.5","7V1","CNB1W11","фото ",">100",10,
10783,"F-00871_O","27.7*42*9/10","7V1PM","CNB11W11 ","фото ",">100",10,
10784,"F-00950_O","27.7*42*9/10","7V1PM","CNB11W11 ","фото ",">100",10,
10785,"F-00268M_O","27.7*42*12.5","7V2","CNB4W11","фото ",">100",10,
10786,"F-00268_O","27.7*42*12.5 ","7V2","CNB","фото ",">100",10,
10787,"F-00540_O","27.7*42.5*8.5","7V1","CNB1W11 ","фото ",">100",10,
10788,"F-00940_O","27.7*44*8.5","7V1","CNB1W11","фото ",">100",10,
10789,"F-00847_O","27.7*44*9/10","7V1PM","CNB11W11","фото ",">100",10,
10790,"F-01045_O","27.7*44*9/10","7V1PM","CNB11W11","фото ",">100",10,
10791,"F-00697_O","27.7*44*13/14","7V1PM","CNB5W11 ","фото ",">100",10,
10792,"F-00899_O","27.7*44*13/14","7V1PM","CNB5W11 ","фото ",">100",10,
10793,"F-00375_O","27.7*45*8.5","7V1","CNB1W11","фото ",">100",10,
10794,"F-00766_O","27.7*45*8.5","7V1","CNB1W11","фото ",">100",10,
10795,"F-00751_O","27.7*46*9/10","7V1PM","CNB11W11","фото ",">100",10,
10796,"F-00872_O","27.7*46*13/14","7V1PM","CNB5W11","фото ",">100",10,
10797,"F-00624_O","27.7*46*13/14","7V1PM","CNB5W11","фото ",">100",10,
10798,"F-00951_O","27.7*46*13/14","7V1PM","CNB5W11","фото ",">100",10,
10799,"F-00810_O","27.7*48*9/10","7V1PM","CNB11W11","фото ",">100",10,
10800,"F-01177_O","27.7*48*9/10","7V1PM","CNB11W11","фото ",">100",10,
10801,"F-00970_O","27.7*50*9/10","7V1PM","CNB11W11 ","фото ",">100",10,
10802,"F-00996_O","27.7*50*9/10","7V1PM","CNB11W11 ","фото ",">100",10,
10803,"F-00817_O","27.7*37.3*6.5","0M","SC5","фото ",">100",10,
10804,"F-00985_O","27.7*37.3*6.5","0M","SC5","фото ",">100",10,
10805,"F-00134_O","28*37*4.5 ","0M","SG","фото ",">100",10,
10806,"F-00088_O","28*37*5 ","0M","SGN","фото ",">100",10,
10807,"F-00979_O","28*37*5 ","0M","SGN","фото ",">100",10,
10808,"F-00132_O","28*37*5 ","0M","SGN","фото ",">100",10,
10809,"F-00319_O","28*37*5 ","0M","SGN","фото ",">100",10,
10810,"F-00682_O","28*37*5 ","0M","SGN","фото ",">100",10,
10811,"F-01024_O","28*37.6*6","0M","SGN1W11","фото ",">100",10,
10812,"F-00169_O","28*37.6*6","0M","SGN1W11","фото ",">100",10,
10813,"F-00487_O","28*37.6*6","0M","SGN1W11","фото ",">100",10,
10814,"F-00026_O","28*38*7","0M","SC4","фото ",">100",10,
10815,"F-00026M_O","28*38*7","7V1","CNB1W11","фото ",">100",10,
10816,"F-00404_O","28*38*7 ","0M","SGN","фото ",">100",10,
10817,"F-00981_O","28*38*7","0M","SC4","фото ",">100",10,
10818,"F-00142_O","28*38*7 ","0M","SGN","фото ",">100",10,
10819,"F-00479_O","28*38*7","0M","SC4","фото ",">100",10,
10820,"F-00479M_O","28*38*7","7V1","CNB1W11","фото ",">100",10,
10821,"F-00981M_O","28*38*7","7V1","CNB1W11","фото ",">100",10,
10822,"F-00589_O","28*38*6.5 ","7V2","CNB","фото ",">100",10,
10823,"F-00589M_O","28*38*7 ","7V1","CNB1W11","фото ",">100",10,
10824,"F-01048_O","28*38*7 ","7V1","CNB1W11","фото ",">100",10,
10825,"F-00378_O","28*38*7/9","7V3","CNB7 ","фото ",">100",10,
10826,"F-00409_O","28*38*15","7V2","CNB8","фото ",">100",10,
10827,"F-00584_O","28*38*15/17","7V3","CNB7 ","фото ",">100",10,
10828,"F-00835_O","28*38.3*7.5 ","1РМ","TBC4W7 ","фото ",">100",10,
10829,"F-00394_O","28*38.35*5 ","0M","SC4","фото ",">100",10,
10830,"FS-0030_O","28*38.5*7","7V1","CNB1W11","фото ",">100",10,"Ремонтный размер"
10831,"F-00754_O","28*39*15","6V2MA","CNB10 ","фото ",">100",10,
10832,"F-00492_O","28*39*15","6V2MA","CNB10 ","фото ",">100",10,
10833,"F-00057_O","28*39.64*6.35","7V1","GNB1W11 ","фото ",">100",10,
10834,"F-00022_O","28*39.64*6.35","7V1","GNB1W11 ","фото ",">100",10,
10835,"F-00943_O","28*40*4/6","4V2","CNB3","фото ",">100",10,
10836,"F-00434_O","28*40*6/6.5 ","1РМ","TC4","фото ",">100",10,
10837,"FS-0032_O","28*40*7.3/8.5 ","7V1PM","CNB11","фото ",">100",10,
10838,"F-00662_O","28*40*8 ","7V2","CNBW11","фото ",">100",10,
10839,"F-00662M_O","28*40*8 ","7V1","GNB1W11 ","фото ",">100",10,
10840,"F-00546_O","28*40*8 ","7V2","CNBW11","фото ",">100",10,
10841,"F-01151_O","28*40*8 ","7V1","CNB1W11","фото ",">100",10,
10842,"F-00749_O","28*40*8 ","7V1","CNB1W11","фото ",">100",10,
10843,"F-00139_O","28*40*8 ","7V2","CNBW11","фото ",">100",10,
10844,"F-00139M_O","28*40*8 ","7V1","CNB1W11","фото ",">100",10,
10845,"F-00204_O","28*41*7","1РМ","TC4","фото ",">100",10,
10846,"F-00814_O","28*41*8 ","7V1","CNB1W11 ","фото ",">100",10,
10847,"F-00269_O","28*41*8","7V2","CNB ","фото ",">100",10,
10848,"F-00269M_O","28*41*8 ","7V1","CNB1W11 ","фото ",">100",10,
10849,"F-00743_O","28*41*8","7V1","CNB1W11 ","фото ",">100",10,
10850,"FS-0033_O","28*41*12.5","7V2","CNB4W11","фото ",">100",10,
10851,"F-00961_O","28*42*8.5","7V1","CNB1W11 ","фото ",">100",10,
10852,"FS-0034_O","28*42*12.5","7V2","CNB4W11","фото ",">100",10,
10853,"F-00709_O","28*43*9","7V1","CNB1W11","фото ",">100",10,
10854,"F-00706_O","28*43/47.5*5/11.8","6V2","CNB12W11","фото ",">100",10,
10855,"F-00045_O","28*44*6","0M","SCH4 ","фото ",">100",10,
10856,"F-01023_O","28*44*7","7V1","GNB1W11","фото ",">100",10,
10857,"F-00869_O","28*44*7","7V1","GNB1W11","фото ",">100",10,
10858,"F-00843_O","28*44.5*9","7V1","CNB1W11","фото ",">100",10,
10859,"F-00816_O","28*44.5*9","7V1","CNB1W11","фото ",">100",10,
10860,"F-01090_O","28*45*8.5","7V1","CNB1W11 ","фото ",">100",10,
10861,"F-00752_O","28*46*8.5","7V1","CNB1W11 ","фото ",">100",10,
10862,"F-00750_O","28*46*8.5","7V1","CNB1W11 ","фото ",">100",10,
10863,"F-00286_O","28*46*12.5","7V1","CNB4 ","фото ",">100",10,
10864,"F-00113_O","28*47*4.2/5","0M","SB5 ","фото ",">100",10,
10865,"F-00729_O","28*48*10","7V1","GNB1W11","фото ",">100",10,
10866,"F-00522_O","28*48.2*8","7V2","CNB ","фото ",">100",10,
10867,"F-01069X_O","28.5*42*8.5","7V1","CNB1W11 ","фото ",">100",10,"Ремонтный размер"
10868,"F-00081_O","28.5*43*6.5 ","0M","SCH4","фото ",">100",10,
10869,"F-00431_O","28.5*43*6.5 ","0M","SCH4","фото ",">100",10,
10870,"F-00633_O","28.5*43*6.5 ","0M","SCH4","фото ",">100",10,
10871,"F-00343_O","28.5*44.5*9","7V2","CNB","фото ",">100",10,
10872,"F-00433_O","28.6*37.6*5","0M","SGN1W11","фото ",">100",10,
10873,"F-00495_O","28.6*37.6*5","0M","SGN1W11","фото ",">100",10,
10874,"F-00428_O","28.6*38*6","0M","SCN1","фото ",">100",10,
10875,"F-00358X_O","28.8*43*6.5 ","0M","SCH4","фото ",">100",10,"Ремонтный размер"
10876,"F-00980X_O","28.8*43*6.5 ","0M","SCH4","фото ",">100",10,"Ремонтный размер"
10877,"F-00673X_O","28.8*43*6.5 ","0M","SCH4","фото ",">100",10,"Ремонтный размер"
10878,"FS-0036_O","29*37.5*5 ","0M","SGN","фото ",">100",10,
10879,"F-00062XX_O","29*40*8","7V2","CNB","фото ",">100",10,"Ремонтный размер"
10880,"F-01066_O","29*42*8.5","7V1","CNB1W11","фото ",">100",10,
10881,"F-01069_O","29*42*8.5","7V1","CNB1W11","фото ",">100",10,
10882,"F-00537XX_O","29*42*15/17","7V3","CNB7 ","фото ",">100",10,"Ремонтный размер"
10883,"F-00017XX_O","29*42.5*8","7V1","CNB1W11 ","фото ",">100",10,"Ремонтный размер"
10884,"F-00033XX_O","29*42.5*8","7V1","CNB1W11 ","фото ",">100",10,"Ремонтный размер"
10885,"F-00486XX_O","29*42.5/49*7.4/10.9","6V2","GNB2W11","фото ",">100",10,"Ремонтный размер"
10886,"F-00762XX_O","29*42.5/49*7.4/10.9","6V2","GNB2W11","фото ",">100",10,"Ремонтный размер"
10887,"F-00021XX_O","29*42.5/49*7.4/10.9","6V2","GNB2W11","фото ",">100",10,"Ремонтный размер"
10888,"F-00029XX_O","29*42.5/49*7.4/10.9","6V2","GNB2W11","фото ",">100",10,"Ремонтный размер"
10889,"F-00358_O","29*43*7","0M","SC4","фото ",">100",10,
10890,"F-00980_O","29*43*7","0M","SCH4","фото ",">100",10,
10891,"F-00673_O","29*43*7","0M","SCH4 ","фото ",">100",10,
10892,"F-00755XX_O","29*50*10","7V1","CNB1W11","фото ",">100",10,"Ремонтный размер"
10893,"F-00622XX_O","29*54.5*8 ","7V1","CNB1W11","фото ",">100",10,"Ремонтный размер"
10894,"F-00435_O","29.4*47*6/7.5","1РМ","TG4P","фото ",">100",10,
10895,"F-00073_O","29.4*47*6/7.5","1РМ","TG4P","фото ",">100",10,
10896,"F-00062X_O","29.5*40*7","7V1","CNB1W11","фото ",">100",10,"Ремонтный размер"
10897,"F-00271X_O","29.5*42*8","7V2","CNB","фото ",">100",10,"Ремонтный размер"
10898,"F-00539X_O","29.5*42*8","7V2","CNB","фото ",">100",10,"Ремонтный размер"
10899,"F-00537X_O","29.5*42*15/17","7V3","CNB7","фото ",">100",10,"Ремонтный размер"
10900,"F-01050X_O","29.5*42/44*8.5/15","6V2MA","CNB10","фото ",">100",10,"Ремонтный размер"
10901,"F-00017X_O","29.5*42.5*8","7V1","CNB1W11 ","фото ",">100",10,"Ремонтный размер"
10902,"F-00033X_O","29.5*42.5*8","7V1","CNB1W11 ","фото ",">100",10,"Ремонтный размер"
10903,"F-00593X_O","29.5*42.5*8","7V1","CNB1W11 ","фото ",">100",10,"Ремонтный размер"
10904,"F-00417X_O","29.5*42.5*8","7V1","CNB1W11 ","фото ",">100",10,"Ремонтный размер"
10905,"F-00486X_O","29.5*42.5/49*7.4/10.9 ","6V2","GNB2W11 ","фото ",">100",10,"Ремонтный размер"
10906,"F-00762X_O","29.5*42.5/49*7.4/10.9 ","6V2","GNB2W11 ","фото ",">100",10,"Ремонтный размер"
10907,"F-00021X_O","29.5*42.5/49*7.4/10.9 ","6V2","GNB2W11 ","фото ",">100",10,"Ремонтный размер"
10908,"F-00029X_O","29.5*42.5/49*7.4/10.9 ","6V2","GNB2W11 ","фото ",">100",10,"Ремонтный размер"
10909,"F-00800X_O","29.5*44*8.5","7V1","CNB1W11 ","фото ",">100",10,"Ремонтный размер"
10910,"F-00272X_O","29.5*45.5*8.5","7V1","CNB1W11 ","фото ",">100",10,"Ремонтный размер"
10911,"F-00725X_O","29.5*45.5*10/12.7","7V3","GNB7 ","фото ",">100",10,"Ремонтный размер"
10912,"F-01125X_O","29.5*46*8","7V1","CNB1W11","фото ",">100",10,"Ремонтный размер"
10913,"F-00273X_O","29.5*46*8","7V1","CNB1W11","фото ",">100",10,"Ремонтный размер"
10914,"F-00719X_O","29.5*47*8.5","7V1","CNB1W11","фото ",">100",10,"Ремонтный размер"
10915,"F-00756X_O","29.5*47*8.5","7V2","CNB","фото ",">100",10,"Ремонтный размер"
10916,"F-00274X_O","29.5*47*8.5","7V2","CNB","фото ",">100",10,"Ремонтный размер"
10917,"F-01063X_O","29.5*48*8.5","7V1","CNB1W11","фото ",">100",10,"Ремонтный размер"
10918,"F-00450X_O","29.5*48*8.5","7V1","CNB1W11","фото ",">100",10,"Ремонтный размер"
10919,"F-00801X_O","29.5*48*8.5","7V1","CNB1W11","фото ",">100",10,"Ремонтный размер"
10920,"F-00585X_O","29.5*49.7*10/13","7V3","GNB7 ","фото ",">100",10,"Ремонтный размер"
10921,"F-00718X_O","29.5*50*10","7V1","CNB1W11","фото ",">100",10,"Ремонтный размер"
10922,"F-00755X_O","29.5*50*10","7V1","CNB1W11","фото ",">100",10,"Ремонтный размер"
10923,"FS-0035_O","29.5*51*8.5","7V1","CNB1W11","фото ",">100",10,"Ремонтный размер"
10924,"F-00727_O","30*40*3.5/6.5","4V2","CNB3 ","фото ",">100",10,
10925,"F-00062_O","30*40*7","0M","SC4","фото ",">100",10,
10926,"F-00062M_O","30*40*7","7V1","CNB1W11","фото ",">100",10,
10927,"F-00209_O","30*41*6.5","0M","SC4","фото ",">100",10,
10928,"F-00539_O","30*42*8","7V2","CNB8","фото ",">100",10,
10929,"F-00537_O","30*42*15/17","7V3","CNB7","фото ",">100",10,
10930,"F-00704_O","30*42/44*8.5/15","6V2MA","CNB10 ","фото ",">100",10,
10931,"F-01050_O","30*42/44*8.5/15","6V2MA","CNB10 ","фото ",">100",10,
10932,"F-00271_O","30*42.3*8","7V2","GNBW11","фото ",">100",10,
10933,"F-00017_O","30*42.5*7","7V1","CNB1W11 ","фото ",">100",10,
10934,"F-00033_O","30*42.5*7","7V1","CNB1W11 ","фото ",">100",10,
10935,"F-00486_O","30*42.5/49*7.4/10.9","6V2","GNB2W11 ","фото ",">100",10,
10936,"F-00762_O","30*42.5/49*7.4/10.9","6V2","GNB2W11 ","фото ",">100",10,
10937,"F-00021_O","30*42.5/49*7.4/10.9","6V2","GNB2W11 ","фото ",">100",10,
10938,"F-00029_O","30*42.5/49*7.4/10.9","6V2","GNB2W11 ","фото ",">100",10,
10939,"F-00593_O","30*42.5*7","7V1","CNB1W11 ","фото ",">100",10,
10940,"F-00593M_O","30*42.5*7","7V1","CNB1W11 ","фото ",">100",10,
10941,"F-00417_O","30*42.8*6.3","7V2","CNB","фото ",">100",10,
10942,"F-00417M_O","30*42.5*7","7V1","CNB1W11 ","фото ",">100",10,
10943,"F-00587XX_O","30*43*7","7V1","CNB1W11 ","фото ",">100",10,"Ремонтный размер"
10944,"F-00588XX_O","30*43*15","7V2","CNB8 ","фото ",">100",10,"Ремонтный размер"
10945,"F-00800_O","30*44*8.5","7V1","CNB1W11","фото ",">100",10,
10946,"F-00272_O","30*45.5*8.5","7V2","CNB ","фото ",">100",10,
10947,"F-00272M_O","30*45.5*8.5","7V1","CNB1W11 ","фото ",">100",10,
10948,"F-00725_O","30*45.5*10/12.7","7V3","GNB7 ","фото ",">100",10,
10949,"F-00273_O","30*46*8","7V2","CNB ","фото ",">100",10,
10950,"F-00273M_O","30*46*8","7V1","CNB1W11","фото ",">100",10,
10951,"F-01125 _O","30*46*8","7V1","CNB1W11","фото ",">100",10,
10952,"F-00756_O","30*47*8.5","7V1","CNB1W11","фото ",">100",10,
10953,"F-00719_O","30*47*8.5 ","7V1","CNB1W11","фото ",">100",10,
10954,"F-00274_O","30*47*9","7V2","CNB ","фото ",">100",10,
10955,"F-00274M_O","30*47*8.5 ","7V1","CNB1W11","фото ",">100",10,
10956,"F-00450_O","30*48*8 ","7V1","GNB1W11","фото ",">100",10,
10957,"F-01063_O","30*48*8 ","7V1","GNB1W11","фото ",">100",10,
10958,"F-00801_O","30*48*8","7V1","CNB1W11","фото ",">100",10,
10959,"FS-0037_O","30*49*10","7V2","GNB","фото ",">100",10,
10960,"F-00585_O","30*49.7*10/13","7V3","GNB7 ","фото ",">100",10,
10961,"F-00374_O","30*50*8.5","7V1","CNB1 ","фото ",">100",10,
10962,"F-01223_O","30*50*9/10","7V1PM","CNB11W11 ","фото ",">100",10,
10963,"F-00755_O","30*50*10","7V2","GNB","фото ",">100",10,
10964,"F-01104XX_O","30*51*8.5","7V1","CNB1W11 ","фото ",">100",10,"Ремонтный размер"
10965,"F-00622_O","30*54.5*8","7V1","CNB1W11 ","фото ",">100",10,
10966,"F-00587X_O","30.5*43*7","7V2","CNB","фото ",">100",10,"Ремонтный размер"
10967,"F-00588X_O","30.5*43*15","7V2","CNB8 ","фото ",">100",10,"Ремонтный размер"
10968,"F-00289X_O","30.5*43.7*6.5 ","7V1","CNB1W11","фото ",">100",10,"Ремонтный размер"
10969,"F-00290X_O","30.5*43.7/48*4/8.3","6V2","CNB2 ","фото ",">100",10,"Ремонтный размер"
10970,"F-00880XX_O","30.5*44.5*8.5","7V1","CNB1W11","фото ",">100",10,"Ремонтный размер"
10971,"F-01030X_O","30.5*51*8","7V1","CNB1W11","фото ",">100",10,"Ремонтный размер"
10972,"F-01104X_O","30.5*51*8","7V1","CNB1W11","фото ",">100",10,"Ремонтный размер"
10973,"F-00910X_O","30.5*52*8 ","7V1","CNB1W11","фото ",">100",10,"Ремонтный размер"
10974,"F-00587_O","31*43*7","7V2","CNB8","фото ",">100",10,
10975,"F-00588_O","31*43*15","7V2","CNB","фото ",">100",10,
10976,"F-00289_O","31*43.5*6.5","7V2","GNB","фото ",">100",10,
10977,"F-00290_O","31*43.7/48*4.5/8.5","6V2","CNB2","фото ",">100",10,
10978,"FS-0040_O","31*44*6.35","7V1","CNB1W11 ","фото ",">100",10,
10979,"F-00205_O","31*44*6.5","1РМ","TC4 ","фото ",">100",10,
10980,"F-00444XX_O","31*44.5*8.5","7V2","CNB","фото ",">100",10,"Ремонтный размер"
10981,"F-00932_O","31*44.5*8.5","7V2","CNB","фото ",">100",10,
10982,"FS-0041_O","31*44/48*4/8.5","6V2","CNB2","фото ",">100",10,
10983,"F-00276XX_O","31*46*8.5","7V1","CNB1W11","фото ",">100",10,"Ремонтный размер"
10984,"F-01095XX_O","31*47*8.5","7V1","CNB1W11 ","фото ",">100",10,"Ремонтный размер"
10985,"F-00582_O","31*47.7*7.4","7V1","CNB1W11","фото ",">100",10,
10986,"F-00560XX_O","31*50*8.5","7V1","CNB1W11 ","фото ",">100",10,"Ремонтный размер"
10987,"F-01030_O","31*51*8.5","7V1","CNB1W11","фото ",">100",10,
10988,"F-01104_O","31*51*8.5","7V1","CNB1W11","фото ",">100",10,
10989,"F-00910_O","31*52*8","7V1","CNB1W11 ","фото ",">100",10,
10990,"FS-0042_O","31*53*8.5","7V2","CNB","фото ",">100",10,
10991,"FS-0038_O","31.5*40*5/9","4V2","CNB13","фото ",">100",10,"Ремонтный размер"
10992,"F-00678X_O","31.5*44/45*8.5/18.7","6V2MA","CNB10","фото ",">100",10,"Ремонтный размер"
10993,"F-00103X_O","31.5*44.5*6.5","7V3","CNB7","фото ",">100",10,"Ремонтный размер"
10994,"F-00737X_O","31.5*44.5*6.5","7V3","CNB7","фото ",">100",10,"Ремонтный размер"
10995,"F-00569X_O","31.5*44.5*6.5","7V3","CNB7","фото ",">100",10,"Ремонтный размер"
10996,"F-00444X _O","31.5*44.5*8","7V2","CNB","фото ",">100",10,"Ремонтный размер"
10997,"F-00276X_O","31.5*46*8.5 ","7V1","CNB1W11","фото ",">100",10,"Ремонтный размер"
10998,"F-01095X_O","31.5*47*8.5 ","7V1","CNB1W11","фото ",">100",10,"Ремонтный размер"
10999,"F-00275X_O","31.5*49*8.5 ","7V1","CNB1W11","фото ",">100",10,"Ремонтный размер"
11000,"F-00560X_O","31.5*50*8.5","7V1","CNB1W11 ","фото ",">100",10,"Ремонтный размер"
11001,"FS-0039_O","31.5*50*8.5","7V2","CNB","фото ",">100",10,
11002,"F-00902X_O","31.5*50*8.5","7V1","CNB1W11 ","фото ",">100",10,"Ремонтный размер"
11003,"F-00745X_O","31.5*52.2*10","7V1","CNB1W11","фото ",">100",10,"Ремонтный размер"
11004,"F-00581X_O","31.5*52.2*10","7V1","CNB1W11","фото ",">100",10,"Ремонтный размер"
11005,"F-00827X_O","31.5*53*8.5","7V1","CNB1W11 ","фото ",">100",10,"Ремонтный размер"
11006,"F-01006X_O","31.5*55*12/15 ","7V3","GNB7W11","фото ",">100",10,"Ремонтный размер"
11007,"F-00857X_O","31.5*56*9","7V1","CNB1W11 ","фото ",">100",10,"Ремонтный размер"
11008,"F-00091_O","31.7*38.1*3/5","4V2","SC2","фото ",">100",10,
11009,"F-00880X_O","31.7*44.5*8","7V1","CNB1W11 ","фото ",">100",10,"Ремонтный размер"
11010,"F-00207_O","32*40*5 ","1РМ","TC","фото ",">100",10,
11011,"F-00211_O","32*40*5",12,"UNR","фото ",">100",10,
11012,"FS-0043_O","32*40*5/9","4V2","CNB13","фото ",">100",10,
11013,"FS-0044_O","32*42*3","OMEGA B","0-RING","фото ",">100",10,
11014,"F-01002_O","32*43*5","0M","SC4","фото ",">100",10,
11015,"FS-0050_O","32*44*6.5/7","1PM","TG4P","фото ",">100",10,
11016,"F-00446_O","32*44*8.5/10","1РМ","TC4","фото ",">100",10,
11017,"F-00678_O","32*44/45*8.5/18.7","6V2MA","CNB10 ","фото ",">100",10,
11018,"F-00569_O","32*44.5*5.5/7","7V3","CNB7","фото ",">100",10,
11019,"F-00737_O","32*44.5*6.5","7V2","CNB ","фото ",">100",10,
11020,"F-00103_O","32*44.5*6.5","7V2","CNB ","фото ",">100",10,
11021,"F-00444_O","32*44.5*8.5","7V2","CNB","фото ",">100",10,
11022,"F-00444M_O","32*44.5*8.5","7V1","CNB1W11 ","фото ",">100",10,
11023,"F-00880_O","32*44.5*8.5","7V1","CNB1W11 ","фото ",">100",10,
11024,"F-01003_O","32*45.5*7","7V2","CNB","фото ",">100",10,
11025,"F-00276_O","32*46*8.5","7V1","CNB1W11","фото ",">100",10,
11026,"F-01095_O","32*47*8.5","7V1","CNB1W11 ","фото ",">100",10,
11027,"F-00644_O","32*47.5*10/11","7V1PM","CNB11W11 ","фото ",">100",10,
11028,"F-00973_O","32*47.5*10/11","7V1PM","CNB11W11 ","фото ",">100",10,
11029,"F-00803_O","32*47.5*10/11","7V1PM","CNB11W11 ","фото ",">100",10,
11030,"F-00275_O","32*49*8.5","7V1","CNB1W11","фото ",">100",10,
11031,"FS-0045_O","32*49*8.5","7V2","CNBW11 ","фото ",">100",10,
11032,"F-00560_O","32*50*8.5","7V1","CNB1W11","фото ",">100",10,
11033,"FS-0046_O","32*50*8.5","7V2","CNB ","фото ",">100",10,
11034,"F-00902_O","32*50*8.5","7V1","CNB1W11","фото ",">100",10,
11035,"F-00745_O","32*52.2*10","7V1","CNB1W11 ","фото ",">100",10,
11036,"F-00581_O","32*52.2*10","7V1","CNB1W11 ","фото ",">100",10,
11037,"F-00827_O","32*53*8.5","7V1","CNB1 ","фото ",">100",10,
11038,"F-01043_O","32*54*9/10","7V1PM","CNB11W11","фото ",">100",10,
11039,"F-01006_O","32*55*12/15","7V3","GNB7W11","фото ",">100",10,
11040,"F-00857_O","32*56*9","7V1","CNB1","фото ",">100",10,
11041,"F-00742_O","32.7*42.7*6.7","0M","SC4","фото ",">100",10,
11042,"F-00908_O","33*46*7","0M","SC4","фото ",">100",10,
11043,"F-00398XX_O","34*50*8","7V1","CNB1W11","фото ",">100",10,"Ремонтный размер"
11044,"F-01062XX_O","34*50*8","7V1","CNB1W11","фото ",">100",10,"Ремонтный размер"
11045,"FS-0048_O","34*53*8","7V2","CNB","фото ",">100",10,
11046,"F-00451XX_O","34*56*8","7V1","CNB1W11","фото ",">100",10,"Ремонтный размер"
11047,"F-01178X_O","34.5*47*7","7V1","CNB1W11 ","фото ",">100",10,"Ремонтный размер"
11048,"F-00398X_O","34.5*50*8","7V1","CNB1W11 ","фото ",">100",10,"Ремонтный размер"
11049,"F-01062X_O","34.5*50*8","7V1","CNB1W11 ","фото ",">100",10,"Ремонтный размер"
11050,"F-00939X_O","34.5*53*8","7V1","CNB1W11 ","фото ",">100",10,"Ремонтный размер"
11051,"F-00988X_O","34.5*53*8","7V1","CNB1W11 ","фото ",">100",10,"Ремонтный размер"
11052,"F-00451X_O","34.5*56*8","7V1","CNB1W11 ","фото ",">100",10,"Ремонтный размер"
11053,"F-00984_O","35*46*7 ","0M","SC4","фото ",">100",10,
11054,"F-01178_O","35*47*7","7V1","CNB1W11","фото ",">100",10,
11055,"F-00424_O","35*47*7/8.5","1РМ","TCN11","фото ",">100",10,
11056,"F-00398_O","35*50*8","7V1","CNB1W11","фото ",">100",10,
11057,"F-01062_O","35*50*8","7V2","GNBW11 ","фото ",">100",10,
11058,"F-01062M_O","35*50*8","7V1","CNB1W11","фото ",">100",10,
11059,"F-00939_O","35*53*9","7V1","CNB1W11","фото ",">100",10,
11060,"F-00988_O","35*53*9","7V1","CNB1W11","фото ",">100",10,
11061,"F-00451_O","35*56*8","7V1","CNB1W11 ","фото ",">100",10,
11062,"F-01139_O","35*61*9","7V1","CNB1W11 ","фото ",">100",10,
11063,"F-00277X_O","35.5*50.5*9","7V2","GNB ","фото ",">100",10,"Ремонтный размер"
11064,"F-00383_O","36*44*5","1РМ","TC4","фото ",">100",10,
11065,"F-00277_O","36*50.5*9","7V2","GNB","фото ",">100",10,
11066,"F-01037XX_O","37*51*8","7V1","CNB1W11","фото ",">100",10,"Ремонтный размер"
11067,"F-01142XX_O","37*51*8","7V1","CNB1W11","фото ",">100",10,"Ремонтный размер"
11068,"F-01037X_O","37.5*51*8","7V1","CNB1W11 ","фото ",">100",10,"Ремонтный размер"
11069,"F-01142X_O","37.5*51*8","7V1","CNB1W11 ","фото ",">100",10,"Ремонтный размер"
11070,"F-01037_O","38*51*8","7V1","CNB1W11","фото ",">100",10,
11071,"F-01142_O","38*51*8","7V1","CNB1W11","фото ",">100",10,
11072,"F-00647_O","38*52.6*6.4","0M","SC4","фото ",">100",10,
11073,"F-00804_O","41*57.3*9","7V2","CNBW11","фото ",">100",10,
11074,"F-01089_O","41*57.3*9","7V2","CNBW11","фото ",">100",10,
11075,"F-01087_O","44.5*58.5*8.5/9","7V1PM","CNB11W11 ","фото ",">100",10,
11076,"F-00549_O","52*66*5.5","7V2","CNB ","фото ",">100",10,
11077,"F-00639_O","52*66*5.5","7V2","CNB ","фото ",">100",10,
11078,"F-00559_O","56*70*5.5","7V2","CNB ","фото ",">100",10,
11079,"FS-0049_O","60*74*8.5","7V1","CNB1W11","фото ",">100",10,
