Product SKU	tcs	Quantity	size	tip	Product Name	Price	Primmenenie	Naznachenie	Proizvoditel
1	P55501	351	09.7*13.2*3	L-RING	F-0000A	200	AUDI 100, A6	Сальник рулевой рейки	TCS
2	P11616	236	10*20*7.5	0M	F-00074	100	OPEL	Сальник рулевой рейки	TCS
3	P11616	250	10*20*7.5	0M	F-00355	100	DAEWOO	Сальник рулевой рейки	TCS
4	P55503	451	11.7*22*6/8.5	1РМ2	F-00608	100	CHRYSLER	Сальник насоса гидроусилителя	TCS
5	P08350	234	12*27*9/10	7V1PM	F-00102	200	CHEVROLET	Сальник рулевой рейки	TCS
6	P08350	239	12*27*9/10	7V1PM	F-00178	200	OPEL	Сальник рулевой рейки	TCS
7	P08349	578	12*38*10	7V2	F-00726	200	CHRYSLER, DODGE	Сальник рулевой рейки	TCS
8	P08351	561	14*27*9/10	7V1PM	F-00372	200	OPEL	Сальник рулевой рейки	TCS
9	P08352	520	14*30.5/38.4*5/11	6V3	F-00523	200	CHRYSLER	Сальник рулевой рейки	TCS
10	P01997	43	15*28*6.3	1РМA	F-00432	100	OPEL	Сальник насоса гидроусилителя	TCS
11	P01997	82	15*28*6.3	1РМA	F-00597	100	SUBARU	Сальник насоса гидроусилителя	TCS
12	P01997	75	15*28*6.3	1РМA	F-00744	100	DAEWOO	Сальник насоса гидроусилителя	TCS
13	P09101	100	16*26*5/6 	1РМ	F-00365	70	AUDI, BMW	Сальник насоса гидроусилителя	TCS
14	P05498	175	16*28*7	1РМ	F-00052	70	AUDI 	Сальник насоса гидроусилителя	TCS
15	P05954	42	16*30*6.3	1РМA	F-00149	100	FORD MONDEO	Сальник насоса гидроусилителя	TCS
16	P05954	38	16*30*6.3	1РМA	F-00555	100	FORD TEMPO	Сальник насоса гидроусилителя	TCS
17	P05954	53	16*30*6.3	1РМA	F-00689	100	FIAT	Сальник насоса гидроусилителя	TCS
18	P05954	48	16*30*6.3	1РМA	F-00894	100	FORD TRANSIT	Сальник насоса гидроусилителя	TCS
19	P05954	45	16*30*6.3	1РМA	F-01106	100	FORD FOCUS	Сальник насоса гидроусилителя	TCS
20	P01992	310	16.9*27*5/6 	1РМ	F-00976	70	MERCEDES	Сальник насоса гидроусилителя	TCS
21	P02277	87	17*28*8	0M2	F-00148	100	VOLVO	Сальник насоса гидроусилителя	TCS
22	P02277	89	17*28*8	0M2	F-00506	100	FIAT DUKATO	Сальник насоса гидроусилителя	TCS
23	P11036	343	17*29*8	1РМA	F-00586	100	TOYOTA	Сальник насоса гидроусилителя	TCS
24	P10622	345	17*29.9*7	1РМ	F-00556	100	AUDI, WV	Сальник насоса гидроусилителя	TCS
25	P04026	94	17*30*7	0M2	F-00356	100	FIAT	Сальник насоса гидроусилителя	TCS
26	P01735	165	17*30*7	1РМ	F-00414	70	MAZDA	Сальник насоса гидроусилителя	TCS
27	P01735	165	17*30*7	1РМ	F-00473	70	KIA	Сальник насоса гидроусилителя	TCS
28	P00706	243	17*32*7	1РМ	F-00154	70	NISSAN	Сальник насоса гидроусилителя	TCS
29	P05349	259	17*32*8.5	0AM2	F-00465	100	TOYOTA	Сальник насоса гидроусилителя	TCS
30	P06079	221	17*34*8	1РМA	F-00165	100	TOYOTA, LEXUS	Сальник насоса гидроусилителя	TCS
31	P02000	98	17*36*6.6	0MA	F-00122	200	WV	Сальник насоса гидроусилителя	TCS
32	P02000	107	17*36*6.6	0MA	F-00687	200	CHEVROLET	Сальник насоса гидроусилителя	TCS
33	P07851	10	17.5*30*5/5.7 	1РМ	F-00781X	100	Ремонтный размер	Сальник рулевой рейки	TCS
34	P02664	150	18*25.5*4/6.5	4РМ	F-00519	100	DAF	Сальник рулевой рейки	TCS
35	P02664	150	18*25.5*4/6.5	4РМ	F-00982	100	MAN	Сальник рулевой рейки	TCS
36	P02668	215	18*28*5/6	1РМ	F-00182	70	AUDI	Сальник рулевой рейки	TCS
37	P03640	108	18*30*6	1РМ	F-00080	70	RENAULT ESPACE	Сальник рулевой рейки	TCS
38	P03640	108	18*30*6	1РМ	F-00632	70	RENAULT SAFRANE	Сальник рулевой рейки	TCS
39	P03640	98	18*30*6	1РМ	F-00782	70	RENAULT CLIO	Сальник рулевой рейки	TCS
40	P03524	79	18*30*7	1РМ	F-00152	70	NISSAN	Сальник насоса гидроусилителя	TCS
41	P03524	78	18*30*7	1РМ	F-00771	70	FORD	Сальник рулевой рейки	TCS
42	P03524	74	18*30*7	1РМ	F-00855	70	MAZDA	Сальник рулевой рейки	TCS
43	P03524	79	18*30*7	1РМ	F-01091	70	SUBARU	Сальник насоса гидроусилителя	TCS
44	P06162	85	18*30*7/8	1РМ	F-00051	70	BMW	Сальник рулевой рейки	TCS
45	P06162	85	18*30*7/8	1РМ	F-00183	70	NISSAN	Сальник рулевой рейки	TCS
46	P06162	85	18*30*7/8	1РМ	F-00517	70	AUDI, WV	Сальник рулевой рейки	TCS
47	P06162	85	18*30*7/8	1РМ	F-00648	70	OPEL, IVECO	Сальник рулевой рейки	TCS
48	P01737	200	18*32*7	1РМ	F-00117	70	FORD	Сальник рулевой рейки	TCS
49	P01737	200	18*32*7	1РМ	F-00959	70	SUBARU	Сальник рулевой рейки	TCS
50	P02671	206	18*32*8	1РМA	F-00164	100	ISUZU	Сальник насоса гидроусилителя	TCS
51	P02671	207	18*32*8	1РМA	F-00741	100	TOYOTA	Сальник насоса гидроусилителя	TCS
52	P07358	42	18*33.3*8	1РМA	F-00421X	100	Ремонтный размер	Сальник насоса гидроусилителя	TCS
53	P07224	279	18*34*7	1РМ	F-00185	70	NISSAN	Сальник рулевой рейки	TCS
54	P02672	306	18*34*8	1РМA	F-00464	100	CHRYSLER	Сальник насоса гидроусилителя	TCS
55	P55504	168	18.5*29*4.5/5.5	1РМ	F-00484X	100	Ремонтный размер	Сальник рулевой рейки	TCS
56	P10623	20	18.5*32*6/7	1РМ	F-00114X	100	Ремонтный размер	Сальник рулевой рейки	TCS
57	P10623	30	18.5*32*6/7	1РМ	F-00366X	100	Ремонтный размер	Сальник насоса гидроусилителя	TCS
58	P10623	25	18.5*32*6/7	1РМ	F-00403X	100	Ремонтный размер	Сальник рулевой рейки	TCS
59	P10623	22	18.5*32*6/7	1РМ	F-00600X	100	Ремонтный размер	Сальник рулевой рейки	TCS
60	P10623	34	18.5*32*6/7	1РМ	F-00779X	100	Ремонтный размер	Сальник рулевой рейки	TCS
61	P10623	27	18.5*32*6/7	1РМ	F-01072X	100	Ремонтный размер	Сальник рулевой рейки	TCS
63	P05443	102	18.7*35*7/7.8	1РМ	F-00136	70	MITSUBISHI	Сальник рулевой рейки	TCS
64	P05443	117	18.7*35*7/7.8	1РМ	F-00657	70	ISUZU	Сальник рулевой рейки	TCS
65	P04197	531	18.75*30*5/5.5	1РМ	F-00189	70	NISSAN, MAZDA	Сальник рулевой рейки	TCS
66	P04197	530	18.75*30*5/5.5	1РМ	F-00395	70	SUZUKI, HONDA	Сальник рулевой рейки	TCS
67	P11214	370	18.75*30.2*5/7	1РМ	F-01140	70	SUBARU, DAIHATSU	Сальник рулевой рейки	TCS
68	P05421	105	18.9*28*5	1РМ	F-00313X	100	Ремонтный размер	Сальник рулевой рейки	TCS
69	P00014	389	18.9*30*5	1РМ	F-00993X	70	Ремонтный размер	Сальник рулевой рейки	TCS
70	P55506	233	18.9*36*6.5	1РМ	F-00163X	100	Ремонтный размер	Сальник насоса гидроусилителя	TCS
71	P07286	298	19*26.5*3.8/5.8	3A	F-00307	100	SUBARU	Сальник рулевой рейки	TCS
72	P11012	352	19*28*5/6	1РМ	F-00313	70	WV	Сальник рулевой рейки	TCS
73	P08962	1600	19*29*4.5/5	1РМ	F-00484	70	NISSAN	Сальник рулевой рейки	TCS
74	P02466	630	19*29*7/7.8	1PM	F-00459	100	TOYOTA	Сальник рулевой рейки	TCS
75	P05444	530	19*30*5/5.7	1РМ	F-00993	70	NISSAN, INFINITI	Сальник рулевой рейки	TCS
76	P02120	476	19*30*5/6.5 	1РМ	F-00110	70	RENAULT, SUZUKI 	Сальник рулевой рейки	TCS
77	P02120	420	19*30*5/6.5 	1РМ	F-00740	70	MAZDA, HONDA	Сальник рулевой рейки	TCS
78	P03954	300	19*30*6/6.5	1РМ	F-00111	70	NISSAN, INFINITI	Сальник рулевой рейки	TCS
79	P03065	150	19*30*7	1РМ	F-00315	70	VOLVO	Сальник рулевой рейки	TCS
80	P03065	150	19*30*7	1РМ	F-00769	70	FORD	Сальник рулевой рейки	TCS
81	P11004	295	19*30*7/8	1РМ	F-00619	70	LUK, MERCEDES	Сальник насоса гидроусилителя	TCS
82	P05604	430	19*32*6/7	1РМ	F-00114	70	TOYOTA, LEXUS	Сальник рулевой рейки	TCS
83	P05604	430	19*32*6/7	1РМ	F-00403	70	NISSAN, OPEL	Сальник рулевой рейки	TCS
84	P05604	430	19*32*6/7	1РМ	F-00600	70	VOLVO, RENAULT	Сальник рулевой рейки	TCS
85	P05604	430	19*32*6/7	1РМ	F-00779	70	HYUNDAI, KIA	Сальник рулевой рейки	TCS
86	P05604	430	19*32*6/7	1PM	F-01072	70	MAZDA, OPEL	Сальник рулевой рейки	TCS
87	P00708	334	19*32*7	1РМ	F-00366	70	ZF	Сальник насоса гидроусилителя	TCS
88	P02288	220	19*32*7/7.8	1РМ	F-00187	70	TOYOTA	Сальник рулевой рейки	TCS
89	P02288	220	19*32*7/7.8	1РМ	F-00418	70	OPEL, SKODA	Сальник насоса гидроусилителя	TCS
90	P02288	220	19*32*7/7.8	1PM	F-01051	70	WV	Сальник рулевой рейки	TCS
91	P02288	220	19*32*7/7.8	1PM	F-01052	70	LEXUS	Сальник рулевой рейки	TCS
92	P01754	395	19*34.6*3.8/6.1	1РМ	F-00030	100	PEUGEOT	Сальник рулевой рейки	TCS
93	P05389	175	19*34.6*4.4/5.9	1РМ	F-00039	70	VW GOLF	Сальник рулевой рейки	TCS
94	P05389	175	19*34.6*4.4/5.9	1РМ	F-00040	70	VW PASSAT	Сальник рулевой рейки	TCS
95	P05710	400	19*34.6*6.2/9.2	1РМ	F-00011	70	VW	Сальник рулевой рейки	TCS
96	P05710	400	19*34.6*6.2/9.2	1РМ	F-00037	70	FIAT	Сальник рулевой рейки	TCS
97	P03971	210	19*34.6*6.3/7.3	1РМ	F-00849	70	KIA	Сальник рулевой рейки	TCS
98	P02994	195	19*35*5/5.5	1РМ	F-01100	70	TOYOTA	Сальник рулевой рейки	TCS
99	P02994	195	19*35*5/5.5	1РМ	F-01105	70	LIFAN, CHERY	Сальник рулевой рейки	TCS
100	P03566	136	19*37*6.5/8	1РМ	F-00140	100	MITSUBISHI	Сальник рулевой рейки	TCS
101	P03566	151	19*37*6.5/8	1РМ	F-00886	100	TOYOTA, AUDI	Сальник рулевой рейки	TCS
102	P02289	430	19*38*7/7.8	1РМ	F-00184	100	TOYOTA	Сальник рулевой рейки	TCS
103	P10411	179	19*42*6.5/7.6	1РМ	F-00308	100	MAZDA RX7	Сальник рулевой рейки	TCS
104	P05444	520	19.05*30*5/5.7 	1РМ	F-00607	70	RENAULT, NISSAN 	Сальник рулевой рейки	TCS
105	P11004	289	19*30*7/8	1РМ	F-00533	70	LUK, MERCEDES	Сальник насоса гидроусилителя	TCS
106	P55555	100	19.05*33.3*7.9/9.4	1РМ	F-00144	100	AUDI, BMW, WV	Сальник насоса гидроусилителя	TCS
107	P01589	108	19.05*33.3*8	1РМA	F-00143	100	RENAULT	Сальник насоса гидроусилителя	TCS
108	P01589	108	19.05*33.3*8	1РМA	F-00145	100	BMW, WV	Сальник насоса гидроусилителя	TCS
109	P01589	108	19.05*33.3*8	1РМA	F-00421	100	FIAT, OPEL	Сальник насоса гидроусилителя	TCS
110	P01589	108	19.05*33.3*8	1РМA	F-01071	100	PEUGEOT	Сальник насоса гидроусилителя	TCS
111	P02989	240	19.05*33.3*8/9	1РМA	F-00529	100	MERCEDES	Сальник насоса гидроусилителя	TCS
112	P05389	175	19.05*34.6*4.4/5.9	1РМ	F-00087	70	PEUGEOT	Сальник рулевой рейки	TCS
113	P05389	175	19.05*34.6*4.4/5.9	1РМ	F-00677	70	WV GOLF, PASSAT	Сальник рулевой рейки	TCS
114	P05389	175	19.05*34.6*4.4/5.9	1РМ	F-00688	70	SCODA FELICIA	Сальник рулевой рейки	TCS
115	P05389	175	19.05*34.6*4.4/5.9	1РМ	F-00895	70	MAZDA	Сальник рулевой рейки	TCS
116	P05710	205	19.05*34.6*6.2/9.2	1РМ	F-00868	70	VOLVO, FIAT	Сальник рулевой рейки	TCS
117	P03971	210	19.05*34.6*6.3/7.3	1РМ	F-00368	70	VW, FIAT	Сальник рулевой рейки	TCS
118	P03971	210	19.05*34.6*6.3/7.3	1РМ	F-00561	70	OPEL, FORD	Сальник рулевой рейки	TCS
119	P03632	63	19.05*36*6.5	1РМA	F-00146	100	VOLVO	Сальник насоса гидроусилителя	TCS
120	P07063	139	19.05*36*6.7	0MA	F-00158	100	WV, FIAT	Сальник насоса гидроусилителя	TCS
121	P07063	136	19.05*36*6.7	0MA	F-00163	100	CHRYSLER	Сальник насоса гидроусилителя	TCS
122	P03632	86	19.05*36*6.5	1РМA	F-00641	100	DODGE	Сальник насоса гидроусилителя	TCS
123	P03566	123	19.05*37*6.5/8	1РМ	F-00436	100	RENAULT, PEUGEOT	Сальник рулевой рейки	TCS
124	P03566	126	19.05*37*6.5/8	1РМ	F-00915	100	SSANG YONG	Сальник рулевой рейки	TCS
125	P10624	43	19.5*30*5/6	1РМ	F-00063X	100	Ремонтный размер	Сальник рулевой рейки	TCS
126	P10624	30	19.5*30*5/6	1РМ	F-00297X	100	Ремонтный размер	Сальник рулевой рейки	TCS
127	P10624	33	19.5*30*5/6	1РМ	F-00558X	100	Ремонтный размер	Сальник рулевой рейки	TCS
128	P10624	34	19.5*30*5/6	1РМ	F-00663X	100	Ремонтный размер	Сальник рулевой рейки	TCS
129	P10624	45	19.5*30*5/6	1РМ	F-00681X	100	Ремонтный размер	Сальник рулевой рейки	TCS
130	P10624	28	19.5*30*5/6	1РМ	F-00887X	100	Ремонтный размер	Сальник рулевой рейки	TCS
131	P10624	49	19.5*30*5/6	1РМ	F-00978X	100	Ремонтный размер	Сальник рулевой рейки	TCS
132	P10624	46	19.5*30*5/6	1РМ	F-01159X	100	Ремонтный размер	Сальник рулевой рейки	TCS
133	P09841	230	19.9*39.9*6.5	1РМ	F-00138	100	OPEL, FIAT	Сальник рулевой рейки	TCS
134	P02121	500	20*30*5/6	1РМ	F-00063	70	RENAULT, FORD	Сальник рулевой рейки	TCS
135	P02121	40	20*30*5/6	1РМ	F-00297	70	MAZDA	Сальник рулевой рейки	TCS
136	P02121	500	20*30*5/6	1РМ	F-00558	70	MERCEDES	Сальник рулевой рейки	TCS
137	P02121	500	20*30*5/6	1РМ	F-00663	70	TOYOTA	Сальник рулевой рейки	TCS
138	P02121	500	20*30*5/6	1РМ	F-00681	70	AUDI, WV	Сальник рулевой рейки	TCS
139	P02121	30	20*30*5/6	1РМ	F-00887	70	BMW	Сальник рулевой рейки	TCS
140	P02121	500	20*30*5/6	1РМ	F-00978	70	OPEL	Сальник рулевой рейки	TCS
141	P02121	500	20*30*5/6	1РМ	F-01159	70	ZF	Сальник рулевой рейки	TCS
142	P08388	112	20*30*7	1РМ	F-00054	70	ZF	Сальник рулевой рейки	TCS
143	P08388	136	20*30*7	1РМ	F-00666	70	ZF	Сальник рулевой рейки	TCS
144	P05553	120	20*30*7	7V2	F-00884	70	AUDI	Сальник рулевой рейки	TCS
145	P05771	300	20*32*5/5.5	1РМ	F-00058	70	CITROEN	Сальник рулевой рейки	TCS
146	P05554	300	20*32*7 	7V2	F-00217	200	MAZDA	Сальник рулевой рейки	TCS
147	P06099	148	20*35*7	0M2	F-00153	100	BMW	Сальник насоса гидроусилителя	TCS
148	P06099	150	20*35*7	0M2	F-00502	100	FIAT DUCATO	Сальник насоса гидроусилителя	TCS
149	P03646	74	20*35*7	1РМ	F-00609	100	ISUZU, OPEL	Сальник рулевой рейки	TCS
150	P03646	80	20*35*7	1РМ	F-00640	100	ALFA ROMEO	Сальник насоса гидроусилителя	TCS
151	P10525	100	20*35.6*6/7.7	1РМ	F-00562	100	OPEL, JEEP	Сальник рулевой рейки	TCS
152	P07468	79	20*36*7	1РМ	F-00166	100	MITSUBISHI	Сальник насоса гидроусилителя	TCS
153	P05555	77	20*36*7	7V2	F-00216	200	ISUZU, OPEL	Сальник рулевой рейки	TCS
154	P07468	77	20*36*7	1РМ	F-01153	100	KIA	Сальник насоса гидроусилителя	TCS
155	P07468	95	20*36*7	1РМ	F-01167	100	HYUNDAI	Сальник насоса гидроусилителя	TCS
156	P06942	22	20*39.62*6.35/7	1РМ	F-00186A	100	OPEL	Сальник рулевой рейки	TCS
157	P03876	350	20*39.67*6.5	1РМ	F-00100A	100	SAAB, DODGE	Сальник рулевой рейки	TCS
158	P09841	230	20*40*6	1РМ	F-00100	100	SAAB, DODGE	Сальник рулевой рейки	TCS
159	P09841	230	20*40*6	1РМ	F-00186	100	OPEL	Сальник рулевой рейки	TCS
160	P01990	50	20*41.3*6.5/9	1РМ	F-00531X	200	Ремонтный размер	Сальник рулевой рейки	TCS
161	P01990	56	20*41.3*6.5/9	1РМ	F-00659	200	FORD	Сальник рулевой рейки	TCS
162	P01990	79	20*41.3*6.5/9	1РМ	F-00667X	200	Ремонтный размер	Сальник рулевой рейки	TCS
163	P09839	183	20*42.5*3.8/5	1РМ	F-00108	100	ALFA ROMEO 156	Сальник рулевой рейки	TCS
164	P09839	183	20*42.5*3.8/5	1РМ	F-00420	100	ALFA ROMEO 166	Сальник рулевой рейки	TCS
165	P07151	850	20*42.5*7/7.8	1РМ	F-00109	100	MERCEDES	Сальник рулевой рейки	TCS
166	P08675	172	20*44*4.5	3A	F-00104	100	MERCEDES	Сальник рулевой рейки	TCS
167	P08675	196	20*44*4.5	3A	F-00191	100	VW, FIAT	Сальник рулевой рейки	TCS
168	P08779	330	20.5*34*9	7V1	F-00547X	200	Ремонтный размер	Сальник рулевой рейки	TCS
169	P03874	360	20.6*41*6.3	0M	F-01148	100	FORD S-MAX	Сальник рулевой рейки	TCS
170	P09476	365	20.6*41.2*6.3	0M	F-00168	100	FORD FIESTA	Сальник рулевой рейки	TCS
171	P09476	365	20.6*41.2*6.3	0M	F-00667	100	FORD MONDEO	Сальник рулевой рейки	TCS
172	P09476	365	20.6*41.2*6.3	0M	F-00720	100	FORD FOCUS	Сальник рулевой рейки	TCS
173	P09840	266	20.6*41.2*6.5/8	1РМ	F-00531	100	FORD FOCUS	Сальник рулевой рейки	TCS
174	P09840	260	20.6*41.3*6.5/8	1РМ	F-00493	100	FORD FUSION	Сальник рулевой рейки	TCS
175	P10645	237	21*33*8/5.5	1РМ	F-00442	100	MERCEDES W124	Сальник рулевого редуктора	TCS
176	P10645	236	21*33*8/5.5	1РМ	F-00605	100	MERCEDES W140	Сальник рулевого редуктора	TCS
177	P08780	295	21*34*9	7V1	F-00547	200	SUBARU	Сальник рулевой рейки	TCS
178	P08383	309	21*34.3*7/12	4V2	F-00497XX	200	Ремонтный размер	Сальник рулевой рейки	TCS
179	P08368	315	21*35.4*8.2	7V2	F-00494XX	200	Ремонтный размер	Сальник рулевой рейки	TCS
180	P10525	111	21*35.5*6.2/7	1РМ	F-00576	200	DODGE, OPEL	Сальник рулевой рейки	TCS
181	P08370	335	21.5*31*6.5	7V1	F-00027X	200	Ремонтный размер	Сальник рулевой рейки	TCS
182	P08373	335	21.5*32*4/6	4V2	F-00284X	200	Ремонтный размер	Сальник рулевой рейки	TCS
183	P09172	52	21.5*34*8 	7V1	F-00796X	200	Ремонтный размер	Сальник рулевой рейки	TCS
184	P08384	395	21.5*34.3*7/12 	4V2	F-00497X	200	Ремонтный размер	Сальник рулевой рейки	TCS
185	P08949	653	21.5*35*10/15.4 	7V3	F-00283X	200	Ремонтный размер	Сальник рулевой рейки	TCS
186	P08781	96	21.5*35*8.5	7V1	F-00219X	200	Ремонтный размер	Сальник рулевой рейки	TCS
187	P08781	100	21.5*35*8.5	7V1	F-00381X	200	Ремонтный размер	Сальник рулевой рейки	TCS
188	P08781	100	21.5*35*8.5	7V1	F-00670X	200	Ремонтный размер	Сальник рулевой рейки	TCS
189	P08377	165	21.5*35*9/10	7V1PM	F-00806X	200	Ремонтный размер	Сальник рулевой рейки	TCS
190	P08377	165	21.5*35*9/10	7V1PM	F-00948X	200	Ремонтный размер	Сальник рулевой рейки	TCS
191	P08369	381	21.5*35.4*8.2	7V2	F-00494X	200	Ремонтный размер	Сальник рулевой рейки	TCS
192	P05862	26	21.5*36*8	7V1	F-00670AX	200	Ремонтный размер	Сальник рулевой рейки	TCS
193	P09174	46	21.5*36.5*8.5 	7V1	F-00220X	200	Ремонтный размер	Сальник рулевой рейки	TCS
194	P08378	170	21.5*38.2*13/14	7V1PM	F-00807X	200	Ремонтный размер	Сальник рулевой рейки	TCS
195	P08378	170	21.5*38.2*13/14	7V1PM	F-00949X	200	Ремонтный размер	Сальник рулевой рейки	TCS
196	P04915	55	21.5*38.2*9	7V1	F-00221X	200	Ремонтный размер	Сальник рулевой рейки	TCS
197	P04915	60	21.5*38.2*9	7V1	F-00222X	200	Ремонтный размер	Сальник рулевой рейки	TCS
198	P04915	60	21.5*38.2*9	7V1	F-00512X	200	Ремонтный размер	Сальник рулевой рейки	TCS
199	P04915	56	21.5*38.2*9	7V1	F-00672X	200	Ремонтный размер	Сальник рулевой рейки	TCS
200	P04915	60	21.5*38.2*9	7V1	F-00797X	200	Ремонтный размер	Сальник рулевой рейки	TCS
201	P55507	110	21.5*39.4*10/12.5	7V3	F-00123X	200	Ремонтный размер	Сальник рулевой рейки	TCS
202	P08371	463	22*31*6.5	0M	F-00027	100	WV	Сальник рулевой рейки	TCS
203	P01399	360	22*32*4/6.5	4V2	F-00284	200	OPEL	Сальник рулевой рейки	TCS
204	P07963	29	22*32*5	0M	F-00425	100	ROVER	Сальник рулевой рейки	TCS
205	P02128	63	22*32*5/5.5	1РМ	F-00069	100	PEUGEOT	Сальник рулевой рейки	TCS
206	P02128	50	22*32*5/5.5	1РМ	F-00193	100	CITROEN	Сальник рулевой рейки	TCS
207	P02128	72	22*32*5/5.5	1РМ	F-00680	100	RENAULT	Сальник рулевой рейки	TCS
208	P02128	69	22*32*5/5.5	1РМ	F-00759	100	FORD	Сальник рулевой рейки	TCS
209	P02128	70	22*32*5/5.5	1РМ	F-00890	100	KIA	Сальник рулевой рейки	TCS
210	P05936	300	22*32*7	7V1	F-00098	200	TOYOTA	Сальник рулевой рейки	TCS
211	P09851	120	22*34*8	7V1	F-00280	200	TOYOTA	Сальник рулевой рейки	TCS
212	P09851	117	22*34*8	7V1	F-00796	200	DAIHATSU	Сальник рулевой рейки	TCS
213	P05718	403	22*34.3*7/12	4V2	F-00497	200	FORD	Сальник рулевой рейки	TCS
214	P55508	37	22*34.3/38*4.3/8	6V2	F-00018XX	200	Ремонтный размер	Сальник рулевой рейки	TCS
215	P55508	45	22*34.3/38*4.3/8	6V2	F-00035XX	200	Ремонтный размер	Сальник рулевой рейки	TCS
216	P55508	45	22*34.3/38*4.3/8	6V2	F-00441XX	200	Ремонтный размер	Сальник рулевой рейки	TCS
217	P55508	37	22*34.3/38*4.3/8	6V2	F-00642XX	200	Ремонтный размер	Сальник рулевой рейки	TCS
218	P05200	95	22*34.5*6.5	7V1	F-00024XX	200	Ремонтный размер	Сальник рулевой рейки	TCS
219	P05200	95	22*34.5*6.5	7V1	F-00396XX	200	Ремонтный размер	Сальник рулевой рейки	TCS
220	P01400	291	22*35*10/15.4	7V3	F-00283	200	OPEL	Сальник рулевой рейки	TCS
221	P07607	24	22*35*6/7	1PM	F-01010	100	VOLVO	Сальник рулевой рейки	TCS
222	P02160	39	22*35*7	0M	F-00304	100	ALFA ROMEO	Сальник рулевой рейки	TCS
223	P02160	39	22*35*7	0M	F-00333	100	PORSCHE	Сальник рулевой рейки	TCS
224	P05556	15	22*35*7	7V2	F-00381	200	SUZUKI 	Сальник рулевой рейки	TCS
225	P02160	37	22*35*7	0M	F-00889	100	FIAT	Сальник рулевой рейки	TCS
226	P07234	188	22*35*8.5	7V1	F-00219	200	TOYOTA	Сальник рулевой рейки	TCS
227	P07234	185	22*35*8.5	7V1	F-00670	200	DAIHATSU	Сальник рулевой рейки	TCS
228	P55509	27	22*35*9/10	7V1PM	F-00806	200	HYUNDAI ATOS	Сальник рулевой рейки	TCS
229	P55509	24	22*35*9/10	7V1PM	F-00948	200	HYUNDAI GETZ	Сальник рулевой рейки	TCS
230	P05719	630	22*35.4*8	7V2	F-00494	200	FORD	Сальник рулевой рейки	TCS
231	P06927	13	22*36*8	7V1	F-00670A	200	TOYOTA	Сальник рулевой рейки	TCS
232	P03625	54	22*36.6*8	7V2	F-00220	200	TOYOTA	Сальник рулевой рейки	TCS
233	P05557	236	22*37*8.5	7V2	F-00223XX	200	Ремонтный размер	Сальник рулевой рейки	TCS
234	P08379	147	22*38.2*13/14 	7V1PM	F-00807	200	HYUNDAI ATOS	Сальник рулевой рейки	TCS
235	P08379	146	22*38.2*13/14 	7V1PM	F-00949	200	HYUNDAI GETZ	Сальник рулевой рейки	TCS
236	P00023	71	22*38.2*8	7V1	F-00221	200	NISSAN	Сальник рулевой рейки	TCS
238	P00023	71	22*38.2*8	7V1	F-00222	200	TOYOTA 	Сальник рулевой рейки	TCS
240	P00023	73	22*38.2*8	7V1	F-00512	200	TOYOTA 	Сальник рулевой рейки	TCS
241	P00023	75	22*38.2*8	7V1	F-00672	200	HONDA	Сальник рулевой рейки	TCS
242	P00023	75	22*38.2*8	7V1	F-00797	200	DAIHATSU	Сальник рулевой рейки	TCS
243	P03619	39	22*38.5*8	7V1	F-00513	200	TOYOTA 	Сальник рулевой рейки	TCS
244	P08375	511	22*39.4*10/12.5	7V3	F-00123	200	DAEWOO MATIZ	Сальник рулевой рейки	TCS
245	P01995	320	22.2*31.75*6/7.5	1РМ	F-00748	100	MITSUBISHI	Сальник рулевой рейки	TCS
246	P03567	123	22.3*32.2*5/5.7 	1РМ	F-00526	100	SUZUKI BALENO	Сальник рулевой рейки	TCS
247	P03567	102	22.3*32.2*5/5.7 	1РМ	F-00938	100	SUBARU FORESTER	Сальник рулевой рейки	TCS
248	P55549	461	22.5*25.5*3	L-RING	F-0000B	200	AUDI 80, WV	Сальник рулевой рейки	TCS
249	P08374	116	22.5*32.5*6/8	4V2	F-00440X	200	Ремонтный размер	Сальник рулевой рейки	TCS
250	P08374	146	22.5*32.5*6/8	4V2	F-00739X	200	Ремонтный размер	Сальник рулевой рейки	TCS
251	P08372	71	22.5*34.3/38*4.3/8	6V1	F-00018X	200	Ремонтный размер	Сальник рулевой рейки	TCS
252	P08372	72	22.5*34.3/38*4.3/8	6V1	F-00035X	200	Ремонтный размер	Сальник рулевой рейки	TCS
253	P08372	65	22.5*34.3/38*4.3/8	6V1	F-00441X	200	Ремонтный размер	Сальник рулевой рейки	TCS
254	P08372	73	22.5*34.3/38*4.3/8	6V1	F-00642X	200	Ремонтный размер	Сальник рулевой рейки	TCS
255	P11776	250	22.5*34.3/40*3.2/7.5	6V2	F-00016X	200	Ремонтный размер	Сальник рулевой рейки	TCS
256	P11776	250	22.5*34.3/40*3.2/7.5	6V2	F-00034X	200	Ремонтный размер	Сальник рулевой рейки	TCS
257	P08782	155	22.5*34.5*6.5	7V1	F-00024X	200	Ремонтный размер	Сальник рулевой рейки	TCS
258	P08782	155	22.5*34.5*6.5	7V1	F-00396X	200	Ремонтный размер	Сальник рулевой рейки	TCS
259	P08782	155	22.5*34.5*6.5	7V1	F-01179X	200	Ремонтный размер	Сальник рулевой рейки	TCS
260	P08783	155	22.5*38*9	7V1	F-00402X	200	Ремонтный размер	Сальник рулевой рейки	TCS
261	P08783	150	22.5*38*9	7V1	F-00499X	200	Ремонтный размер	Сальник рулевой рейки	TCS
262	P08784	94	22.5*41*8	7V1	F-00225X	200	Ремонтный размер	Сальник рулевой рейки	TCS
263	P08784	99	22.5*41*8.5	7V1	F-00292X	200	Ремонтный размер	Сальник рулевой рейки	TCS
264	P08784	99	22.5*41*8.5	7V1	F-00926X	200	Ремонтный размер	Сальник рулевой рейки	TCS
265	N55558	71	22.8*33.5*6	7V2	F-00901	200	TRW	Сальник рулевой рейки	TCS
266	P01831	200	23*29.8*4.5	0M	F-00019	100	FORD	Сальник рулевой рейки	TCS
267	P01831	200	23*29.8*4.5	0M	F-00865	100	FIAT	Сальник рулевой рейки	TCS
268	P06524	175	23*32.5*6/8	4V2	F-00440	200	WV	Сальник рулевой рейки	TCS
269	P06524	175	23*32.5*6/8	4V2	F-00739	200	SKODA	Сальник рулевой рейки	TCS
270	P05547	166	23*33*5/5.5	1РМ	F-00089X	100	AUDI, VW, SKODA	Сальник рулевой рейки	TCS
271	P07237	184	23*33*8	7V1	F-00028XX	200	Ремонтный размер	Сальник рулевой рейки	TCS
272	P01987	385	23*34*6.5	0M	F-00097	100	TOYOTA	Сальник рулевой рейки	TCS
273	P01827	110	23*34.3/38*3.2/7.4	6V2	F-00018	200	WV PASSAT	Сальник рулевой рейки	TCS
274	P01827	110	23*34.3/38*3.2/7.4	6V2	F-00035	200	WV GOLF	Сальник рулевой рейки	TCS
275	P01827	110	23*34.3/38*3.2/7.4	6V2	F-00441	200	FIAT, SKODA	Сальник рулевой рейки	TCS
276	P01827	110	23*34.3/38*3.2/7.4	6V2	F-00642	200	MAZDA, FORD	Сальник рулевой рейки	TCS
277	P02992	183	23*34.3/40.2*3.2/7.5	6V2	F-00016	200	FIAT, SEAT	Сальник рулевой рейки	TCS
278	P02992	177	23*34.3/40.2*3.2/7.5	6V2	F-00034	200	KIA, DAEWOO	Сальник рулевой рейки	TCS
279	P05707	90	23*34.5*6.5	7V2	F-00012	200	WV PASSAT	Сальник рулевой рейки	TCS
280	P05707	90	23*34.5*6.5	7V2	F-00024	200	WV GOLF	Сальник рулевой рейки	TCS
281	P05707	90	23*34.5*6.5	7V2	F-00396	200	MAZDA, FORD	Сальник рулевой рейки	TCS
282	P05707	100	23*34.5*6.5	7V2	F-01179	200	FIAT, SKODA	Сальник рулевой рейки	TCS
283	P07238	89	23*34.5*8	7V1	F-00012M	200	WV PASSAT	Сальник рулевой рейки	TCS
284	P07238	84	23*34.5*8	7V1	F-00024M	200	WV GOLF	Сальник рулевой рейки	TCS
285	P07238	88	23*34.5*8	7V1	F-00396M	200	MAZDA, FORD	Сальник рулевой рейки	TCS
286	P07238	87	23*34.5*8	7V1	F-01179M	200	FIAT, SKODA	Сальник рулевой рейки	TCS
287	P01741	435	23*35*6.5	1РМ	F-00194	100	MITSUBISHI, TOYOTA	Сальник рулевой рейки	TCS
288	P03568	476	23*35*6.5	0M	F-00916	100	SSANG YONG	Сальник рулевой рейки	TCS
289	P08785	105	23*36.5*8.5	7V1	F-00226XM	200	Ремонтный размер	Сальник рулевой рейки	TCS
290	P08785	105	23*36.5*8.5	7V2	F-00226XX	200	Ремонтный размер	Сальник рулевой рейки	TCS
291	P08785	105	23*36.5*8.5	7V1	F-00360XX	200	Ремонтный размер	Сальник рулевой рейки	TCS
292	P55511	94	23*37*8.5	7V2	F-00223	200	SUBARU, ISUZU	Сальник рулевой рейки	TCS
293	P02498	350	23*38*7	0M	F-00195	100	MITSUBISHI, HYUNDAI	Сальник рулевой рейки	TCS
294	P07176	160	23*38*9	7V1	F-00402	200	MAZDA	Сальник рулевой рейки	TCS
295	P07176	171	23*38*9	7V1	F-00499	200	SUZUKI	Сальник рулевой рейки	TCS
296	P55512	167	23*39*8.5	7V2	F-00090XX	200	Ремонтный размер	Сальник рулевой рейки	TCS
297	P03626	216	23*40*9	7V2	F-00224	200	SUBARU	Сальник рулевой рейки	TCS
298	P00785	85	23*41*8	7V2	F-00225	200	FORD	Сальник рулевой рейки	TCS
299	P00785	90	23*41*8	7V2	F-00292	200	MAZDA	Сальник рулевой рейки	TCS
300	P03547	103	23*41*8.5	7V1	F-00225M	200	FORD	Сальник рулевой рейки	TCS
301	P03547	94	23*41*8.5	7V1	F-00292M	200	MAZDA	Сальник рулевой рейки	TCS
302	P03547	94	23*41*8.5	7V1	F-00926	200	SUBARU	Сальник рулевой рейки	TCS
303	P55513	45	23*48.5*7.5	7V2	F-00079	200	RENAULT	Сальник рулевой рейки	TCS
304	P09102	284	23.3*29.8*1.7/4.5	4V2	F-00082	100	VOLVO	Сальник рулевой рейки	TCS
305	P01831	200	23.3*29.8*4.5	0M	F-00032	100	FORD, RENAULT	Сальник рулевой рейки	TCS
306	P01831	200	23.3*29.8*4.5	0M	F-00036	100	FIAT, CITROEN	Сальник рулевой рейки	TCS
307	P01831	200	23.3*29.8*4.5	0M	F-00118	100	BMW, OPEL	Сальник рулевой рейки	TCS
308	P01831	200	23.3*29.8*4.5	0M	F-00758	100	MAZDA, PEUGEOT	Сальник рулевой рейки	TCS
309	P01831	200	23.3*29.8*4.5	0M	F-01065	100	WV, MERCEDES	Сальник рулевой рейки	TCS
310	P10598	660	23.3*30*4/6.7	4V2	F-00296	100	DODGE, CHRYSLER	Сальник рулевой рейки	TCS
311	P10598	660	23.3*30*4/6.7	4V2	F-00086	100	WV PASSAT, GOLF	Сальник рулевой рейки	TCS
312	P10598	660	23.3*30*4/6.7	4V2	F-00130	100	FORD, MAZDA	Сальник рулевой рейки	TCS
313	P09842	197	23.3*37.5*5.5	0M	F-00590	100	KIA RIO	Сальник рулевой рейки	TCS
314	P03569	115	23.5*32.5*5.3/6	1РМ	F-00837	100	INFINITI FX35, QX56	Сальник рулевой рейки	TCS
315	P03569	101	23.5*32.5*5.3/6	1РМ	F-00820	100	PATHFINDER, TEANA	Сальник рулевой рейки	TCS
316	P03569	110	23.5*32.5*5.3/6	1РМ	F-00927	100	 NAVARA, MURANO	Сальник рулевой рейки	TCS
317	P08839	286	23.5*33*7	7V1	F-00028X	200	Ремонтный размер	Сальник рулевой рейки	TCS
318	P08658	338	23.5*34*6	7V2G	F-00285X	200	Ремонтный размер	Сальник рулевой рейки	TCS
319	P08786	310	23.5*34*7	7V1	F-00236X	200	Ремонтный размер	Сальник рулевой рейки	TCS
320	P08787	81	23.5*35*8.5	7V1	F-00651X	200	Ремонтный размер	Сальник рулевой рейки	TCS
321	P08787	74	23.5*35*8.5	7V1	F-00783X	200	Ремонтный размер	Сальник рулевой рейки	TCS
322	P08787	78	23.5*35*8.5	7V1	F-00831X	200	Ремонтный размер	Сальник рулевой рейки	TCS
323	P08789	298	23.5*36*7	7V1	F-00198X	200	Ремонтный размер	Сальник рулевой рейки	TCS
324	P08788	74	23.5*36.5*8	7V1	F-00226X	200	Ремонтный размер	Сальник рулевой рейки	TCS
325	P08788	73	23.5*36.5*8	7V1	F-00360X	200	Ремонтный размер	Сальник рулевой рейки	TCS
326	P08788	85	23.5*36.5*8	7V1	F-00833X	200	Ремонтный размер	Сальник рулевой рейки	TCS
327	P08788	79	23.5*36.5*8	7V1	F-01021X	200	Ремонтный размер	Сальник рулевой рейки	TCS
328	P08380	330	23.5*36.5*9/10	7V1PM	F-00966X	200	Ремонтный размер	Сальник рулевой рейки	TCS
329	P08663	335	23.5*36/37*15/17	7V3	F-00445X	200	Ремонтный размер	Сальник рулевой рейки	TCS
330	P08382	145	23.5*36/37*8.5/17.7 	6V2MA	F-00476X	200	Ремонтный размер	Сальник рулевой рейки	TCS
331	P08382	156	23.5*36/37*8.5/17.7 	6V2MA	F-00601X	200	Ремонтный размер	Сальник рулевой рейки	TCS
332	P08489	362	23.5*37*14.5/20	4A	F-00077X	200	Ремонтный размер	Сальник рулевой рейки	TCS
333	P08790	108	23.5*37*8.5	7V1	F-00095X	200	Ремонтный размер	Сальник рулевой рейки	TCS
334	P08790	108	23.5*37*8.5	7V1	F-00121X	200	Ремонтный размер	Сальник рулевой рейки	TCS
335	P08790	108	23.5*37*8.5	7V1	F-00652X	200	SEAT	Сальник рулевой рейки	TCS
336	P08790	108	23.5*37*8.5	7V1	F-00830X	200	Ремонтный размер	Сальник рулевой рейки	TCS
337	P08790	108	23.5*37*8.5	7V1	F-00933	200	Ремонтный размер	Сальник рулевой рейки	TCS
338	P08376	310	23.5*38*12.5	7V1	F-00238X	200	Ремонтный размер	Сальник рулевой рейки	TCS
339	P08791	170	23.5*38*8	7V1	F-00612X	200	Ремонтный размер	Сальник рулевой рейки	TCS
340	P08791	170	23.5*38*8	7V1	F-00829X	200	Ремонтный размер	Сальник рулевой рейки	TCS
341	P10023	67	23.5*38.2*8.5	7V1	F-00229X	200	Ремонтный размер	Сальник рулевой рейки	TCS
342	P10023	59	23.5*38.2*8.5	7V1	F-00543X	200	Ремонтный размер	Сальник рулевой рейки	TCS
343	P10023	60	23.5*38.2*8.5	7V1	F-00716X	200	Ремонтный размер	Сальник рулевой рейки	TCS
344	P10023	91	23.5*38.2*8.5	7V1	F-01039X	200	Ремонтный размер	Сальник рулевой рейки	TCS
345	P08381	300	23.5*38.5*9/10	7V1PM	F-01018X	200	Ремонтный размер	Сальник рулевой рейки	TCS
346	P08792	158	23.5*39*8.5	7V1	F-00474X	200	Ремонтный размер	Сальник рулевой рейки	TCS
347	P08792	166	23.5*39*8.5	7V1	F-01092X	200	Ремонтный размер	Сальник рулевой рейки	TCS
348	P08657	425	23.5*39/44*8.5/16	7V2	F-00397X	200	Ремонтный размер	Сальник рулевой рейки	TCS
349	P08656	150	23.5*39/44*8.5/20.5 	7V2	F-00919X	200	Ремонтный размер	Сальник рулевой рейки	TCS
350	P08656	155	23.5*39/44*8.5/20.5 	7V2	F-01129X	200	Ремонтный размер	Сальник рулевой рейки	TCS
351	P10527	28	23.5*40*8	7V1	F-00228X	200	Ремонтный размер	Сальник рулевой рейки	TCS
352	P07784	65	23.5*40*8	7V2	F-00230X	200	Ремонтный размер	Сальник рулевой рейки	TCS
353	P10527	44	23.5*40*8	7V1	F-00240X	200	Ремонтный размер	Сальник рулевой рейки	TCS
354	P10527	46	23.5*40*8	7V1	F-00668X	200	Ремонтный размер	Сальник рулевой рейки	TCS
355	P10527	62	23.5*40*8	7V1	F-00983X	200	Ремонтный размер	Сальник рулевой рейки	TCS
356	P10527	74	23.5*40*8	7V1	F-01009X	200	Ремонтный размер	Сальник рулевой рейки	TCS
357	P08793	185	23.5*41*8.5	7V1	F-00231X	200	Ремонтный размер	Сальник рулевой рейки	TCS
358	P08793	185	23.5*41*8.5	7V1	F-00917X	200	Ремонтный размер	Сальник рулевой рейки	TCS
359	P07592	41	23.5*41*8.5 	7V2	F-00878X	200	Ремонтный размер	Сальник рулевой рейки	TCS
360	"P09438

"	49	23.5*42*8.5	7V1	F-00232X	200	Ремонтный размер	Сальник рулевой рейки	TCS
361	"P09438

"	52	23.5*42*8.5	7V1	F-00233X	200	Ремонтный размер	Сальник рулевой рейки	TCS
362	"P09438

"	66	23.5*42*8.5	7V1	F-00407X	200	Ремонтный размер	Сальник рулевой рейки	TCS
363	"P09438

"	44	23.5*42*8.5	7V1	F-00426X	200	Ремонтный размер	Сальник рулевой рейки	TCS
364	P09046	300	23.5*42.5*9/10	7V1PM	F-00965X	200	Ремонтный размер	Сальник рулевой рейки	TCS
365	P07593	71	23.5*43*8.5	7V2	F-00234X	200	Ремонтный размер	Сальник рулевой рейки	TCS
366	P08794	280	23.5*43*8.5	7V1	F-00599X	200	Ремонтный размер	Сальник рулевой рейки	TCS
367	P05504	105	23.5*48*8.5	7V1	F-00242XX	200	Ремонтный размер	Сальник рулевой рейки	TCS
368	P08795	348	23.5*50*9	7V1	F-00941X	200	Ремонтный размер	Сальник рулевой рейки	TCS
369	P09534	181	24*33*5	0M	F-00332	100	WV	Сальник рулевой рейки	TCS
370	P09534	181	24*33*5	0M	F-01157	100	OPEL	Сальник рулевой рейки	TCS
371	P03221	603	24*33*5/5.5 	1РМ	F-00089	100	AUDI, VW, SKODA	Сальник рулевой рейки	TCS
372	P08840	778	24*33*7	0M	F-00028	100	FORD, VOLVO	Сальник рулевой рейки	TCS
373	P08659	282	24*34*6	7V2G	F-00285	200	HONDA	Сальник рулевой рейки	TCS
374	P03627	305	24*34*7 	7V2	F-00236	200	NISSAN	Сальник рулевой рейки	TCS
375	P09845	125	24*35*12 	7V1	F-00239	200	MITSUBISHI	Сальник рулевой рейки	TCS
376	P06080	240	24*35*8.5 	7V1	F-00651	200	WV, SKODA	Сальник рулевой рейки	TCS
377	P06080	240	24*35*8.5 	7V1	F-00783	200	SEAT, MAZDA	Сальник рулевой рейки	TCS
378	P06080	240	24*35*8.5 	7V1	F-00831	200	MITSUBISHI, SUBARU	Сальник рулевой рейки	TCS
379	P08385	325	24*35/39*9/13.7	6V2	F-00738	200	WV	Сальник рулевой рейки	TCS
380	P03650	89	24*36*7 	0M	F-00078	100	RENAULT	Сальник рулевой рейки	TCS
381	P03628	271	24*36*7 	7V2	F-00198	200	NISSAN	Сальник рулевой рейки	TCS
382	P03650	98	24*36*7 	0M	F-00295	100	SUBARU	Сальник рулевой рейки	TCS
383	P10875	51	24*36*7/7.6 	1РМ	F-00496	100	NISSAN	Сальник рулевой рейки	TCS
384	P11404	0	24*36*8.5	7V1	F-00237	200	TOYOTA	Сальник рулевой рейки	TCS
385	P02638	225	24*36.5*12	7V2	F-00287	200	MITSUBISHI	Сальник рулевой рейки	TCS
386	P05149	220	24*36.5*7.5 	7V1	F-00360	200	RENAULT, PEUGEOT	Сальник рулевой рейки	TCS
387	P05149	220	24*36.5*7.5 	7V1	F-01021	200	MITSUBISHI, HYUNDAI	Сальник рулевой рейки	TCS
388	P00021	275	24*36.5*8 	7V2	F-00226	200	MITSUBISHI, HYUNDAI	Сальник рулевой рейки	TCS
389	P07235	93	24*36.5*8.5	7V1	F-00226M	200	MITSUBISHI, HYUNDAI	Сальник рулевой рейки	TCS
390	P07235	85	24*36.5*8.5	7V1	F-00833	200	DODGE, SUBARU	Сальник рулевой рейки	TCS
391	P07922	300	24*36.5*9/10 	7V1PM	F-00966	200	HYUNDAI	Сальник рулевой рейки	TCS
392	P05392	251	24*36/37*8.5/17.7	6V2MA	F-00476	200	PEUGEOT 206, 307	Сальник рулевой рейки	TCS
393	P05392	250	24*36/37*8.5/17.7	6V2MA	F-00601	200	CITROEN C4	Сальник рулевой рейки	TCS
394	P08490	324	24*37*14.5/20 	4A	F-00077	200	RENAULT ESPACE	Сальник рулевой рейки	TCS
395	P08664	302	24*37*15/17	7V3	F-00445	200	SAAB 9-5	Сальник рулевой рейки	TCS
396	P03542	101	24*37*7	0M	F-00048	100	BMW, FORD	Сальник рулевой рейки	TCS
397	P03542	101	24*37*7	0M	F-01158	100	VOLVO	Сальник рулевой рейки	TCS
398	P03873	150	24*37*8	7V1	F-00095M	200	WV, RENAULT	Сальник рулевой рейки	TCS
399	P03873	150	24*37*8	7V1	F-00121M	200	AUDI, VW, SKODA	Сальник рулевой рейки	TCS
400	P03873	150	24*37*8	7V1	F-00652	200	SEAT	Сальник рулевой рейки	TCS
401	P03873	150	24*37*8	7V1	F-00830	200	CITROEN, PEUGEOT	Сальник рулевой рейки	TCS
402	P03615	200	24*37*8 	7V2	F-00095	200	WV, RENAULT	Сальник рулевой рейки	TCS
403	P03615	200	24*37*8 	7V2	F-00121	200	AUDI, VW, SKODA	Сальник рулевой рейки	TCS
404	P08841	86	24*37.6*6.5	7V1	F-00014XX	200	Ремонтный размер	Сальник рулевой рейки	TCS
405	P08841	70	24*37.6*6.5	7V1	F-00038XX	200	Ремонтный размер	Сальник рулевой рейки	TCS
406	P08841	82	24*37.6*6.5	7V1	F-00227	200	SUBARU	Сальник рулевой рейки	TCS
407	P08841	64	24*37.6*6.5	7V1	F-00243XX	200	Ремонтный размер	Сальник рулевой рейки	TCS
408	P55514	36	24*37.7/41.3*4.2/7.4	6V2	F-00015XX	200	Ремонтный размер	Сальник рулевой рейки	TCS
409	P55514	35	24*37.7/41.3*4.2/7.4	6V2	F-00023XX	200	Ремонтный размер	Сальник рулевой рейки	TCS
410	P55514	36	24*37.7/41.3*4.2/7.4	6V2	F-00369XX	200	Ремонтный размер	Сальник рулевой рейки	TCS
411	P55514	32	24*37.7/41.3*4.2/7.4	6V2	F-00467XX	200	Ремонтный размер	Сальник рулевой рейки	TCS
412	P55514	36	24*37.7/41.3*4.2/7.4	6V2	F-00485XX	200	Ремонтный размер	Сальник рулевой рейки	TCS
413	P55514	37	24*37.7/41.3*4.2/7.4	6V2	F-00764XX	200	Ремонтный размер	Сальник рулевой рейки	TCS
414	P55514	32	24*37.7/41.3*4.2/7.4	6V2	F-00911XX	200	Ремонтный размер	Сальник рулевой рейки	TCS
415	P07388	125	24*38*7 	0M	F-00387	100	VOLVO, WV	Сальник рулевой рейки	TCS
416	P02385	230	24*38*7 	0M	F-00387M	100	HYUNDAI	Сальник рулевой рейки	TCS
417	P08842	203	24*38*8	7V1	F-00612	200	HONDA 	Сальник рулевой рейки	TCS
418	P05621	292	24*38.2*10.5	7V2	F-01039A	200	SUBARU	Сальник рулевой рейки	TCS
419	P08436	415	24*38.2*12.5	7V1	F-00238	200	MITSUBISHI, VOLVO	Сальник рулевой рейки	TCS
420	P07925	195	24*38.2*8	7V1	F-00229M	200	TOYOTA	Сальник рулевой рейки	TCS
421	P07925	195	24*38.2*8	7V1	F-00543	200	MITSUBISHI	Сальник рулевой рейки	TCS
422	P07925	195	24*38.2*8	7V1	F-00716	200	HYUNDAI	Сальник рулевой рейки	TCS
423	P07925	195	24*38.2*8	7V1	F-00829	200	SAAB  	Сальник рулевой рейки	TCS
424	P07925	195	24*38.2*8	7V1	F-01039	200	SUBARU	Сальник рулевой рейки	TCS
425	P10457	338	24*38.2*8.5	7V2	F-00229	200	TOYOTA	Сальник рулевой рейки	TCS
426	P08438	300	24*38.5*9/10 	7V1PM	F-01018	200	HYUNDAI	Сальник рулевой рейки	TCS
427	P55515	179	24*38.5/45*4/10	6V2	F-00488XX	200	Ремонтный размер	Сальник рулевой рейки	TCS
428	P00028	169	24*39*8.5	7V2	F-00090	200	AUDI, VW, SKODA	Сальник рулевой рейки	TCS
429	P07639	181	24*39*8.5 	7V1	F-00090M	200	AUDI, VW, SKODA	Сальник рулевой рейки	TCS
430	P07639	200	24*39*8.5 	7V1	F-00474	200	BMW	Сальник рулевой рейки	TCS
431	P00028	132	24*39*8.5 	7V2	F-01092	200	OPEL	Сальник рулевой рейки	TCS
432	P07639	210	24*39*8.5 	7V1	F-01092M	200	OPEL	Сальник рулевой рейки	TCS
433	P00028	574	24*39*8.5/16.5	7V2	F-00397	200	AUDI, VW, SKODA	Сальник рулевой рейки	TCS
434	P08796	556	24*39.5*7	7V1	F-00717	200	SAAB	Сальник рулевой рейки	TCS
435	P08655	109	24*39/44*8.5/20.5	7V2	F-00919	200	AUDI, VW	Сальник рулевой рейки	TCS
436	P08655	173	24*39/44*8.5/20.5	7V2	F-01129	200	AUDI, VW	Сальник рулевой рейки	TCS
437	P05151	135	24*40*8	7V1	F-00228	200	NISSAN	Сальник рулевой рейки	TCS
438	P05151	135	24*40*8	7V1	F-00230M	200	TOYOTA	Сальник рулевой рейки	TCS
439	P05151	135	24*40*8	7V1	F-00240	200	ACURA	Сальник рулевой рейки	TCS
440	P05151	135	24*40*8	7V1	F-00668	200	HONDA	Сальник рулевой рейки	TCS
441	P05151	135	24*40*8	7V1	F-00983	200	SUBARU	Сальник рулевой рейки	TCS
442	P05151	135	24*40*8	7V1	F-01009	200	INFINITI	Сальник рулевой рейки	TCS
443	P00787	300	24*40*8 	7V2	F-00230	200	TOYOTA	Сальник рулевой рейки	TCS
444	P09938	80	24*40.3*9/10	7V1PM	F-01117	200	CHEVROLET	Сальник рулевой рейки	TCS
445	P07177	300	24*41*12.5 	7V1	F-00291	200	MITSUBISHI	Сальник рулевой рейки	TCS
446	P00001	300	24*41*8.5 	7V1	F-00231	200	TOYOTA	Сальник рулевой рейки	TCS
447	P04264	47	24*41.2*8.5	7V2	F-00515	200	SUBARU, JAGUAR	Сальник рулевой рейки	TCS
448	P00001	300	24*41*8.5 	7V1	F-00515M	200	SUBARU, JAGUAR	Сальник рулевой рейки	TCS
449	P04264	47	24*41.2*8.5 	7V2	F-00878	200	TOYOTA	Сальник рулевой рейки	TCS
450	P10605	178	24*41.2*8.5 	7V1	F-00878M	200	TOYOTA	Сальник рулевой рейки	TCS
451	P10605	185	24*41.2*8.5 	7V1	F-00917	200	OPEL ASTRA H	Сальник рулевой рейки	TCS
452	P03605	250	24*42*8	7V1	F-00232	200	MITSUBISHI	Сальник рулевой рейки	TCS
453	P03605	250	24*42*8	7V1	F-00233	200	TOYOTA	Сальник рулевой рейки	TCS
454	P03605	250	24*42*8	7V1	F-00407	200	HONDA	Сальник рулевой рейки	TCS
455	P03605	250	24*42*8	7V1	F-00426	200	HYUNDAI	Сальник рулевой рейки	TCS
456	P02636	300	24*42.5*13/14	7V1PM	F-00171	200	HYUNDAI	Сальник рулевой рейки	TCS
457	P06316	315	24*42.5*8.5	7V1	F-00818	200	HONDA	Сальник рулевой рейки	TCS
458	P07923	149	24*42.5*9/10	7V1PM	F-00965	200	HYUNDAI	Сальник рулевой рейки	TCS
459	P03695	299	24*43*13	7V1	F-00171A	200	HYUNDAI	Сальник рулевой рейки	TCS
460	P07178	148	24*43*7	7V1	F-00234	200	NISSAN	Сальник рулевой рейки	TCS
461	P03633	100	24*43*8.5 	1РМ	F-00099A	100	TOYOTA	Сальник насоса гидроусилителя	TCS
462	P03807	300	24*43*8.5 	7V1	F-00599	200	NISSAN	Сальник рулевой рейки	TCS
463	P10528	136	24*44.3*8.5	7V1	F-00712	200	HONDA STREAM	Сальник рулевой рейки	TCS
464	P10528	169	24*44.3*8.5	7V1	F-01150	200	HONDA FR-V	Сальник рулевой рейки	TCS
465	P04062	176	24*45*12.5	7V1	F-01096	200	HONDA	Сальник рулевой рейки	TCS
466	P09855	170	24*46*8	7V1	F-01099	200	HONDA	Сальник рулевой рейки	TCS
467	P08843	285	24*50*9	7V1	F-00941	200	NISSAN MURANO	Сальник рулевой рейки	TCS
468	P08660	344	24.5*33/37.5*6.7/8	6V3	F-00072X	200	Ремонтный размер	Сальник рулевой рейки	TCS
469	P04916	82	24.5*35*4/6.5	4V2	F-00135X	200	Ремонтный размер	Сальник рулевой рейки	TCS
470	P04916	90	24.5*35*4/6.5	4V2	F-00406X	200	Ремонтный размер	Сальник рулевой рейки	TCS
471	P04916	83	24.5*35*4/6.5	4V2	F-00724X	200	Ремонтный размер	Сальник рулевой рейки	TCS
472	P55516	142	24.5*35/40*1.7/10	6V3	F-00107X	200	Ремонтный размер	Сальник рулевой рейки	TCS
473	P08797	298	24.5*36*8.5	7V1	F-00423X	200	Ремонтный размер	Сальник рулевой рейки	TCS
474	P08798	284	24.5*37*7	7V1	F-00071X	200	Ремонтный размер	Сальник рулевой рейки	TCS
475	P08798	288	24.5*37*7	7V1	F-00713X	200	Ремонтный размер	Сальник рулевой рейки	TCS
476	P04917	55	24.5*37.54*7.5 	7V1	F-00014X	200	Ремонтный размер	Сальник рулевой рейки	TCS
477	P04917	55	24.5*37.54*7.5 	7V1	F-00038X	200	Ремонтный размер	Сальник рулевой рейки	TCS
478	P04917	55	24.5*37.54*7.5 	7V1	F-00243X	200	Ремонтный размер	Сальник рулевой рейки	TCS
479	P08433	39	24.5*37.54/41.24*4.2/7.4 	6V2	F-00015X	200	Ремонтный размер	Сальник рулевой рейки	TCS
480	P08433	32	24.5*37.54/41.24*4.2/7.4 	6V2	F-00023X	200	Ремонтный размер	Сальник рулевой рейки	TCS
481	P08433	36	24.5*37.54/41.24*4.2/7.4 	6V2	F-00369X	200	Ремонтный размер	Сальник рулевой рейки	TCS
482	P08433	41	24.5*37.54/41.24*4.2/7.4 	6V2	F-00467X	200	Ремонтный размер	Сальник рулевой рейки	TCS
483	P08433	41	24.5*37.54/41.24*4.2/7.4 	6V2	F-00485X	200	Ремонтный размер	Сальник рулевой рейки	TCS
484	P08433	44	24.5*37.54/41.24*4.2/7.4 	6V2	F-00764X	200	Ремонтный размер	Сальник рулевой рейки	TCS
485	P08433	36	24.5*37.54/41.24*4.2/7.4 	6V2	F-00911X	200	Ремонтный размер	Сальник рулевой рейки	TCS
486	P10529	65	24.5*37.8*7 	7V1	F-00653X	200	Ремонтный размер	Сальник рулевой рейки	TCS
487	P10529	84	24.5*37.8*7 	7V1	F-01175X	200	Ремонтный размер	Сальник рулевой рейки	TCS
488	P08844	166	24.5*38*7 	7V1	F-00070X	200	Ремонтный размер	Сальник рулевой рейки	TCS
489	P08844	173	24.5*38*7 	7V1	F-00281X	200	Ремонтный размер	Сальник рулевой рейки	TCS
490	P10529	70	24.5*37.8*7 	7V1	F-00448X	200	Ремонтный размер	Сальник рулевой рейки	TCS
491	P08429	296	24.5*38.5/45*4/10	6V2	F-00488X	200	Ремонтный размер	Сальник рулевой рейки	TCS
492	P55518	31	24.5*39.3*10/12.6	7V3	F-00129X	200	Ремонтный размер	Сальник рулевой рейки	TCS
493	P55518	51	24.5*39.3*10/12.6	7V3	F-00246X	200	Ремонтный размер	Сальник рулевой рейки	TCS
494	P08845	287	24.5*39.5*8.5	7V1	F-00094X	200	Ремонтный размер	Сальник рулевой рейки	TCS
495	P08846	150	24.5*40*8	7V1	F-00106X	200	Ремонтный размер	Сальник рулевой рейки	TCS
496	P08846	150	24.5*40*8	7V1	F-00935X	200	Ремонтный размер	Сальник рулевой рейки	TCS
497	P08847	115	24.5*41*8	7V1	F-00288X	200	Ремонтный размер	Сальник рулевой рейки	TCS
498	P08847	200	24.5*41*9	7V1	F-00669X	200	Ремонтный размер	Сальник рулевой рейки	TCS
500	"P05582

"	291	24.5*41.5*7.5 	7V1	F-00534X	200	Ремонтный размер	Сальник рулевой рейки	TCS
501	P05201	49	24.5*42.5*12	7V3	F-00120X	200	Ремонтный размер	Сальник рулевой рейки	TCS
502	P08848	130	24.5*43*9	7V1	F-00241X	200	Ремонтный размер	Сальник рулевой рейки	TCS
503	P08848	130	24.5*43*9	7V1	F-00293X	200	Ремонтный размер	Сальник рулевой рейки	TCS
504	P08848	130	24.5*43*9	7V1	F-00518X	200	Ремонтный размер	Сальник рулевой рейки	TCS
505	P08848	130	24.5*43*9	7V1	F-00714X	200	Ремонтный размер	Сальник рулевой рейки	TCS
506	P08849	294	24.5*44*9	7V1	F-00377X	200	Ремонтный размер	Сальник рулевой рейки	TCS
507	P08850	356	24.5*48*10	7V1	F-00242X	200	Ремонтный размер	Сальник рулевой рейки	TCS
508	P09064	30	24.7*37.7*6.5 	7V1	F-00014X1	200	Ремонтный размер	Сальник рулевой рейки	TCS
509	P09064	22	24.7*37.7*6.5 	7V1	F-00038X1	200	Ремонтный размер	Сальник рулевой рейки	TCS
510	P09064	15	24.7*37.7*6.5 	7V1	F-00243X1	200	Ремонтный размер	Сальник рулевой рейки	TCS
511	P01743	170	24.97*37.54*7	7V2	F-00014	200	FIAT, FORD	Сальник рулевой рейки	TCS
512	P06800	275	24.97*37.54*7	7V1	F-00014M	200	FIAT, FORD	Сальник рулевой рейки	TCS
513	P07070	305	24.97*37.54*7	7V2	F-00038	200	NISSAN, CHRYSLER	Сальник рулевой рейки	TCS
514	P06800	275	24.97*37.54*7	7V1	F-00038M	200	NISSAN, CHRYSLER	Сальник рулевой рейки	TCS
515	P08434	116	24.97*37.54/41.24*4.2/7.4	6V2	F-00015	200	FIAT, FORD	Сальник рулевой рейки	TCS
516	P08434	140	24.97*37.54/41.24*4.2/7.4	6V2	F-00764	200	VOLVO	Сальник рулевой рейки	TCS
517	P08434	137	24.97*37.54/41.24*4.2/7.4	6V2	F-00911	200	DODGE, CHRYSLER	Сальник рулевой рейки	TCS
518	P55550	447	25*28*3	L-RING	F-0000C	200	AUDI 80, B4	Сальник рулевой рейки	TCS
519	P08661	520	25*33/37.5*6.7/8	6V3	F-00072	200	RENAULT	Сальник рулевой рейки	TCS
520	P08661	90	25*33/37.5*6.7/8	6V2	F-00613	200	RENAULT	Сальник рулевой рейки	TCS
521	P02468	69	25*34*5	0M	F-00301	100	FORD  	Сальник рулевой рейки	TCS
522	P02468	75	25*34*5	0M	F-00312	100	TOYOTA, SAAB	Сальник рулевой рейки	TCS
523	P10647	376	25*34*5	12	F-00489	200	MAZDA, SUZUKI, HONDA 	Сальник рулевой рейки	TCS
524	P03970	106	25*34*6/6.5	1РМ	F-00311	100	MAZDA  	Сальник рулевой рейки	TCS
525	P10033	84	25*34*7	0M	F-00196	100	OPEL	Сальник рулевой рейки	TCS
526	P10033	40	25*34*7	0M	F-00422	100	MERCEDES	Сальник рулевой рейки	TCS
527	P08353	225	25*35*4/6.5	4V2	F-00135	200	OPEL	Сальник рулевой рейки	TCS
528	P08353	225	25*35*4/6.5	4V2	F-00406	200	DAEWOO	Сальник рулевой рейки	TCS
529	P08353	225	25*35*4/6.5	4V2	F-00724	200	CHEVROLET, DODGE	Сальник рулевой рейки	TCS
530	P08622	70	25*35*6/6.5 	1РМ	F-00696	100	TOYOTA	Сальник рулевой рейки	TCS
531	P08622	98	25*35*6/6.5 	1РМ	F-00009	100	MERCEDES	Сальник рулевой рейки	TCS
532	P03571	182	25*35*7 	0M	F-00199	100	TOYOTA	Сальник рулевой рейки	TCS
533	P09856	301	25*35*8	7V1	F-00245M	200	NISSAN	Сальник рулевой рейки	TCS
534	P03630	206	25*35*8 	7V2	F-00245	200	NISSAN	Сальник рулевой рейки	TCS
535	P10026	132	25*35*7 	0M2	F-00509	200	MERCEDES	Сальник насоса гидроусилителя	TCS
536	P10026	133	25*35*7 	0M2	F-00631	200	SSANGYONG	Сальник насоса гидроусилителя	TCS
537	P09844	189	25*35/40*1.7/10	6V2	F-00107	200	RENAULT	Сальник рулевой рейки	TCS
538	P05723	70	25*36*5/5.5	1РМ	F-00530	100	NISSAN	Сальник рулевой рейки	TCS
539	P03554	300	25*36*8	7V2	F-00423	200	MERCEDES	Сальник рулевой рейки	TCS
540	P06550	436	25*37*6/6.5	1PM	F-00721	100	ZF, LUK	Сальник рулевой рейки	TCS
541	P09857	210	25*37*7	7V1	F-00071	200	RENAULT	Сальник рулевой рейки	TCS
542	P03021	131	25*37*9 	7V1	F-00713	200	MAZDA  	Сальник рулевой рейки	TCS
543	P03021	197	25*37*9 	7V1	F-01166	200	RENAULT	Сальник рулевой рейки	TCS
544	P03021	106	25*37*9   	7V1	F-00093	200	VOLVO	Сальник рулевой рейки	TCS
545	P01743	170	25*37.54*7	7V2	F-00243	200	FORD, MAZDA	Сальник рулевой рейки	TCS
546	P06800	275	25*37.54*7	7V1	F-00243M	200	FORD, MAZDA	Сальник рулевой рейки	TCS
547	P06800	275	25*37.54*7	7V1	F-00844	200	NISSAN, KIA	Сальник рулевой рейки	TCS
548	P08434	145	25*37.54/41.24*4.2/7.4	6V2	F-00023	200	VOLVO	Сальник рулевой рейки	TCS
549	P08434	125	25*37.54/41.24*4.2/7.4	6V2	F-00369	200	DODGE, CHRYSLER	Сальник рулевой рейки	TCS
550	P08434	124	25*37.54/41.24*4.2/7.4	6V2	F-00467	200	FIAT, NISSAN	Сальник рулевой рейки	TCS
551	P08434	130	25*37.54/41.24*4.2/7.4	6V2	F-00485	200	FORD	Сальник рулевой рейки	TCS
552	P09850	170	25*37.54/41.24*4.5/9.5	6V1	F-01042	200	CHRYSLER	Сальник рулевой рейки	TCS
553	P09850	177	25*37.54/41.24*4.5/9.5	6V1	F-01222	200	DODGE	Сальник рулевой рейки	TCS
554	P09852	255	25*37.8*6.5	7V1	F-00653	200	FIAT	Сальник рулевой рейки	TCS
555	P09852	255	25*37.8*6.5    	7V1	F-01175	200	NISSAN, FORD	Сальник рулевой рейки	TCS
556	P10674	407	25*38*10/12.5	7V3	F-00126	200	SAAB 	Сальник рулевой рейки	TCS
557	P09852	255	25*37.8*6.5	7V1	F-00448	200	NISSAN, OPEL	Сальник рулевой рейки	TCS
558	P09853	580	25*38*6.3	7V1	F-01046M	200	DODGE, CHEVY	Сальник рулевой рейки	TCS
560	P10673	375	25*38*7	0M	F-00031	100	AUDI, WV, TOYOTA	Сальник рулевой рейки	TCS
562	P01744	300	25*38*7 	7V2	F-01046	200	DODGE, CHEVY	Сальник рулевой рейки	TCS
563	P02122	87	25*38*7/8	1РМ	F-00096	100	TOYOTA	Сальник рулевой рейки	TCS
564	P02122	430	25*38*7/8	1PM	F-01173	100	LEXUS	Сальник рулевой рейки	TCS
565	P05564	165	25*38*8.5 	7V2	F-00244	200	NISSAN	Сальник рулевой рейки	TCS
566	P05564	165	25*38*8.5 	7V2	F-00281	200	VOLVO	Сальник рулевой рейки	TCS
567	P05220	76	25*38/43*3/9	6V2	F-00126A	200	SAAB 	Сальник рулевой рейки	TCS
568	P03543	241	25*38.2*10	7V1	F-00527	200	CHRYSLER	Сальник рулевой рейки	TCS
569	P03795	211	25*38.5/44.2*7/12.5	6V2	F-00604	200	FORD	Сальник рулевой рейки	TCS
570	P09849	378	25*38.5/45*4/10	6V2	F-00488	200	DODGE, CHRYSLER	Сальник рулевой рейки	TCS
571	P08447	134	25*39.3*10/12.6	7V3	F-00129	200	OPEL VECTRA	Сальник рулевой рейки	TCS
572	P08447	134	25*39.3*10/12.6	7V3	F-00246	200	FIAT FIORINO	Сальник рулевой рейки	TCS
573	P08447	134	25*39.3*10/12.6	7V3	F-00658	200	DODGE, CHRYSLER	Сальник рулевой рейки	TCS
574	P08851	229	25*39.5*8	7V1	F-00094	200	RENAULT	Сальник рулевой рейки	TCS
575	P08851	227	25*39.5*8	7V1	F-00524X	200	Ремонтный размер	Сальник рулевой рейки	TCS
577	P06100	23	25*40*10	0M2	F-00731	200	FIAT	Сальник насоса гидроусилителя	TCS
578	P06100	20	25*40*10	0M2	F-00819	200	DAF	Сальник насоса гидроусилителя	TCS
579	P05566	16	25*40*8.5	7V2	F-00106	200	RENAULT	Сальник рулевой рейки	TCS
580	P07640	265	25*40*8.5	7V1	F-00935	200	NISSAN	Сальник рулевой рейки	TCS
581	P01745	435	25*41*8	7V2	F-00288	200	VOLVO, RENAULT	Сальник рулевой рейки	TCS
582	P08963	175	25*41*8.5 	7V1	F-00253X	200	Ремонтный размер	Сальник рулевой рейки	TCS
583	P08963	175	25*41*8.5 	7V1	F-00288M	200	VOLVO	Сальник рулевой рейки	TCS
584	P08963	175	25*41*8.5 	7V1	F-00669	200	MAZDA  	Сальник рулевой рейки	TCS
585	P07428	93	25*41.2*8 	7V1	F-00534A	200	FORD	Сальник рулевой рейки	TCS
586	P09239	680	25*41.5*7.5 	7V2	F-00534	200	FORD	Сальник рулевой рейки	TCS
587	P03620	347	25*41.5*8	7V1	F-00534M	200	FORD	Сальник рулевой рейки	TCS
588	P01445	348	25*42*8.5	7V1	F-00411	200	MAZDA  	Сальник рулевой рейки	TCS
589	P03356	160	25*42.5*12.5	7V3	F-00120	200	OPEL, CHERY	Сальник рулевой рейки	TCS
590	P08307	125	25*42.5*12.5	7V1	F-00120M	200	OPEL, CHERY	Сальник рулевой рейки	TCS
591	P03356	201	25*42.5*12.5	7V3	F-00661	200	CHEVROLET	Сальник рулевой рейки	TCS
592	P08307	139	25*42.5*12.5	7V1	F-00661M	200	CHEVROLET	Сальник рулевой рейки	TCS
593	P01746	157	25*42.5*8	7V2	F-00255X	200	Ремонтный размер	Сальник рулевой рейки	TCS
594	P00788	100	25*43*9 	7V2	F-00241	200	FORD	Сальник рулевой рейки	TCS
595	P09858	130	25*43*9 	7V1	F-00241M	200	FORD	Сальник рулевой рейки	TCS
596	P00788	100	25*43*9 	7V2	F-00293	200	MAZDA  	Сальник рулевой рейки	TCS
597	P00788	100	25*43*9 	7V2	F-00518	200	SUZUKI	Сальник рулевой рейки	TCS
598	P09858	130	25*43*9 	7V1	F-00518M	200	SUZUKI	Сальник рулевой рейки	TCS
599	P09858	130	25*43*9 	7V1	F-00714	200	KIA, MITSUBISHI	Сальник рулевой рейки	TCS
600	P06766	67	25*44*8.5	7V1	F-00377	200	NISSAN	Сальник рулевой рейки	TCS
601	P05550	258	25*44*8.5 	7V2	F-00247X	200	Ремонтный размер	Сальник рулевой рейки	TCS
602	P09847	54	25*45*10/11.5	7V1PM	F-00808	200	WV, DODGE	Сальник рулевой рейки	TCS
603	P09847	65	25*45*10/11.5	7V1PM	F-00860	200	CHEVROLET	Сальник рулевой рейки	TCS
604	P55522	99	25*45*8	7V2	F-00282	200	NISSAN	Сальник рулевой рейки	TCS
605	P04394	79	25*47*7 	0M	F-00788	100	NISSAN	Сальник рулевой рейки	TCS
606	P08852	296	25*48*10	7V1	F-00242	200	FORD, MAZDA	Сальник рулевой рейки	TCS
607	P08853	333	25*50*8.5	7V1	F-00826XX	200	Ремонтный размер	Сальник рулевой рейки	TCS
608	P08854	445	25.5*35*7	7V1	F-00025X	200	Ремонтный размер	Сальник рулевой рейки	TCS
609	P08437	330	25.5*38*12	7V1	F-00373X	200	Ремонтный размер	Сальник рулевой рейки	TCS
610	P55523	36	25.5*38*8.5	7V2	F-00261X	200	Ремонтный размер	Сальник рулевой рейки	TCS
611	P55523	59	25.5*38*8.5	7V2	F-00371X	200	Ремонтный размер	Сальник рулевой рейки	TCS
612	P55523	52	25.5*38*8.5	7V2	F-00541X	200	Ремонтный размер	Сальник рулевой рейки	TCS
613	P08855	165	25.5*38*8.5	7V1	F-00923X	200	Ремонтный размер	Сальник рулевой рейки	TCS
614	P08855	165	25.5*38*8.5	7V1	F-01170X	200	Ремонтный размер	Сальник рулевой рейки	TCS
615	P11043	191	25.5*38.6*8	7V1	F-00251	200	TOYOTA	Сальник рулевой рейки	TCS
616	P11043	193	25.5*38.6*8	7V1	F-00399	200	TOYOTA	Сальник рулевой рейки	TCS
617	P08462	300	25.5*38/40*8.5/17.7	6V2MA	F-00535X	200	Ремонтный размер	Сальник рулевой рейки	TCS
618	P07429	143	25.5*39.5*9	7V1	F-00524	200	TOYOTA	Сальник рулевой рейки	TCS
619	P08856	306	25.5*40*8.5	7V1	F-00380X	200	Ремонтный размер	Сальник рулевой рейки	TCS
620	P55524	17	25.5*41*8.5	7V2	F-00262X	200	Ремонтный размер	Сальник рулевой рейки	TCS
621	P09859	113	25.5*41*8.5	7V1	F-00592X	200	Ремонтный размер	Сальник рулевой рейки	TCS
622	P09859	97	25.5*41*8.5	7V1	F-00253	200	TOYOTA	Сальник рулевой рейки	TCS
623	P08857	175	25.5*42*8.5	7V1	F-00254	200	TOYOTA	Сальник рулевой рейки	TCS
624	P08857	174	25.5*42*8.5	7V1	F-00934X	200	Ремонтный размер	Сальник рулевой рейки	TCS
625	P08857	174	25.5*42*8.5	7V1	F-01107X	200	Ремонтный размер	Сальник рулевой рейки	TCS
627	P08439	360	25.5*42.5*13/14	7V1PM	F-00401AX	200	Ремонтный размер	Сальник рулевой рейки	TCS
628	P03548	58	25.5*42.5*8	7V1	F-00255M	200	TOYOTA	Сальник рулевой рейки	TCS
629	P03548	58	25.5*42.5*8	7V1	F-00401X	200	Ремонтный размер	Сальник рулевой рейки	TCS
630	P03548	58	25.5*42.5*8	7V1	F-00447X	200	Ремонтный размер	Сальник рулевой рейки	TCS
631	P03548	58	25.5*42.5*8	7V1	F-01044	200	DAIHATSU, TOYOTA 	Сальник рулевой рейки	TCS
632	P08858	217	25.5*43*8	7V1	F-00475X	200	Ремонтный размер	Сальник рулевой рейки	TCS
633	P55526	22	25.5*43*8	7V2	F-00542X	200	Ремонтный размер	Сальник рулевой рейки	TCS
634	P08858	215	25.5*43*8	7V1	F-00952X	200	Ремонтный размер	Сальник рулевой рейки	TCS
635	P09860	50	25.5*44*8.5	7V1	F-00501X	200	Ремонтный размер	Сальник рулевой рейки	TCS
636	P09860	50	25.5*44*8.5	7V1	F-00544X	200	Ремонтный размер	Сальник рулевой рейки	TCS
637	P09860	50	25.5*44*8.5	7V1	F-00813X	200	Ремонтный размер	Сальник рулевой рейки	TCS
638	P09860	50	25.5*44*8.5	7V1	F-00994X	200	Ремонтный размер	Сальник рулевой рейки	TCS
639	P09860	50	25.5*44*8.5	7V1	F-01138X	200	Ремонтный размер	Сальник рулевой рейки	TCS
640	P09860	50	25.5*44*8.5	7V1	F-00247	200	Ремонтный размер	Сальник рулевой рейки	TCS
641	W04919	43	25.5*45*8	7V2	F-00259X	200	Ремонтный размер	Сальник рулевой рейки	TCS
642	P08859	242	25.5*45*8	7V1	F-00832X	200	Ремонтный размер	Сальник рулевой рейки	TCS
643	P08860	315	25.5*45.5*8.5	7V1	F-00780X	200	Ремонтный размер	Сальник рулевой рейки	TCS
644	P08861	100	25.5*46*8	7V1	F-00400X	200	Ремонтный размер	Сальник рулевой рейки	TCS
645	P08861	100	25.5*46*8	7V1	F-00881X	200	Ремонтный размер	Сальник рулевой рейки	TCS
646	P08861	100	25.5*46*8	7V1	F-01176X	200	Ремонтный размер	Сальник рулевой рейки	TCS
647	P08862	145	25.5*47*8.5	7V1	F-00930X	200	Ремонтный размер	Сальник рулевой рейки	TCS
648	P08862	145	25.5*47*8.5	7V1	F-00990X	200	Ремонтный размер	Сальник рулевой рейки	TCS
649	P08863	150	25.5*48*8.5	7V1	F-01019X	200	Ремонтный размер	Сальник рулевой рейки	TCS
650	P08863	151	25.5*48*8.5	7V1	F-01154X	200	Ремонтный размер	Сальник рулевой рейки	TCS
651	P08864	335	25.5*50*8.5	7V1	F-00826X	200	Ремонтный размер	Сальник рулевой рейки	TCS
652	P03597	385	25.7*35.5*7/8	1РМ	F-00141	100	AUDI, WV	Сальник рулевой рейки	TCS
653	P05769	214	26*34*4.5/7	1РМ	F-00520	100	WV B6	Сальник рулевой рейки	TCS
654	P55527	456	26*35*4/8	4V2	F-00339	200	SAAB 900, 9000	Сальник рулевой рейки	TCS
655	P10646	784	26*35*6	7V2G	F-00256	200	HONDA	Сальник рулевой рейки	TCS
656	P04063	345	26*35*6	1РМ	F-00309	100	SUBARU, SUZUKI 	Сальник рулевой рейки	TCS
657	P03572	211	26*35*7	0M	F-00025	100	BMW, ALFA ROMEO	Сальник рулевой рейки	TCS
658	P03572	210	26*35*7	0M	F-00483	100	TOYOTA, FORD, WV	Сальник рулевой рейки	TCS
659	P08773	117	26*35.5*6.8/7.3 	1РМ	F-00303	100	SUBARU, SUZUKI, WV	Сальник рулевой рейки	TCS
660	P10526	217	26*37*5 	0M	F-00331	100	ZF	Сальник рулевой рейки	TCS
661	P03541	100	26*37*7 	0M	F-00047	100	AUDI, WV	Сальник рулевой рейки	TCS
662	P03541	100	26*37*7 	0M	F-00124	100	OPEL, DAEWOO	Сальник рулевой рейки	TCS
663	P03541	100	26*37*7 	0M	F-00490	100	BMW, ALFA ROMEO	Сальник рулевой рейки	TCS
664	P03541	100	26*37*7 	0M	F-00675	100	MITSUBISHI	Сальник рулевой рейки	TCS
665	P03877	247	26*37*7/8 	0M	F-00389	100	ZF	Сальник рулевой рейки	TCS
666	P03516	91	26*38*12	7V2	F-00373	200	MITSUBISHI	Сальник рулевой рейки	TCS
667	P01983	2060	26*38*6.5 	0M	F-00206	100	TOYOTA, MITSUBISHI	Сальник рулевой рейки	TCS
668	P04277	155	26*38*8.5	7V1	F-00261M	200	MITSUBISHI	Сальник рулевой рейки	TCS
669	P04277	155	26*38*8.5	7V1	F-00371M	200	PEUGEOT 	Сальник рулевой рейки	TCS
670	P04277	155	26*38*8.5	7V1	F-00545M	200	HONDA	Сальник рулевой рейки	TCS
671	P04277	155	26*38*8.5	7V1	F-00923	200	CITROEN	Сальник рулевой рейки	TCS
672	P04277	155	26*38*8.5	7V1	F-01170	200	MAZDA  	Сальник рулевой рейки	TCS
673	P08347	69	26*38*8.5 	7V2	F-00261	200	MITSUBISHI	Сальник рулевой рейки	TCS
674	P08347	140	26*38*8.5 	7V2	F-00371	200	PEUGEOT 	Сальник рулевой рейки	TCS
675	P04277	155	26*38*8.5 	7V1	F-00541	200	MERCEDES	Сальник рулевой рейки	TCS
676	P08347	126	26*38*8.5 	7V2	F-00545	200	HONDA	Сальник рулевой рейки	TCS
677	P02134	91	26*38*9.5/10.5	7V1PM	F-00812	200	HYUNDAI	Сальник рулевой рейки	TCS
678	P02634	281	26*38/40*8.5/17.7 	6V2MA	F-00535	200	CITROEN	Сальник рулевой рейки	TCS
679	P09861	161	26*39.5*8.5	7V1	F-00694	200	TOYOTA	Сальник рулевой рейки	TCS
680	P08866	348	26*40*8.5	7V1	F-00380	200	RENAULT	Сальник рулевой рейки	TCS
681	P09848	241	26*40.5*9/10	7V1PM	F-01141	200	SAAB 	Сальник рулевой рейки	TCS
682	P03598	340	26*41*12.5	7V2	F-00258	200	MITSUBISHI	Сальник рулевой рейки	TCS
683	P02493	273	26*41*8.5 	7V2	F-00262	200	MITSUBISHI	Сальник рулевой рейки	TCS
684	P04278	197	26*41*8.5 	7V1	F-00262M	200	MITSUBISHI	Сальник рулевой рейки	TCS
685	P04278	198	26*41*8.5 	7V1	F-00592	200	MAZDA, DODGE	Сальник рулевой рейки	TCS
686	P08867	228	26*41.5*8.5	7V1	F-00583	200	LEXUS	Сальник рулевой рейки	TCS
687	P08867	227	26*41.5*8.5	7V1	F-00695	200	TOYOTA	Сальник рулевой рейки	TCS
688	P08868	180	26*42*8	7V1	F-00934	200	SUBARU	Сальник рулевой рейки	TCS
689	P08868	213	26*42*8	7V1	F-01107	200	MAZDA	Сальник рулевой рейки	TCS
690	P08440	309	26*42.5*13/14	7V1PM	F-00401A	200	HYUNDAI	Сальник рулевой рейки	TCS
691	P07898	127	26*42.5*8.5	7V1	F-00401	200	MITSUBISHI	Сальник рулевой рейки	TCS
692	P07898	144	26*42.5*8.5	7V1	F-00447	200	LEXUS	Сальник рулевой рейки	TCS
693	P02639	238	26*43*12.5	7V2	F-00257	200	MITSUBISHI	Сальник рулевой рейки	TCS
694	P01748	0	26*43*8	7V2	F-00542	200	MERCEDES	Сальник рулевой рейки	TCS
695	P01748	287	26*43*8	7V2	F-00542A	200	ALFA ROMEO	Сальник рулевой рейки	TCS
696	P08869	179	26*43*8.5 	7V1	F-00475	200	NISSAN	Сальник рулевой рейки	TCS
697	P08869	218	26*43*8.5 	7V1	F-00542M	200	MERCEDES	Сальник рулевой рейки	TCS
698	P08869	218	26*43*8.5 	7V1	F-00952	200	INFINITI	Сальник рулевой рейки	TCS
699	P03549	120	26*44*8 	7V1	F-00501	200	MITSUBISHI, HONDA 	Сальник рулевой рейки	TCS
700	P03549	120	26*44*8 	7V1	F-00544	200	LEXUS, HONDA	Сальник рулевой рейки	TCS
701	P03549	120	26*44*8 	7V1	F-00683X	200	Ремонтный размер	Сальник рулевой рейки	TCS
702	P03549	120	26*44*8 	7V1	F-00922X	200	Ремонтный размер	Сальник рулевой рейки	TCS
703	P03549	120	26*44*8 	7V1	F-01138	200	DODGE, CHRYSLER	Сальник рулевой рейки	TCS
704	P08598	145	26*44*9/10	7V1PM	F-00813	200	CHEVROLET	Сальник рулевой рейки	TCS
705	P08598	145	26*44*9/10	7V1PM	F-00994	200	KIA, HYUNDAI	Сальник рулевой рейки	TCS
706	P09862	129	26*44.5*8.5 	7V1	F-00544A	200	LEXUS, HONDA	Сальник рулевой рейки	TCS
707	P03744	300	26*45*7	7V2	F-00259	200	NISSAN	Сальник рулевой рейки	TCS
708	P03621	195	26*45*8.5	7V1	F-00259M	200	NISSAN	Сальник рулевой рейки	TCS
709	P03621	195	26*45*8.5	7V1	F-00376	200	INFINITI	Сальник рулевой рейки	TCS
710	P03621	195	26*45*8.5	7V1	F-00832	200	NISSAN	Сальник рулевой рейки	TCS
711	P08870	280	26*45.5*8.5	7V1	F-00780	200	MERCEDES	Сальник рулевой рейки	TCS
712	P09863	51	26*46*8	7V1	F-00400	200	HONDA	Сальник рулевой рейки	TCS
713	P09863	83	26*46*8	7V1	F-00881	200	PEUGEOT 	Сальник рулевой рейки	TCS
714	P09863	84	26*46*8	7V1	F-01176	200	FIAT, CITROEN	Сальник рулевой рейки	TCS
715	P04495	340	26*47*8.5	7V1	F-00930	200	NISSAN	Сальник рулевой рейки	TCS
716	P04495	127	26*47*8.5	7V1	F-00990	200	INFINITI	Сальник рулевой рейки	TCS
717	P08871	125	26*48*8.5	7V1	F-01019	200	ACURA	Сальник рулевой рейки	TCS
718	P08871	138	26*48*8.5	7V1	F-01154	200	HONDA	Сальник рулевой рейки	TCS
719	P11222	213	26*50*8.5	7V1	F-00826	200	NISSAN MURANO	Сальник рулевой рейки	TCS
720	P10597	175	26.5*37*3.5/7	0M	F-00859	100	OPEL, CHEVROLET	Сальник рулевой рейки	TCS
721	P08872	282	26.5*40*8.5	7V1	F-00821X	200	Ремонтный размер	Сальник рулевой рейки	TCS
722	P08872	280	26.5*40*8.5	7V1	F-00839X	200	Ремонтный размер	Сальник рулевой рейки	TCS
723	P08873	471	26.5*41*8.5	7V1	F-00265X	200	Ремонтный размер	Сальник рулевой рейки	TCS
724	P05569	362	26.5*41*8.5	7V2	F-00877X	200	Ремонтный размер	Сальник рулевой рейки	TCS
725	P10045	346	26.5*42.5*8	7V1	F-00540XX	200	TOYOTA, LEXUS	Сальник рулевой рейки	TCS
726	P08874	300	26.5*43*8.5	7V1	F-00266X	200	Ремонтный размер	Сальник рулевой рейки	TCS
727	P03415	42	26.5*44*8	7V1	F-00263	200	LEXUS IS 300	Сальник рулевой рейки	TCS
728	P03415	42	26.5*44*8	7V1	F-00264	200	TOYOTA	Сальник рулевой рейки	TCS
729	P03415	42	26.5*44*8	7V1	F-00267X	200	Ремонтный размер	Сальник рулевой рейки	TCS
730	P03415	42	26.5*44*8	7V1	F-00683	200	LEXUS	Сальник рулевой рейки	TCS
731	P03415	42	26.5*44*8	7V1	F-00922	200	TOYOTA, LEXUS	Сальник рулевой рейки	TCS
732	P08448	348	26.5*45*10/12.5	7V3	F-01028X	200	Ремонтный размер	Сальник рулевой рейки	TCS
733	P08449	369	26.5*45.5*10/12.7	7V3	F-00838X	200	Ремонтный размер	Сальник рулевой рейки	TCS
734	P08875	83	26.5*46*8.5	7V1	F-00671X	200	Ремонтный размер	Сальник рулевой рейки	TCS
735	P08875	84	26.5*46*8.5	7V1	F-00825X	200	Ремонтный размер	Сальник рулевой рейки	TCS
736	P08875	88	26.5*46*8.5	7V1	F-00986X	200	Ремонтный размер	Сальник рулевой рейки	TCS
737	P08875	81	26.5*46*8.5	7V1	F-01054X	200	Ремонтный размер	Сальник рулевой рейки	TCS
738	P08876	317	26.5*47*9	7V1	F-00931X	200	Ремонтный размер	Сальник рулевой рейки	TCS
739	P09535	350	27*36*5.5	0M	F-00367	100	MERCEDES	Сальник рулевой рейки	TCS
740	P02467	500	27*37*3.5/7	0M	F-00101	100	OPEL, DAEWOO	Сальник рулевой рейки	TCS
741	P01988	731	27*38*5.5	0M	F-00408	100	HONDA, INFINITI	Сальник рулевой рейки	TCS
742	P05346	278	27*38*6.5	0M	F-00811	100	NISSAN, INFINITI	Сальник рулевой рейки	TCS
743	P05480	45	27*38*7	7V1	F-00133X	200	Ремонтный размер	Сальник рулевой рейки	TCS
745	P05480	141	27*38*7	7V1	F-00765X	200	Ремонтный размер	Сальник рулевой рейки	TCS
746	P05480	147	27*38*7	7V1	F-01048XX	200	Ремонтный размер	Сальник рулевой рейки	TCS
747	P04120	189	27*38*8	7V3	F-00378XX	200	Ремонтный размер	Сальник рулевой рейки	TCS
748	P05480	222	27*38*7	7V1	F-00589XX	200	Ремонтный размер	Сальник рулевой рейки	TCS
749	P07945	139	27*39*15	7V2	F-00492XX	200	Ремонтный размер	Сальник рулевой рейки	TCS
750	P08877	418	27*39*8.5	7V1	F-00128X	200	Ремонтный размер	Сальник рулевой рейки	TCS
751	P11037	452	27*36.4/39.3*13.9/16.9	4A	F-00734X	200	Ремонтный размер	Сальник рулевой рейки	TCS
752	P08427	333	27*39.6*20.25	7V1	F-00735X	200	Ремонтный размер	Сальник рулевой рейки	TCS
753	P08878	163	27*39.6*6.5	7V1	F-00022XX	200	Ремонтный размер	Сальник рулевой рейки	TCS
754	P08878	163	27*39.6*6.5	7V1	F-00057XX	200	Ремонтный размер	Сальник рулевой рейки	TCS
755	P03550	139	27*40*8.5	7V1	F-00698X	200	Ремонтный размер	Сальник рулевой рейки	TCS
756	P03550	81	27*40*8.5	7V1	F-00821	200	CHEVROLET	Сальник рулевой рейки	TCS
757	P03550	112	27*40*8.5	7V1	F-00839	200	TOYOTA, LEXUS	Сальник рулевой рейки	TCS
758	P02883	300	27*41*8.5	7V1	F-00265	200	TOYOTA	Сальник рулевой рейки	TCS
759	P02883	300	27*41*8.5	7V1	F-00877	200	LEXUS	Сальник рулевой рейки	TCS
760	P09864	80	27*42*8.5	7V1	F-00914X	200	Ремонтный размер	Сальник рулевой рейки	TCS
761	P09864	78	27*42*8.5	7V1	F-00960X	200	Ремонтный размер	Сальник рулевой рейки	TCS
762	P03856	243	27*42*9.5	7V2	F-00270X	200	Ремонтный размер	Сальник рулевой рейки	TCS
763	P08879	337	27*42.5*8.5	7V1	F-00540X	200	Ремонтный размер	Сальник рулевой рейки	TCS
764	P09865	139	27*43*8.5	7V1	F-00266	200	TOYOTA, LEXUS	Сальник рулевой рейки	TCS
765	P02884	500	27*44*8.5 	7V1	F-00267	200	TOYOTA, OPEL	Сальник рулевой рейки	TCS
766	P08441	135	27*44*9/10	7V1PM	F-00847X	200	Ремонтный размер	Сальник рулевой рейки	TCS
767	P08441	130	27*44*9/10	7V1PM	F-01045X	200	Ремонтный размер	Сальник рулевой рейки	TCS
768	P08308	224	27*45*10 	7V1	F-01029	200	OPEL INSIGNIA	Сальник рулевой рейки	TCS
769	P08450	324	27*45*10/12.5	7V3	F-01028	200	OPEL INSIGNIA	Сальник рулевой рейки	TCS
770	P55529	4	27*45*8.5	7V1	F-00375X	200	Ремонтный размер	Сальник рулевой рейки	TCS
771	P55529	39	27*45*8.5	7V1	F-00766X	200	Ремонтный размер	Сальник рулевой рейки	TCS
772	P55529	35	27*45*8.5	7V1	F-01090XX	200	Ремонтный размер	Сальник рулевой рейки	TCS
773	P08451	339	27*45.5*10/12.7	7V3	F-00838	200	CHEVROLET	Сальник рулевой рейки	TCS
774	P02637	72	27*46*13/14	7V1PM	F-00624X	200	Ремонтный размер	Сальник рулевой рейки	TCS
775	P02637	91	27*46*13/14	7V1PM	F-00872X	200	Ремонтный размер	Сальник рулевой рейки	TCS
776	P02637	86	27*46*13/14	7V1PM	F-00951X	200	Ремонтный размер	Сальник рулевой рейки	TCS
777	P08880	200	27*46*8.5	7V1	F-00671	200	MAZDA	Сальник рулевой рейки	TCS
778	P05571	36	27*46*8.5 	7V2	F-00752XX	200	Ремонтный размер	Сальник рулевой рейки	TCS
779	P08880	200	27*46*8.5 	7V1	F-00825	200	TOYOTA	Сальник рулевой рейки	TCS
780	P08880	200	27*46*8.5 	7V1	F-00986	200	OPEL ANTARA	Сальник рулевой рейки	TCS
781	P08880	200	27*46*8.5 	7V1	F-01054	200	CHEVROLET	Сальник рулевой рейки	TCS
782	P08881	299	27*47*9	7V1	F-00931	200	NISSAN	Сальник рулевой рейки	TCS
783	P11008	216	27*48*9/10	7V1PM	F-00810X	200	Ремонтный размер	Сальник рулевой рейки	TCS
784	P11008	208	27*48*9/10	7V1PM	F-01177X	200	Ремонтный размер	Сальник рулевой рейки	TCS
785	P08442	168	27*50*9/10	7V1PM	F-00970X	200	Ремонтный размер	Сальник рулевой рейки	TCS
786	P08442	168	27*50*9/10	7V1PM	F-00996X	200	Ремонтный размер	Сальник рулевой рейки	TCS
787	P08883	137	27.5*38*15	7V1	F-00409X	200	Ремонтный размер	Сальник рулевой рейки	TCS
788	P08883	137	27.5*38*15	7V1	F-00584X	200	Ремонтный размер	Сальник рулевой рейки	TCS
789	P08457	607	27.5*38*7/9	7V3	F-00378X	200	Ремонтный размер	Сальник рулевой рейки	TCS
790	P08882	155	27.5*38*8	7V1	F-00026X	200	Ремонтный размер	Сальник рулевой рейки	TCS
791	P08882	153	27.5*38*8	7V1	F-00589X	200	Ремонтный размер	Сальник рулевой рейки	TCS
792	P08882	154	27.5*38*8	7V1	F-01048X	200	Ремонтный размер	Сальник рулевой рейки	TCS
793	P08463	140	27.5*39*15	6V2MA	F-00492X	200	Ремонтный размер	Сальник рулевой рейки	TCS
794	P08463	140	27.5*39*15	6V2MA	F-00754X	200	Ремонтный размер	Сальник рулевой рейки	TCS
795	P10676	157	27.5*39.6*8	7V1	F-00022X	200	Ремонтный размер	Сальник рулевой рейки	TCS
796	P10676	159	27.5*39.6*8	7V1	F-00057X	200	Ремонтный размер	Сальник рулевой рейки	TCS
797	P09866	343	27.5*40*8	7V1	F-00139X1	200	Ремонтный размер	Сальник рулевой рейки	TCS
798	P09866	118	27.5*40*8	7V1	F-00546M	200	IVECO, SEAT	Сальник рулевой рейки	TCS
799	P09866	112	27.5*40*8	7V1	F-00662M	200	PORSCHE	Сальник рулевой рейки	TCS
800	P09866	27	27.5*40*8	7V1	F-00749�	200	Ремонтный размер	Сальник рулевой рейки	TCS
801	P09866	25	27.5*40*8	7V1	F-01151X	200	Ремонтный размер	Сальник рулевой рейки	TCS
802	P08884	137	27.5*41*8.5	7V1	F-00269X	200	Ремонтный размер	Сальник рулевой рейки	TCS
803	P08884	137	27.5*41*8.5	7V1	F-00743X	200	Ремонтный размер	Сальник рулевой рейки	TCS
804	P03622	308	27.5*42*8.5	7V1	F-00961X	200	Ремонтный размер	Сальник рулевой рейки	TCS
805	P55530	206	27.5*42.5*8	7V2	F-00270AX	200	Ремонтный размер	Сальник рулевой рейки	TCS
806	P07427	277	27.5*43/47.5*6/12.8	6V2	F-00706X	200	Ремонтный размер	Сальник рулевой рейки	TCS
807	P09854	205	27.5*44*7	7V1	F-00869X	200	Ремонтный размер	Сальник рулевой рейки	TCS
808	P09854	201	27.5*44*7	7V1	F-01023X	200	Ремонтный размер	Сальник рулевой рейки	TCS
809	P01986	160	27.7*37.3*6.5	0M	F-00817	100	PONTIAC VIBE	Сальник рулевой рейки	TCS
810	P01986	160	27.7*37.3*6.5	0M	F-00985	100	PONTIAC GTO	Сальник рулевой рейки	TCS
811	P03602	650	27.7*38*8 	7V1	F-00133	200	AUDI, WV, OPEL	Сальник рулевой рейки	TCS
812	P03602	650	27.7*38*8 	7V1	F-00765	200	RENAULT, VOLVO	Сальник рулевой рейки	TCS
813	P03603	315	27.7*39*8.5 	7V1	F-00128	200	AUDI, VW, SKODA	Сальник рулевой рейки	TCS
814	P10169	350	27.7*36.4/39.3*13.9/16.9	4A	F-00734	200	PEUGEOT 407	Сальник рулевой рейки	TCS
815	P08428	445	27.7*39.6*20.25	7V1	F-00735	200	PEUGEOT 407	Сальник рулевой рейки	TCS
816	P02366	34	27.7*40*8.5 	7V2	F-00139M	200	AUDI, WV	Сальник рулевой рейки	TCS
817	P07899	360	27.7*40*8.5 	7V1	F-00698	200	KIA, HYUNDAI	Сальник рулевой рейки	TCS
818	P08443	203	27.7*40*9/10	7V1PM	F-00809	200	HYUNDAI SANTA FE	Сальник рулевой рейки	TCS
819	P08443	209	27.7*40*9/10	7V1PM	F-00900	200	HYUNDAI VERACRUZ	Сальник рулевой рейки	TCS
820	P03616	355	27.7*41*8.5 	7V1	F-00814X	200	Ремонтный размер	Сальник рулевой рейки	TCS
821	P03599	80	27.7*42*12.5	7V2PM	F-00268	200	MITSUBISHI	Сальник рулевой рейки	TCS
823	P02644	137	27.7*42*8.5	7V1	F-00270M	200	MITSUBISHI	Сальник рулевой рейки	TCS
824	P02644	137	27.7*42*8.5	7V1	F-00914	200	AUDI, WV	Сальник рулевой рейки	TCS
825	P02644	137	27.7*42*8.5	7V1	F-00960	200	HYUNDAI, VOLVO	Сальник рулевой рейки	TCS
826	P02644	137	27.7*42*8.5	7V1	F-00962	200	RENAULT, NISSAN 	Сальник рулевой рейки	TCS
827	P05624	8	27.7*42*9 	7V2	F-00270	200	MITSUBISHI	Сальник рулевой рейки	TCS
828	P08444	215	27.7*42*9/10	7V1PM	F-00871	200	KIA, HYUNDAI	Сальник рулевой рейки	TCS
829	P08444	215	27.7*42*9/10	7V1PM	F-00950	200	SSANGYONG	Сальник рулевой рейки	TCS
830	P08885	509	27.7*42.5*8.5	7V1	F-00540	200	MITSUBISHI	Сальник рулевой рейки	TCS
831	P08445	270	27.7*44*13/14	7V1PM	F-00697	200	HYUNDAI SONATA	Сальник рулевой рейки	TCS
832	P08445	270	27.7*44*13/14	7V1PM	F-00899	200	HYUNDAI XG300/350	Сальник рулевой рейки	TCS
833	P03222	445	27.7*44*8.5	7V1	F-00940	200	KIA OPTIMA	Сальник рулевой рейки	TCS
834	P03520	88	27.7*44*9/10	7V1PM	F-00847	200	HYUNDAI SONATA	Сальник рулевой рейки	TCS
835	P03520	88	27.7*44*9/10	7V1PM	F-01045	200	HYUNDAI XG300/350	Сальник рулевой рейки	TCS
836	P02645	171	27.7*45*8.5	7V1	F-00375	200	RENAULT, OPEL	Сальник рулевой рейки	TCS
837	P02645	171	27.7*45*8.5	7V1	F-00766	200	NISSAN	Сальник рулевой рейки	TCS
838	P03600	90	27.7*46*13/14	7V1PM	F-00624	200	MITSUBISHI	Сальник рулевой рейки	TCS
839	P03600	85	27.7*46*13/14	7V1PM	F-00872	200	HYUNDAI	Сальник рулевой рейки	TCS
840	P03600	85	27.7*46*13/14	7V1PM	F-00951	200	SSANGYONG	Сальник рулевой рейки	TCS
841	P03521	376	27.7*46*9/10	7V1PM	F-00751	200	KIA, HYUNDAI	Сальник рулевой рейки	TCS
842	P11009	231	27.7*48*9/10	7V1PM	F-00810	200	HYUNDAI	Сальник рулевой рейки	TCS
843	P11009	248	27.7*48*9/10	7V1PM	F-01177	200	HYUNDAI SANTA FE	Сальник рулевой рейки	TCS
844	P08446	215	27.7*50*9/10	7V1PM	F-00970	200	HYUNDAI	Сальник рулевой рейки	TCS
845	P08446	210	27.7*50*9/10	7V1PM	F-00996	200	KIA 	Сальник рулевой рейки	TCS
846	P07064	104	28*37*4.5 	0M	F-00132	100	MERCEDES	Сальник рулевой рейки	TCS
847	P07064	116	28*37*4.5 	0M	F-00134	100	AUDI, VW, SKODA	Сальник рулевой рейки	TCS
848	P01847	285	28*37*5 	0M	F-00088	100	AUDI, VW, SKODA	Сальник рулевой рейки	TCS
849	P01847	285	28*37*5 	0M	F-00319	100	OPEL, FORD	Сальник рулевой рейки	TCS
850	P01847	285	28*37*5 	0M	F-00682	100	BMW, LAND ROVER	Сальник рулевой рейки	TCS
851	P01847	285	28*37*5 	0M	F-00979	100	IVECO, SEAT	Сальник рулевой рейки	TCS
852	P03875	313	28*37.6*6	0M	F-00169	100	FORD MONDEO	Сальник рулевой рейки	TCS
853	P03875	313	28*37.6*6	0M	F-00487	100	FORD FIESTA	Сальник рулевой рейки	TCS
854	P03875	52	28*37.6*6	0M	F-01024	100	FORD S-MAX	Сальник рулевой рейки	TCS
855	P03518	385	28*38*15	7V2	F-00409	200	AUDI, WV	Сальник рулевой рейки	TCS
856	P09843	66	28*38*15/17	7V3	F-00584	200	AUDI, IVECO	Сальник рулевой рейки	TCS
857	P05573	24	28*38*6.5 	7V2	F-00589	200	AUDI, WV	Сальник рулевой рейки	TCS
858	P08093	235	28*38*7	0M	F-00026	100	AUDI, WV	Сальник рулевой рейки	TCS
859	P10024	155	28*38*7	7V1	F-00026M	200	AUDI, WV	Сальник рулевой рейки	TCS
860	P08093	235	28*38*7	0M	F-00479	100	MERCEDES	Сальник рулевой рейки	TCS
861	P10024	155	28*38*7	7V1	F-00479M	200	MERCEDES	Сальник рулевой рейки	TCS
862	P08093	235	28*38*7	0M	F-00981	100	BMW, LAND ROVER	Сальник рулевой рейки	TCS
863	P10024	155	28*38*7	7V1	F-00981M	200	BMW, LAND ROVER	Сальник рулевой рейки	TCS
864	P08093	235	28*38*7 	0M	F-00142	100	VAUXHALL	Сальник рулевой рейки	TCS
865	P08093	235	28*38*7 	0M	F-00404	100	OPEL	Сальник рулевой рейки	TCS
866	P10024	155	28*38*7 	7V1	F-00589M	200	AUDI, WV	Сальник рулевой рейки	TCS
867	P10024	155	28*38*7 	7V1	F-01048	200	PONTIAC VIBE	Сальник рулевой рейки	TCS
868	"P12287

"	1150	28*38*7/9	7V3	F-00378	200	AUDI, WV, BMW	Сальник рулевой рейки	TCS
869	P02650	450	28*38*8 	7V1	F-00589A	200	AUDI, WV	Сальник рулевой рейки	TCS
870	P02130	298	28*38.3*7.5 	1РМ	F-00835	100	SUZUKI, MAZDA	Сальник рулевой рейки	TCS
871	P10038	460	28*38.35*5 	0M	F-00394	100	SUZUKI, MAZDA	Сальник рулевой рейки	TCS
872	P55531	0	28*38.5*7	7V1	F-00589AM	200	VW PHAETON	Сальник рулевой рейки	TCS
873	P08464	350	28*39*15	6V2MA	F-00492	200	 WV, IVECO	Сальник рулевой рейки	TCS
874	P08464	300	28*39*15	6V2MA	F-00754	200	AUDI, FORD	Сальник рулевой рейки	TCS
875	P08424	335	28*39.64*6.35	7V1	F-00022	200	WV, BMW, FIAT	Сальник рулевой рейки	TCS
876	P08424	335	28*39.64*6.35	7V1	F-00057	200	FORD, CITROEN	Сальник рулевой рейки	TCS
877	P03618	273	28*40*4/6	4V2	F-00943	200	MITSUBISHI	Сальник рулевой рейки	TCS
878	P03636	43	28*40*6/6.5 	1РМ	F-00434	100	ZF	Сальник рулевой рейки	TCS
879	P03636	17	28*40*6/6.5 	1РМ	F-00548	100	MERCEDES	Сальник рулевой рейки	TCS
880	P03535	122	28*40*7.3/8.5 	7V1PM	F-00172	200	BMW 	Сальник рулевой рейки	TCS
881	P03535	140	28*40*7.3/8.5 	7V1PM	F-00478	200	MERCEDES	Сальник рулевой рейки	TCS
882	P05575	70	28*40*8 	7V2	F-00139	200	AUDI, WV	Сальник рулевой рейки	TCS
883	P03604	50	28*40*8 	7V1	F-00139X	200	Ремонтный размер	Сальник рулевой рейки	TCS
884	P05575	70	28*40*8 	7V2	F-00546	200	IVECO, SEAT	Сальник рулевой рейки	TCS
885	P03604	50	28*40*8 	7V1	F-00546X	200	Ремонтный размер	Сальник рулевой рейки	TCS
886	P05575	70	28*40*8 	7V2	F-00662	200	PORSCHE	Сальник рулевой рейки	TCS
887	P03604	50	28*40*8 	7V1	F-00662X	200	Ремонтный размер	Сальник рулевой рейки	TCS
888	P03604	50	28*40*8 	7V1	F-00749	200	MITSUBISHI	Сальник рулевой рейки	TCS
889	P03604	50	28*40*8 	7V1	F-01151	200	ALFA ROMEO	Сальник рулевой рейки	TCS
890	P02640	224	28*41*12	7V2	F-00269A	200	KIA BESTA	Сальник рулевой рейки	TCS
891	P10816	150	28*41*6.5	0M	F-00204	100	TOYOTA	Сальник рулевой рейки	TCS
892	P01750	163	28*41*8	7V2	F-00269	200	KIA CARNIVAL	Сальник рулевой рейки	TCS
893	P09867	111	28*41*8	7V1	F-00743	200	KIA SORENTO	Сальник рулевой рейки	TCS
894	P09867	111	28*41*8 	7V1	F-00269M	200	KIA CARNIVAL	Сальник рулевой рейки	TCS
895	P09867	111	28*41*8 	7V1	F-00814	200	KIA SEDONA, MAZDA	Сальник рулевой рейки	TCS
896	P08886	395	28*42*8.5	7V1	F-00961	200	AUDI, WV	Сальник рулевой рейки	TCS
897	P08887	480	28*43*9	7V1	F-00709	200	MITSUBISHI	Сальник рулевой рейки	TCS
898	P05387	258	28*43/47.5*5/11.8	6V2	F-00706	200	NISSAN, MERKURY	Сальник рулевой рейки	TCS
899	P08488	580	28*44*6	0M	F-00045	200	RENAULT	Сальник рулевой рейки	TCS
900	P11625	208	28*44*7	7V1	F-00869	200	FORD MONDEO	Сальник рулевой рейки	TCS
901	P11625	177	28*44*7	7V1	F-01023	200	FORD S-MAX	Сальник рулевой рейки	TCS
902	P03606	115	28*44.5*9	7V1	F-00816	200	PONTIAC GTO	Сальник рулевой рейки	TCS
903	P03606	115	28*44.5*9	7V1	F-00843	200	FORD	Сальник рулевой рейки	TCS
904	P08888	539	28*45*8.5	7V1	F-01090	200	MITSUBISHI	Сальник рулевой рейки	TCS
905	P09846	224	28*46*12.5	7V1	F-00286	200	MITSUBISHI	Сальник рулевой рейки	TCS
906	P07558	105	28*46*8.5	7V1	F-00750	200	MITSUBISHI	Сальник рулевой рейки	TCS
907	P07558	105	28*46*8.5	7V1	F-00752	200	CADILLAC 	Сальник рулевой рейки	TCS
908	P05390	1090	28*47*4.2/5	0M	F-00113	100	NISSAN, RENAULT	Сальник рулевой рейки	TCS
909	P05401	21	28*48*10	7V1	F-00729	200	DODGE DAKOTA	Сальник рулевой рейки	TCS
910	P05627	218	28*48.2*8	7V2	F-00522	200	MAZDA	Сальник рулевой рейки	TCS
911	P08889	316	28.5*42*8.5	7V1	F-01069X	200	Ремонтный размер	Сальник рулевой рейки	TCS
912	P01301	185	28.5*43*6.5 	0M	F-00081	100	RENAULT, VOLVO	Сальник рулевой рейки	TCS
913	P01301	185	28.5*43*6.5 	0M	F-00431	100	PEUGEOT, CITROEN	Сальник рулевой рейки	TCS
914	P01301	185	28.5*43*6.5 	0M	F-00633	100	OPEL, NISSAN	Сальник рулевой рейки	TCS
915	P05618	288	28.5*44.5*9	7V2	F-00343	200	ROVER, JAGUAR	Сальник рулевой рейки	TCS
916	P09477	309	28.6*37.6*5	0M	F-00433	200	MAZDA	Сальник рулевой рейки	TCS
917	P09477	210	28.6*37.6*5	0M	F-00495	100	FORD	Сальник рулевой рейки	TCS
918	P08228	129	28.8*43*6.5 	0M	F-00673X	200	Ремонтный размер	Сальник рулевой рейки	TCS
919	P08228	141	28.8*43*6.5 	0M	F-00980X	200	Ремонтный размер	Сальник рулевой рейки	TCS
921	P55533	45	29*40*8	7V2	F-00062XX	200	Ремонтный размер	Сальник рулевой рейки	TCS
922	P08459	344	29*42*15/17	7V3	F-00537XX	200	Ремонтный размер	Сальник рулевой рейки	TCS
923	P08890	175	29*42*8.5	7V1	F-01066	200	FORD EDGE	Сальник рулевой рейки	TCS
924	P08890	175	29*42*8.5	7V1	F-01069	200	MAZDA CX9	Сальник рулевой рейки	TCS
925	P08891	160	29*42.5*8	7V1	F-00017XX	200	Ремонтный размер	Сальник рулевой рейки	TCS
926	P08891	160	29*42.5*8	7V1	F-00033XX	200	Ремонтный размер	Сальник рулевой рейки	TCS
927	P08430	123	29*42.5/49*7.4/10.9	6V2	F-00021XX	200	Ремонтный размер	Сальник рулевой рейки	TCS
928	P08430	80	29*42.5/49*7.4/10.9	6V2	F-00029XX	200	Ремонтный размер	Сальник рулевой рейки	TCS
929	P08430	80	29*42.5/49*7.4/10.9	6V2	F-00486XX	200	Ремонтный размер	Сальник рулевой рейки	TCS
930	P08430	78	29*42.5/49*7.4/10.9	6V2	F-00762XX	200	Ремонтный размер	Сальник рулевой рейки	TCS
931	P09536	428	29*43*7	0M	F-00358	100	PEUGEOT, CITROEN	Сальник рулевой рейки	TCS
932	P08586	212	29*43*7	0M	F-00673	100	HYUNDAI, KIA	Сальник рулевой рейки	TCS
933	P08586	183	29*43*7	0M	F-00980	100	RENAULT, VOLVO	Сальник рулевой рейки	TCS
934	P08892	155	29*50*10	7V1	F-00755XX	200	Ремонтный размер	Сальник рулевой рейки	TCS
935	P08893	304	29*54.5*8 	7V1	F-00622XX	200	Ремонтный размер	Сальник рулевой рейки	TCS
936	P05209	113	29.4*47*6/7.5	1РМ	F-00073	200	PEUGEOT, CITROEN	Сальник рулевой рейки	TCS
937	P05209	112	29.4*47*6/7.5	1РМ	F-00435	200	RENAULT	Сальник рулевой рейки	TCS
938	P08894	286	29.5*40*7	7V1	F-00062X	200	Ремонтный размер	Сальник рулевой рейки	TCS
939	P55535	66	29.5*42*15/17	7V3	F-00537X	200	Ремонтный размер	Сальник рулевой рейки	TCS
940	P11006	447	29.5*42*8	7V1	F-00539XM	200	Ремонтный размер	Сальник рулевой рейки	TCS
941	P55534	209	29.5*42*8	7V2	F-00539X	200	Ремонтный размер	Сальник рулевой рейки	TCS
942	P08895	105	29.5*42.5*8	7V1	F-00017X	200	Ремонтный размер	Сальник рулевой рейки	TCS
943	P08895	115	29.5*42.5*8	7V1	F-00033X	200	Ремонтный размер	Сальник рулевой рейки	TCS
944	P08895	104	29.5*42.5*8	7V1	F-00417X	200	Ремонтный размер	Сальник рулевой рейки	TCS
945	P08895	113	29.5*42.5*8	7V1	F-00593X	200	Ремонтный размер	Сальник рулевой рейки	TCS
946	P08431	101	29.5*42.5/49*7.4/10.9 	6V2	F-00021X	200	Ремонтный размер	Сальник рулевой рейки	TCS
947	P08431	108	29.5*42.5/49*7.4/10.9 	6V2	F-00029X	200	Ремонтный размер	Сальник рулевой рейки	TCS
948	P08431	108	29.5*42.5/49*7.4/10.9 	6V2	F-00486X	200	Ремонтный размер	Сальник рулевой рейки	TCS
949	P08431	104	29.5*42.5/49*7.4/10.9 	6V2	F-00762X	200	Ремонтный размер	Сальник рулевой рейки	TCS
950	P08465	350	29.5*42/44*8.5/15	6V2MA	F-01050X	200	Ремонтный размер	Сальник рулевой рейки	TCS
951	P08896	335	29.5*44*8.5	7V1	F-00800X	200	Ремонтный размер	Сальник рулевой рейки	TCS
952	P08453	362	29.5*45.5*10/12.7	7V3	F-00725X	200	Ремонтный размер	Сальник рулевой рейки	TCS
953	P08897	355	29.5*45.5*8.5	7V1	F-00272X	200	Ремонтный размер	Сальник рулевой рейки	TCS
954	P05583	103	29.5*46*8	7V1	F-00273X	200	Ремонтный размер	Сальник рулевой рейки	TCS
955	P05583	105	29.5*46*8	7V1	F-01125X	200	Ремонтный размер	Сальник рулевой рейки	TCS
956	P55536	28	29.5*47*8.5	7V2	F-00274X	200	Ремонтный размер	Сальник рулевой рейки	TCS
957	P09868	131	29.5*47*8.5	7V1	F-00719X	200	Ремонтный размер	Сальник рулевой рейки	TCS
958	P55536	28	29.5*47*8.5	7V2	F-00756X	200	Ремонтный размер	Сальник рулевой рейки	TCS
959	P05584	50	29.5*48*8.5	7V1	F-00450X	200	Ремонтный размер	Сальник рулевой рейки	TCS
960	P05584	50	29.5*48*8.5	7V1	F-00801X	200	Ремонтный размер	Сальник рулевой рейки	TCS
961	P05584	50	29.5*48*8.5	7V1	F-01063X	200	Ремонтный размер	Сальник рулевой рейки	TCS
962	P08454	358	29.5*49.7*10/13	7V3	F-00585X	200	Ремонтный размер	Сальник рулевой рейки	TCS
963	P12344	25	29.5*50*10	7V1	F-00718X	200	Ремонтный размер	Сальник рулевой рейки	TCS
964	P12344	25	29.5*50*10	7V1	F-00755X	200	Ремонтный размер	Сальник рулевой рейки	TCS
965	P08898	355	29.5*51*8.5	7V1	F-01030XX	200	Ремонтный размер	Сальник рулевой рейки	TCS
966	P10531	376	29.5*54.5*8	7V1	F-00622X	200	Ремонтный размер	Сальник рулевой рейки	TCS
967	P05616	7	30*40*3.5/6.5	4V2	F-00727	200	CHEVROLET, GMC 	Сальник рулевой рейки	TCS
968	P09537	71	30*40*7	0M	F-00062	100	FORD TRANSIT	Сальник рулевой рейки	TCS
969	P04680	172	30*40*7	7V1	F-00062M	200	FORD TRANSIT	Сальник рулевой рейки	TCS
970	P01851	188	30*41*6.5	0M	F-00209	100	TOYOTA, LEXUS	Сальник рулевой рейки	TCS
971	P03517	276	30*42*15/17	7V3	F-00537	200	BMW X5, E60	Сальник рулевой рейки	TCS
972	P03555	470	30*42*8	7V2	F-00539	200	BMW, LAND ROVER	Сальник рулевой рейки	TCS
973	P03623	291	30*42*8	7V1	F-00539M	200	BMW, LAND ROVER	Сальник рулевой рейки	TCS
974	P02991	50	30*42.3*8	7V2	F-00271	200	TOYOTA	Сальник рулевой рейки	TCS
975	P10034	182	30*42.5*7	7V1	F-00017	200	IVECO DAILY	Сальник рулевой рейки	TCS
976	P10034	213	30*42.5*7	7V1	F-00033	200	FIAT DUCATO	Сальник рулевой рейки	TCS
977	P10034	220	30*42.5*7	7V1	F-00417	200	CITROEN, FORD 	Сальник рулевой рейки	TCS
978	P08432	114	30*42.5/49*7.4/10.9	6V2	F-00021	200	FIAT DUCATO	Сальник рулевой рейки	TCS
979	P08432	116	30*42.5/49*7.4/10.9	6V2	F-00029	200	IVECO DAILY	Сальник рулевой рейки	TCS
980	P08432	118	30*42.5/49*7.4/10.9	6V2	F-00486	200	PEUGEOT BOXER	Сальник рулевой рейки	TCS
981	P08432	122	30*42.5/49*7.4/10.9	6V2	F-00762	200	CITROEN JUMPER	Сальник рулевой рейки	TCS
982	P05708	175	30*42.8*6.3	7V2	F-00417A	200	IVECO, FIAT	Сальник рулевой рейки	TCS
983	P05708	175	30*42.8*6.3	7V2	F-00593	200	MERCEDES	Сальник рулевой рейки	TCS
984	P08466	261	30*42/44*8.5/15	6V2MA	F-00704	200	BMW, LAND ROVER	Сальник рулевой рейки	TCS
985	P08466	246	30*42/44*8.5/15	6V2MA	F-01050	200	BMW, LAND ROVER	Сальник рулевой рейки	TCS
986	P08460	349	30*43*15	7V2	F-00588XX	200	Ремонтный размер	Сальник рулевой рейки	TCS
987	P10410	119	30*43*6.5	0M	F-00208	100	TOYOTA 	Сальник рулевой рейки	TCS
988	P10410	107	30*43*6.5	0M	F-00850	100	DODGE	Сальник рулевой рейки	TCS
989	P08899	374	30*43*7	7V1	F-00587XX	200	Ремонтный размер	Сальник рулевой рейки	TCS
990	P11005	407	30*43*8/9.5	1PM	F-00046	100	MERCEDES 190	Сальник рулевого редуктора	TCS
991	P07775	195	30*44*8.5	7V1	F-00800	200	TOYOTA, JEEP	Сальник рулевой рейки	TCS
992	P08455	333	30*45.5*10/12.7	7V3	F-00725	200	CHEVROLET, GMC 	Сальник рулевой рейки	TCS
993	P08900	285	30*45.5*8.5	7V1	F-00272	200	TOYOTA	Сальник рулевой рейки	TCS
994	P09869	82	30*46*8	7V2	F-00273	200	TOYOTA PREVIA	Сальник рулевой рейки	TCS
996	P09869	180	30*46*8	7V1	F-01125	200	TOYOTA VIGO	Сальник рулевой рейки	TCS
997	P08901	53	30*47*8.5	7V1	F-00756	200	WV CRAFTER	Сальник рулевой рейки	TCS
998	P08901	53	30*47*8.5 	7V1	F-00274M	200	TOYOTA	Сальник рулевой рейки	TCS
999	P08901	53	30*47*8.5 	7V1	F-00719	200	MERCEDES	Сальник рулевой рейки	TCS
1000	P02990	280	30*47*9	7V2	F-00274	200	TOYOTA	Сальник рулевой рейки	TCS
1001	P07229	250	30*48*8	7V1	F-00801	200	LEXUS GX470 	Сальник рулевой рейки	TCS
1002	P07229	240	30*48*8 	7V1	F-00450	200	TOYOTA 	Сальник рулевой рейки	TCS
1003	P07229	240	30*48*8 	7V1	F-01063	200	T. LAND CRUISER	Сальник рулевой рейки	TCS
1004	P04489	315	30*49*10	7V2	F-00486A	200	TALBOT	Сальник рулевой рейки	TCS
1005	P08456	317	30*49.7*10/13	7V3	F-00585	200	CHEVROLET, GMC 	Сальник рулевой рейки	TCS
1006	P10532	245	30*50*10	7V1	F-00718	200	MERCEDES	Сальник рулевой рейки	TCS
1007	P02140	300	30*50*10	7V2	F-00755	200	MERCEDES, JEEP	Сальник рулевой рейки	TCS
1008	P03624	338	30*50*8.5	7V1	F-00374	200	NISSAN	Сальник рулевой рейки	TCS
1009	P02648	600	30*50*9/10	7V1PM	F-01223	200	SSANG YONG, HUMMER	Сальник рулевой рейки	TCS
1010	P08902	318	30*51*8.5	7V1	F-01104XX	200	Ремонтный размер	Сальник рулевой рейки	TCS
1011	P08903	746	30*54.5*8	7V1	F-00622	200	MERCEDES, WV	Сальник рулевой рейки	TCS
1012	P08461	328	30.5*43*15	7V2	F-00588X	200	Ремонтный размер	Сальник рулевой рейки	TCS
1013	P10533	446	30.5*43*7	7V1	F-00587X	200	Ремонтный размер	Сальник рулевой рейки	TCS
1014	P08904	350	30.5*43.7*6.5 	7V1	F-00289X	200	Ремонтный размер	Сальник рулевой рейки	TCS
1015	P08435	358	30.5*43.7/48*4/8.3	6V2	F-00290X	200	Ремонтный размер	Сальник рулевой рейки	TCS
1016	P08905	360	30.5*44.5*8.5	7V1	F-00880XX	200	Ремонтный размер	Сальник рулевой рейки	TCS
1017	P08906	172	30.5*51*8	7V1	F-01030X	200	Ремонтный размер	Сальник рулевой рейки	TCS
1018	P08906	172	30.5*51*8	7V1	F-01104X	200	Ремонтный размер	Сальник рулевой рейки	TCS
1019	P08907	354	30.5*52*8 	7V1	F-00910X	200	Ремонтный размер	Сальник рулевой рейки	TCS
1020	P03519	375	31*43*15	7V2	F-00588	200	BMW E65	Сальник рулевой рейки	TCS
1021	P03556	180	31*43*7	7V2	F-00587	200	BMW E65	Сальник рулевой рейки	TCS
1022	P10534	311	31*43*7	7V1	F-00587M	200	BMW E65	Сальник рулевой рейки	TCS
1023	P07072	166	31*43.5*6.5	7V2	F-00289	200	FORD EXPLORER	Сальник рулевой рейки	TCS
1024	P07228	169	31*43.7/48*4.5/8.5	6V2	F-00290	200	FORD EXPLORER	Сальник рулевой рейки	TCS
1026	P07226	235	31*44*6.5	1РМ	F-00205	200	TOYOTA 	Сальник рулевой рейки	TCS
1027	P55538	11	31*44.5*8.5	7V2	F-00444XX	200	Ремонтный размер	Сальник рулевой рейки	TCS
1028	P55538	21	31*44.5*8.5	7V2	F-00932	200	MERCEDES	Сальник рулевой рейки	TCS
1030	P55539	80	31*46*8.5	7V1	F-00276XX	200	Ремонтный размер	Сальник рулевой рейки	TCS
1031	P08908	327	31*47*8.5	7V1	F-01095XX	200	Ремонтный размер	Сальник рулевой рейки	TCS
1032	P07231	144	31*47.7*7.4	7V1	F-00582	200	FORD EXPLORER	Сальник рулевой рейки	TCS
1033	P08909	294	31*50*8.5	7V1	F-00560XX	200	Ремонтный размер	Сальник рулевой рейки	TCS
1034	P07931	102	31*51*8.5	7V1	F-01030	200	FORD EXPLORER	Сальник рулевой рейки	TCS
1035	P07931	125	31*51*8.5	7V1	F-01104	200	FORD EXPLORER	Сальник рулевой рейки	TCS
1036	P08910	278	31*52*8	7V1	F-00910	200	FORD EXPEDITION	Сальник рулевой рейки	TCS
1037	P55540	33	31*53*8.5	7V2	F-00827XX	200	Ремонтный размер	Сальник рулевой рейки	TCS
1038	P06462	300	31.5*40*5/9	4V2	F-00207X	200	Ремонтный размер	Сальник рулевой рейки	TCS
1039	P11007	58	31.5*44.5*6.5	7V3	F-00103X	200	Ремонтный размер	Сальник рулевой рейки	TCS
1040	P11007	149	31.5*44.5*6.5	7V3	F-00569X	200	Ремонтный размер	Сальник рулевой рейки	TCS
1041	P11007	139	31.5*44.5*6.5	7V3	F-00737X	200	Ремонтный размер	Сальник рулевой рейки	TCS
1042	P09870	367	31.5*44.5*8	7V1	F-00444X	200	Ремонтный размер	Сальник рулевой рейки	TCS
1043	P08467	340	31.5*44/45*8.5/18.7	6V2MA	F-00678X	200	Ремонтный размер	Сальник рулевой рейки	TCS
1044	P08911	275	31.5*46*8.5 	7V1	F-00276X	200	Ремонтный размер	Сальник рулевой рейки	TCS
1045	P08912	360	31.5*47*8.5 	7V1	F-01095X	200	Ремонтный размер	Сальник рулевой рейки	TCS
1046	P08913	340	31.5*49*8.5 	7V1	F-00275X	200	Ремонтный размер	Сальник рулевой рейки	TCS
1047	P08914	123	31.5*50*8.5	7V1	F-00560X	200	Ремонтный размер	Сальник рулевой рейки	TCS
1048	P08914	132	31.5*50*8.5	7V1	F-00902X	200	Ремонтный размер	Сальник рулевой рейки	TCS
1049	P55541	68	31.5*50*8.5	7V2	F-00902XA	100	Ремонтный размер	Сальник рулевой рейки	TCS
1050	P55542	77	31.5*52.2*10	7V1	F-00581X	200	Ремонтный размер	Сальник рулевой рейки	TCS
1051	P55542	75	31.5*52.2*10	7V1	F-00745X	200	Ремонтный размер	Сальник рулевой рейки	TCS
1052	P08915	421	31.5*53*8.5	7V1	F-00827X	200	Ремонтный размер	Сальник рулевой рейки	TCS
1053	P08452	364	31.5*55*12/15 	7V3	F-01006X	200	Ремонтный размер	Сальник рулевой рейки	TCS
1054	P08916	367	31.5*56*9	7V1	F-00857X	200	Ремонтный размер	Сальник рулевой рейки	TCS
1055	P55543	443	31.7*38.1*3/5	4V2	F-00091	200	ROVER, HONDA	Сальник рулевой рейки	TCS
1056	P07232	626	31.7*44.5*8	7V1	F-00880X	200	Ремонтный размер	Сальник рулевой рейки	TCS
1057	P11392	449	32*40*5	12	F-00211	200	ISUZU, OPEL	Сальник рулевой рейки	TCS
1058	P05522	294	32*40*5 	1РМ	F-00176	200	ISUZU, OPEL	Сальник рулевой рейки	TCS
1059	P06463	25	32*40*5/9	4V2	F-00207	200	TOYOTA	Сальник рулевой рейки	TCS
1060	P55551	1913	32*42*3	U-RING	F-0000D	200	OPEL OMEGA B,C	Сальник рулевой рейки	TCS
1061	P09538	340	32*43*5	0M	F-01002	200	AUDI, WV, BMW	Сальник рулевой рейки	TCS
1062	P04002	300	32*44*6.5/7	1PM	F-00446A	200	MERCEDES W208	Сальник рулевой рейки	TCS
1063	P09539	131	32*44*8.5/10	1РМ	F-00446	200	MERCEDES W124	Сальник рулевого редуктора	TCS
1064	P08354	292	32*44.5*5.5/7	7V3	F-00569	200	MERCEDES	Сальник рулевой рейки	TCS
1065	P00822	200	32*44.5*6.5	7V2	F-00103	200	WV, PEUGEOT	Сальник рулевой рейки	TCS
1066	P10535	195	32*44.5*6.5	7V1	F-00103M	200	WV, PEUGEOT	Сальник рулевой рейки	TCS
1067	P00822	200	32*44.5*6.5	7V2	F-00737	200	CITROEN, FIAT	Сальник рулевой рейки	TCS
1068	P10535	195	32*44.5*6.5	7V1	F-00737M	200	CITROEN, FIAT	Сальник рулевой рейки	TCS
1069	P02431	355	32*44.5*8.5	7V2	F-00444	200	MERCEDES	Сальник рулевой рейки	TCS
1070	P09871	286	32*44.5*8.5	7V1	F-00444M	200	MERCEDES	Сальник рулевой рейки	TCS
1071	P09871	564	32*44.5*8.5	7V1	F-00880	200	WV LT 28-46	Сальник рулевой рейки	TCS
1072	P08468	395	32*44/45*8.5/18.7	6V2MA	F-00678	200	BMW, LAND ROVER	Сальник рулевой рейки	TCS
1073	P02471	56	32*45.5*7	7V2	F-01003	200	CHEVROLET	Сальник рулевой рейки	TCS
1074	P02652	166	32*46*8.5	7V1	F-00276	200	MITSUBISHI, NISSAN	Сальник рулевой рейки	TCS
1075	P08917	582	32*47*8.5	7V1	F-01095	200	MITSUBISHI PAJERO	Сальник рулевой рейки	TCS
1076	P08469	69	32*47.5*10/11	7V1PM	F-00644	200	JEEP	Сальник рулевой рейки	TCS
1077	P08469	108	32*47.5*10/11	7V1PM	F-00803	200	DODGE	Сальник рулевой рейки	TCS
1078	P08469	108	32*47.5*10/11	7V1PM	F-00973	200	CHEVROLET	Сальник рулевой рейки	TCS
1079	P03551	338	32*49*8.5	7V1	F-00275	200	NISSAN, INFINITI	Сальник рулевой рейки	TCS
1080	P02653	130	32*50*8.5	7V1	F-00560	200	MITSUBISHI PAJERO	Сальник рулевой рейки	TCS
1081	P02653	130	32*50*8.5	7V1	F-00902	200	LDV MAXUS	Сальник рулевой рейки	TCS
1082	P05577	45	32*50*8.5	7V2	F-00902A	200	LDV MAXUS	Сальник рулевой рейки	TCS
1083	P08918	264	32*52.2*10	7V1	F-00581	200	DODGE DAKOTA	Сальник рулевой рейки	TCS
1084	P08918	264	32*52.2*10	7V1	F-00745	200	DODGE RAM 1500	Сальник рулевой рейки	TCS
1085	P03553	131	32*53*8.5	7V1	F-00827	200	NISSAN, INFINITI	Сальник рулевой рейки	TCS
1086	P07924	262	32*54*9/10	7V1PM	F-01043	200	CHEVROLET, GMC 	Сальник рулевой рейки	TCS
1087	P05614	165	32*55*12/15	7V3	F-01006	200	CHEVROLET, GMC 	Сальник рулевой рейки	TCS
1088	P02494	87	32*56*9	7V1	F-00857	300	NISSAN	Сальник рулевой рейки	TCS
1089	P11607	271	32.7*42.7*6.7	0M	F-00742	200	T. LAND CRUISER	Сальник рулевой рейки	TCS
1090	P01852	216	33*46*7	0M	F-00908	200	FORD	Сальник рулевой рейки	TCS
1091	P55545	62	34*50*8	7V1	F-00398XX	200	Ремонтный размер	Сальник рулевой рейки	TCS
1092	P55545	104	34*50*8	7V1	F-01062XX	200	Ремонтный размер	Сальник рулевой рейки	TCS
1093	P55546	102	34*53*8	7V2	F-00939XX	200	Ремонтный размер	Сальник рулевой рейки	TCS
1094	P55546	100	34*53*8	7V2	F-00988XX	200	Ремонтный размер	Сальник рулевой рейки	TCS
1095	P55547	226	34*56*8	7V1	F-00451XX	200	Ремонтный размер	Сальник рулевой рейки	TCS
1096	P08919	327	34.5*47*7	7V1	F-01178X	200	Ремонтный размер	Сальник рулевой рейки	TCS
1097	P08920	124	34.5*50*8	7V1	F-00398X	200	Ремонтный размер	Сальник рулевой рейки	TCS
1098	P08920	146	34.5*50*8	7V1	F-01062X	200	Ремонтный размер	Сальник рулевой рейки	TCS
1099	P08921	139	34.5*53*8	7V1	F-00939X	200	Ремонтный размер	Сальник рулевой рейки	TCS
1100	P08921	144	34.5*53*8	7V1	F-00988X	200	Ремонтный размер	Сальник рулевой рейки	TCS
1101	P08922	286	34.5*56*8	7V1	F-00451X	200	Ремонтный размер	Сальник рулевой рейки	TCS
1102	N65656	24	35*45*6.5 	12	F-01085	200	JEEP WRANGLER	Сальник рулевой рейки	TCS
1103	P02665	329	35*46*7 	0M	F-00984	200	TOYOTA	Сальник рулевой рейки	TCS
1104	P05405	286	35*47*7	7V1	F-01178	200	NISSAN	Сальник рулевой рейки	TCS
1105	P03863	311	35*47*7/8.5	1РМ	F-00424	200	MERCEDES W140	Сальник рулевой рейки	TCS
1106	P05620	308	35*50*8	7V1	F-00398	200	T. LAND CRUISER	Сальник рулевой рейки	TCS
1107	P05620	305	35*50*8	7V2	F-01062	200	TOYOTA 4-RUNNER	Сальник рулевой рейки	TCS
1109	P11624	270	35*53*9	7V1	F-00939	200	T. LAND CRUISER	Сальник рулевой рейки	TCS
1110	P11624	220	35*53*9	7V1	F-00988	200	LEXUS LX470 	Сальник рулевой рейки	TCS
1111	P08923	590	35*56*8	7V1	F-00451	200	TOYOTA, LEXUS	Сальник рулевой рейки	TCS
1112	P08924	540	35*61*9	7V1	F-01139	200	TOYOTA	Сальник рулевой рейки	TCS
1113	P08425	358	35.5*50.5*9	7V2	F-00277X	200	Ремонтный размер	Сальник рулевой рейки	TCS
1114	P03652	270	36*44*5	1РМ	F-00383	200	TOYOTA	Сальник рулевой рейки	TCS
1115	P08426	338	36*50.5*9	7V2	F-00277	200	MAZDA 626	Сальник рулевой рейки	TCS
1116	P55548	102	37*51*8	7V1	F-01037XX	200	Ремонтный размер	Сальник рулевой рейки	TCS
1117	P55548	80	37*51*8	7V1	F-01142XX	200	Ремонтный размер	Сальник рулевой рейки	TCS
1118	P08925	230	37.5*51*8	7V1	F-01037X	200	Ремонтный размер	Сальник рулевой рейки	TCS
1119	P08925	241	37.5*51*8	7V1	F-01142X	200	Ремонтный размер	Сальник рулевой рейки	TCS
1120	P05352	285	38*51*8	7V1	F-01037	200	L.CRUISER, LX570	Сальник рулевой рейки	TCS
1121	P05352	285	38*51*8	7V1	F-01142	200	TUNDRA, SEQUOIA	Сальник рулевой рейки	TCS
1122	P09478	252	38*52.6*6.4	0M	F-00647	200	DODGE RAM 1500	Сальник рулевой рейки	TCS
1123	P07069	26	41*57.3*9	7V2	F-00804	350	FORD 	Сальник рулевой рейки	TCS
1124	P07069	18	41*57.3*9	7V2	F-01089	350	FORD EXCURSION	Сальник рулевой рейки	TCS
1125	P08470	359	44.5*58.5*8.5/9	7V1PM	F-01087	350	JEEP WRANGLER	Сальник рулевой рейки	TCS
1126	P07913	65	52*66*5.5	7V2	F-00549	350	MERCEDES	Сальник рулевой рейки	TCS
1127	P07913	65	52*66*5.5	7V2	F-00639	350	MERCEDES	Сальник рулевой рейки	TCS
1128	P07914	28	56*70*5.5	7V2	F-00559	350	MERCEDES	Сальник рулевой рейки	TCS
1129	P05863	153	60*74*8.5	7V1	F-00635A	350	FAW 1041	Сальник рулевой рейки	TCS
1131		459	14.6*35*4.7		F-00041	100	TRW	Сальник рулевой рейки	TCS
1132	P11389	40	18.5*34.6*6.2/9.2	1PM	F-00011X	100	Ремонтный размер	Сальник рулевой рейки	TCS
1133	P11389	52	18.5*34.6*6.2/9.2		F-00037X	100	Ремонтный размер	Сальник рулевой рейки	TCS
1134	P11389	59	18.5*34.6*6.2/9.2		F-00849X	100	Ремонтный размер	Сальник рулевой рейки	TCS
1135		77	18.5*34.6*6.2/9.2		F-00868X	100	Ремонтный размер	Сальник рулевой рейки	TCS
1136		61	18.5*34.6*6.2/9.2		F-00561X	100	Ремонтный размер	Сальник рулевой рейки	TCS
1137		54	18.5*34.6*6.2/9.2		F-00368X	100	Ремонтный размер	Сальник рулевой рейки	TCS
1138	P11388	428	19.5*42.5*7/7.8	1PM	F-00109X	100	Ремонтный размер	Сальник рулевой рейки	TCS
1139		407	20*32*7/9.4		F-01171	100	HONDA	Сальник насоса гидроусилителя	TCS
1140		431	20.5*46*3.3/5		F-00815	100	FORD	Сальник рулевой рейки	TCS
1141		436			F-01332	100	KIA,  CHEVROLET	Сальник рулевой рейки	TCS
1142	P11384	345	25*38.2*7	7V1	F-00070	200	RENAULT	Сальник рулевой рейки	TCS
1143	P11385	418	25*42.6*8	7V1	F-01344	200	TOYOTA	Сальник рулевой рейки	TCS
1144	P11383	419	27.7*42*13/14	7V1PM	F-00798	200	HYUNDAI	Сальник рулевой рейки	TCS
1145		276	28*38.3*5/5.8		F-01340	100	TRW	Сальник рулевой рейки	TCS
1146	P05369	241	28.5*39*5.6/6		F-00786X	100	Ремонтный размер	Сальник рулевой рейки	TCS
1147	P05369	96	29*39*5.6/6	1PM	F-00786	100	NISSAN	Сальник рулевой рейки	TCS
1148		296			F-00211X	200	Ремонтный размер	Сальник рулевой рейки	TCS
1149	P11386	458	35*55*8.5	7V1	F-01347	200	NISSAN	Сальник рулевой рейки	TCS
1150		492			F-01113	200	TOYOTA	Сальник рулевой рейки	TCS
1151		96			F-00594	200	Ремонтный размер	Сальник рулевой рейки	TCS
1152		52	30*42*7/8		F-00458	100	LEXUS  	Сальник рулевой рейки	TCS
1153		163			F-00587XA	100	Ремонтный размер	Сальник рулевой рейки	TCS
1154		87			F-00444XA	200	Ремонтный размер	Сальник рулевой рейки	TCS
1155		65			F-00022XA	200	Ремонтный размер	Сальник рулевой рейки	TCS
1156		50			F-00057XA	200	Ремонтный размер	Сальник рулевой рейки	TCS
1160	P08792	160	23.5*39*8.5		F-00090X	200	Ремонтный размер	Сальник рулевой рейки	TCS
1161	P08859	217	25.5*45*8	7V1	F-00376X	200	Ремонтный размер	Сальник рулевой рейки	TCS
1162	P05568	248	25.5*44.5*8.5	7V2	F-00247A	200	TOYOTA	Сальник рулевой рейки	TCS
1163	N29102	17	25*36/41*3/9	6V1	F-00423A	200	CHERY	Сальник рулевой рейки	TCS
1164	P05617	258	24.5*38.2*12	7V2	F-01569	200	TRW	Сальник рулевой рейки	TCS
1165	P02470	239	25*44.5*8.5	7V2	F-00824	200	LINCOLN	Сальник рулевой рейки	TCS
1166	P05567	192	25.5*41.5*8.5	7V2	F-00253A	200	TOYOTA	Сальник рулевой рейки	TCS
1167	P11547	143	24*45*8.5	7V1	F-00235	200	NISSAN	Сальник рулевой рейки	TCS
1168	P11547	148	24*45*8.5	7V1	F-01130	200	TRW	Сальник рулевой рейки	TCS
1169	P08458	460	28*38*7/9	7V3	F-00378A	100	AUDI, WV, BMW	Сальник рулевой рейки	TCS
1170	P11606	298	22*32*7/8	1PM	F-00061	100	VOLVO	Сальник насоса гидроусилителя	TCS
1171	P11440	50	21.5*39*8.5	7V1	F-00513AX	200	Ремонтный размер	Сальник рулевой рейки	TCS
1172	P10869	77	20*32*7	1PM	F-00413	70	MAZDA	Сальник насоса гидроусилителя	TCS
1174	P02670	1	24*43*8.5	1PM	F-00099	100	TOYOTA	Сальник насоса гидроусилителя	TCS
1175	P08892	150	29*50*10	7V1	F-00718XX	200	Ремонтный размер	Сальник рулевой рейки	TCS
2000		266	23*28*2.5		A00733	20			
2001		166			A00706	20			
2002		155			A00679	20			
2003		75			A00625	20			
3000	P11499	13	"35*47*7

"		3000	200			
3001		15			3001	200			
3002		48			3002	100			
3003		19			3003	100			
3004		19			3004	200			
3005		19			3005	200			
3006		19			3006	200			
3007		100			3007	70			
3008		98			3008	70			
3009		48			3009	200			
3010		47			3010	70			
3011		7			3011	300			
3012		2			3012	300			
3013		1			3013	300			
3014		1			3014	850			
3015		2			3015	100			
3016		2			3016	130			
3017		3			3017	100			
3018		19			3018	150			
3019	3019	3			3019				
3020		3			3020				
3021		5			3021				
3022		3			3022				
3023		18			3023				
3024		3			3024				
3025		18			3025				
3026		16			3026				
3027		8			3027				
3028		18			3028				
3029		3			3029				
3030		3			3030				
3031		9			3031				
3032		3			3032				
3033		2			3033				
3034		3			3034				
3035		3			3035				
3036		3			3036				
3037		17			3037				
3038		17			3038				
3039		3			3039				
3040		3			3040				
3041		17			3041				
3042		0			3042				
3043		3			3043				
3044		7			3044				
3045		3			3045				
3046		3			3046				
3047		4			3047				
3048		3			3048				
3049		2			3049				
3050		7			3050				
3051		7			3051				
3052		14			3052				
3053		3			3053				
3054		5			3054				
3055		3			3055				
3056		6			3056				
3057		17			3057				
3058		18			3058				
3059		1			3059				
3060		3			3060				
3061		2			3061				
3062		1			3062				
3063		1			3063				
3064		3			3064				
3065		3			3065				
3066		3			3066				
3067		6			3067				
3068		13			3068				
3069		3			3069				
3070		18			3070				
3071		3			3071				
3072		19			3072				
3073		18			3073				
3074		17			3074				
3075		3			3075				
3076		3			3076				
3077		1			3077				
3078		3			3078				
3079		3			3079				
3080		3			3080				
3081		3			3081				
3082		3			3082				
3083		11			3083				
3084		3			3084				
3085		3			3085				
3086		3			3086				
3087		4			3087				
3088		3			3088				
3089		3			3089				
3090		3			3090				
3091		3			3091				
3092		3			3092				
3093		3			3093				
3094		3			3094				
3095		3			3095				
3096		3			3096				
3097		3			3097				
3098		3			3098				
3099		3			3099				
3100		3			3100				
3101		5			3101				
3102		3			3102				
3103		3			3103				
3104		18			3104				
3105		3			3105				
3106		3			3106				
3107		18			3107				
3108		3			3108				
3109		3			3109				
3110		3			3110				
3111		18			3111				
3112		3			3112				
3113		3			3113				
3114		18			3114				
3115		17			3115				
3116		18			3116				
3117		17			3117				
3118		6			3118				
3119		3			3119				
3120		3			3120				
3121		18			3121				
3122		3			3122				
3123		3			3123				
3124		1			3124				
3125		3			3125				
3126		3			3126				
3127		3			3127				
3128		18			3128				
3129		18			3129				
3130		2			3130				
3131		2			3131				
3132		5			3132				
3133		27			3133				
3134		3			3134				
3135		3			3135				
3136		1			3136				
3137		3			3137				
3138		21			3138				
3139		3			3139				
3140		3			3140				
3141		3			3141				
3142		3			3142				
3143		3			3143				
3144		3			3144				
3145		18			3145				
3146		17			3146				
3147		3			3147				
3148		3			3148				
3149		3			3149				
3150		3			3150				
3151		3			3151				
3152		5			3152				
3153		4			3153				
3154		3			3154				
3155		1			3155				
3156		7			3156				
3157		3			3157				
3158		9			3158				
3159		1			3159				
3160		3			3160				
3161		3			3161				
3162		3			3162				
3163		3			3163				
3164		3			3164				
3165		3			3165				
3166		3			3166				
3167		37			3167				
3168		3			3168				
3169		3			3169				
3170		7			3170				
3171		3			3171				
3172		3			3172				
3173		18			3173				
3174		20			3174				
3175		3			3175				
3176		5			3176				
3177		10			3177				
3178		3			3178				
3179		3			3179				
					3180				
