1,F-0000A,09.7*13.2*3,L-RING,TEFLON,фото ,465,120   ,"AUDI 100, A6"
2,F-00074,10*20*7.5,0M,SCNY,фото ,38,60   ,OPEL
3,F-00355,10*20*7.5,0M,SCNY,фото ,15,60   ,DAEWOO
4,F-00608,11.7*22*6/8.5,1РМ2,DC4Y,фото ,360,60   ,CHRYSLER
5,F-00102,12*27*9/10,7V1PM,CNB11W11 ,фото ,154,90   ,CHEVROLET
6,F-00178,12*27*9/10,7V1PM,CNB11W11 ,фото ,155,90   ,OPEL
7,F-00726,12*38*10,7V2,GNB ,фото ,333,90   ,"CHRYSLER, DODGE"
8,F-00372,14*27*9/10,7V1PM,CNB11W11 ,фото ,350,90   ,OPEL
9,F-00523,14*30.5/38.4*5/11,6V3,CNB12W11,фото ,345,90   ,CHRYSLER
10,F-00432,15*28*6.3,1РМA,TZ,фото ,41,60   ,OPEL
11,F-00597,15*28*6.3,1РМA,TZ,фото ,55,60   ,SUBARU
12,F-00744,15*28*6.3,1РМA,TZ,фото ,55,60   ,DAEWOO
13,F-00365,16*26*5/6 ,1РМ,TC1W24,фото ,61,30   ,"AUDI, BMW"
14,F-00052,16*28*7,1РМ,TF,фото ,290,30   ,AUDI 
15,F-00149,16*30*6.3,1РМA,TZNR ,фото ,49,60   ,FORD MONDEO
16,F-00555,16*30*6.3,1РМA,TZNR ,фото ,61,60   ,FORD TEMPO
17,F-00689,16*30*6.3,1РМA,TZNR ,фото ,63,60   ,FIAT
18,F-00894,16*30*6.3,1РМA,TZNR ,фото ,49,60   ,FORD TRANSIT
19,F-01106,16*30*6.3,1РМA,TZNR ,фото ,48,60   ,FORD FOCUS
20,F-00976,16.9*27*5/6 ,1РМ,TC1W24,фото ,70,30   ,MERCEDES
21,F-00148,17*28*8,0M2,DC,фото ,136,60   ,VOLVO
22,F-00506,17*28*8,0M2,DC,фото ,125,60   ,FIAT DUKATO
23,F-00586,17*29*8,1РМA,TC4 ,фото ,500,60   ,TOYOTA
24,F-00556,17*29.9*7,1РМ,TCR ,фото ,481,60   ,"AUDI, WV"
25,F-00356,17*30*7,0M2,DC,фото ,68,60   ,FIAT
26,F-00414,17*30*7,1РМ,TC4,фото ,134,30   ,MAZDA
27,F-00473,17*30*7,1РМ,TC4,фото ,126,30   ,KIA
28,F-00154,17*32*7,1РМ,TC4 ,фото ,26,30   ,NISSAN
29,F-00465,17*32*8.5,0AM2,DZ,фото ,319,60   ,TOYOTA
30,F-00165,17*34*8,1РМA,TZ,фото ,300,60   ,"TOYOTA, LEXUS"
31,F-00122,17*36*6.6,0MA,SZR,фото ,25,90   ,WV
32,F-00687,17*36*6.6,0MA,SZR,фото ,20,90   ,CHEVROLET
33,F-00781X,17.5*30*5/5.7 ,1РМ,TC4P,фото ,52,60   ,Ремонтный размер
34,F-00519,18*25.5*4/6.5,4РМ,TC8 ,фото ,33,60   ,DAF
35,F-00982,18*25.5*4/6.5,4РМ,TC8 ,фото ,25,60   ,MAN
36,F-00182,18*28*5/6,1РМ,TGN11 ,фото ,300,30   ,AUDI
37,F-00080,18*30*6,1РМ,TC4 ,фото ,92,30   ,RENAULT ESPACE
38,F-00632,18*30*6,1РМ,TC4 ,фото ,98,30   ,RENAULT SAFRANE
39,F-00782,18*30*6,1РМ,TC4 ,фото ,102,30   ,RENAULT CLIO
40,F-00152,18*30*7,1РМ,TC4 ,фото ,5,30   ,NISSAN
41,F-00771,18*30*7,1РМ,TC4,фото ,5,30   ,FORD
42,F-00855,18*30*7,1РМ,TC4,фото ,6,30   ,MAZDA
43,F-01091,18*30*7,1РМ,TC4,фото ,4,30   ,SUBARU
44,F-00051,18*30*7/8,1РМ,TGN11 ,фото ,53,30   ,BMW
45,F-00183,18*30*7/8,1РМ,TGN11 ,фото ,70,30   ,NISSAN
46,F-00517,18*30*7/8,1РМ,TGN11 ,фото ,58,30   ,"AUDI, WV"
47,F-00648,18*30*7/8,1РМ,TGN11 ,фото ,70,30   ,"OPEL, IVECO"
48,F-00117,18*32*7,1РМ,TC4,фото ,133,30   ,FORD
49,F-00959,18*32*7,1РМ,TC4,фото ,128,30   ,SUBARU
50,F-00164,18*32*8,1РМA,TZ,фото ,73,60   ,ISUZU
51,F-00741,18*32*8,1РМA,TZ,фото ,67,60   ,TOYOTA
52,F-00421X,18*33.3*8,1РМA,TZN ,фото ,69,60   ,Ремонтный размер
53,F-00185,18*34*7,1РМ,TC4,фото ,353,30   ,NISSAN
54,F-00464,18*34*8,1РМA,TZ,фото ,382,60   ,CHRYSLER
55,F-00484X,18.5*29*4.5/5.5,1РМ,TG4P,фото ,351,60   ,Ремонтный размер
56,F-00114X,18.5*32*6/7,1РМ,TC4P,фото ,76,60   ,Ремонтный размер
57,F-00366X,18.5*32*6/7,1РМ,TC4P,фото ,78,60   ,Ремонтный размер
58,F-00403X,18.5*32*6/7,1РМ,TC4P,фото ,73,60   ,Ремонтный размер
59,F-00600X,18.5*32*6/7,1РМ,TC4P,фото ,78,60   ,Ремонтный размер
60,F-00779X,18.5*32*6/7,1РМ,TC4P,фото ,38,60   ,Ремонтный размер
61,F-01072X,18.5*32*6/7,1РМ,TC4P,фото ,74,60   ,Ремонтный размер
62,F-00561X,18.5*34.6*6.3/7.3,1РМ,TC4,фото ,9,60   ,Ремонтный размер
63,F-00136,18.7*35*7/7.8,1РМ,TC4P,фото ,72,30   ,MITSUBISHI
64,F-00657,18.7*35*7/7.8,1РМ,TC4P,фото ,63,30   ,ISUZU
65,F-00189,18.75*30*5/5.5,1РМ,TG4P ,фото ,0,30   ,"NISSAN, MAZDA"
66,F-00395,18.75*30*5/5.5,1РМ,TG4P ,фото ,5,30   ,"SUZUKI, HONDA"
67,F-01140,18.75*30*5/5.5,1РМ,TG4P ,фото ,23,30   ,"SUBARU, DAIHATSU"
68,F-00313X,18.9*28*5,1РМ,TC ,фото ,28,60   ,Ремонтный размер
69,F-00993X,18.9*30*5,1РМ,TC ,фото ,219,30   ,Ремонтный размер
70,F-00163X,18.9*36*6.5,1РМ,TGR,фото ,264,60   ,Ремонтный размер
71,F-00307,19*26.5*3.8/5.8,3A,TC8 ,фото ,39,60   ,SUBARU
72,F-00313,19*28*5/5.5,1РМ,TС4P,фото ,149,30   ,WV
73,F-00484,19*29*4.5/5,1РМ,TC4P ,фото ,764,30   ,NISSAN
74,F-00459,19*29*7/7.8,1PM,TG4P,фото ,444,60   ,TOYOTA
75,F-00993,19*30*5/5.7,1РМ,TC4P,фото ,860,30   ,"NISSAN, INFINITI"
76,F-00110,19*30*5/6.5 ,1РМ,TC4,фото ,322,30   ,"RENAULT, SUZUKI "
77,F-00740,19*30*5/6.5 ,1РМ,TC4,фото ,292,30   ,"MAZDA, HONDA"
78,F-00111,19*30*6/6.5,1РМ,TG4P,фото ,52,30   ,"NISSAN, INFINITI"
79,F-00315,19*30*7,1РМ,TC,фото ,155,30   ,VOLVO
80,F-00769,19*30*7,1РМ,TC,фото ,150,30   ,FORD
81,F-00619,19*30*7/8,1РМ,TCR,фото ,250,30   ,"LUK, MERCEDES"
82,F-00114,19*32*6/7,1РМ,TC4 ,фото ,285,30   ,"TOYOTA, LEXUS"
83,F-00403,19*32*6/7,1РМ,TC4 ,фото ,285,30   ,"NISSAN, OPEL"
84,F-00600,19*32*6/7,1РМ,TC4 ,фото ,285,30   ,"VOLVO, RENAULT"
85,F-00779,19*32*6/7,1РМ,TC4 ,фото ,285,30   ,"HYUNDAI, KIA"
86,F-01072,19*32*6/7,1PM,TC4 ,фото ,285,30   ,"MAZDA, OPEL"
87,F-00366,19*32*7,1РМ,TC4 ,фото ,69,30   ,ZF
88,F-00187,19*32*7/7.8,1РМ,TC4P,фото ,0,30   ,TOYOTA
89,F-00418,19*32*7/7.8,1РМ,TC4P,фото ,2,30   ,"OPEL, SKODA"
90,F-01051,19*32*7/7.8,1PM,TC4P,фото ,0,30   ,WV
91,F-01052,19*32*7/7.8,1PM,TC4P,фото ,5,30   ,LEXUS
92,F-00030,19*34.6*3.8/6.1,1РМ,TCN5,фото ,67,30   ,PEUGEOT
93,F-00039,19*34.6*3.8/6.1,1РМ,TCN5,фото ,18,30   ,VW GOLF
94,F-00040,19*34.6*3.8/6.1,1РМ,TCN5,фото ,18,30   ,VW PASSAT
95,F-00011,19*34.6*6.2/9.2,1РМ,TCN11 ,фото ,223,30   ,VW
96,F-00037,19*34.6*6.2/9.2,1РМ,TCN11 ,фото ,225,30   ,FIAT
97,F-00849,19*34.6*6.3/7.3,1РМ,TC4P,фото ,193,30   ,KIA
98,F-01100,19*35*5/5.5,1РМ,TG4P ,фото ,355,30   ,TOYOTA
99,F-01105,19*35*5/5.5,1РМ,TG4P ,фото ,391,30   ,"LIFAN, CHERY"
100,F-00140,19*37*6.5/8,1РМ,TC4P,фото ,146,60   ,MITSUBISHI
101,F-00886,19*37*6.5/8,1РМ,TC4P,фото ,188,60   ,"TOYOTA, AUDI"
102,F-00184,19*38*7/7.8,1РМ,TG4P ,фото ,206,60   ,TOYOTA
103,F-00308,19*42*6.5/7.6,1РМ,TC4P,фото ,287,60   ,MAZDA RX7
104,F-00607,19.05*30*5/5.7 ,1РМ,TC4,фото ,885,30   ,"RENAULT, NISSAN "
105,F-00533,19*30*7/8,1РМ,TCR,фото ,250,30   ,"LUK, MERCEDES"
106,F-00144,19.05*33.3*7.9/9.4,1РМ,TCY ,фото ,110,60   ,"AUDI, BMW, WV"
107,F-00143,19.05*33.3*8,1РМA,TZR,фото ,17,60   ,RENAULT
108,F-00145,19.05*33.3*8,1РМA,TZR,фото ,15,60   ,"BMW, WV"
109,F-00421,19.05*33.3*8,1РМA,TZR,фото ,10,60   ,"FIAT, OPEL"
110,F-01071,19.05*33.3*8,1РМA,TZR,фото ,19,60   ,PEUGEOT
111,F-00529,19.05*33.3*8/9,1РМA,TZNR ,фото ,42,60   ,MERCEDES
112,F-00087,19.05*34.6*4.4/5.9,1РМ,TG4P ,фото ,115,30   ,PEUGEOT
113,F-00677,19.05*34.6*4.4/5.9,1РМ,TG4P ,фото ,115,30   ,"WV GOLF, PASSAT"
114,F-00688,19.05*34.6*4.4/5.9,1РМ,TG4P ,фото ,115,30   ,SCODA FELICIA
115,F-00895,19.05*34.6*4.4/5.9,1РМ,TG4P ,фото ,115,30   ,MAZDA
116,F-00868,19.05*34.6*6.2/9.2,1РМ,TCN11 ,фото ,237,30   ,"VOLVO, FIAT"
117,F-00368,19.05*34.6*6.3/7.3,1РМ,TC4P,фото ,216,30   ,"VW, FIAT"
118,F-00561,19.05*34.6*6.3/7.3,1РМ,TC4P,фото ,229,30   ,"OPEL, FORD"
119,F-00146,19.05*36*6.5,1РМA,TZR ,фото ,62,60   ,VOLVO
120,F-00158,19.05*36*6.7,0MA,SZR,фото ,39,60   ,"WV, FIAT"
121,F-00163,19.05*36*6.7,0MA,SZR,фото ,36,60   ,CHRYSLER
122,F-00641,19.05*36*7,1РМA,TZNR ,фото ,176,60   ,DODGE
123,F-00436,19.05*37*6.5/8,1РМ,TC4P,фото ,73,60   ,"RENAULT, PEUGEOT"
124,F-00915,19.05*37*6.5/8,1РМ,TC4P,фото ,67,60   ,SSANG YONG
125,F-00063X,19.5*30*5/6,1РМ,TC4P ,фото ,50,60   ,Ремонтный размер
126,F-00297X,19.5*30*5/6,1РМ,TC4P ,фото ,50,60   ,Ремонтный размер
127,F-00558X,19.5*30*5/6,1РМ,TC4P ,фото ,59,60   ,Ремонтный размер
128,F-00663X,19.5*30*5/6,1РМ,TC4P ,фото ,40,60   ,Ремонтный размер
129,F-00681X,19.5*30*5/6,1РМ,TC4P ,фото ,56,60   ,Ремонтный размер
130,F-00887X,19.5*30*5/6,1РМ,TC4P ,фото ,45,60   ,Ремонтный размер
131,F-00978X,19.5*30*5/6,1РМ,TC4P ,фото ,60,60   ,Ремонтный размер
132,F-01159X,19.5*30*5/6,1РМ,TC4P ,фото ,60,60   ,Ремонтный размер
133,F-00138,19.9*39.9*6.5,1РМ,TC4P,фото ,87,60   ,"OPEL, FIAT"
134,F-00063,20*30*5/6,1РМ,TC4 ,фото ,430,30   ,"RENAULT, FORD"
135,F-00297,20*30*5/6,1РМ,TC4 ,фото ,345,30   ,MAZDA
136,F-00558,20*30*5/6,1РМ,TC4 ,фото ,335,30   ,MERCEDES
137,F-00663,20*30*5/6,1РМ,TC4 ,фото ,350,30   ,TOYOTA
138,F-00681,20*30*5/6,1РМ,TC4 ,фото ,345,30   ,"AUDI, WV"
139,F-00887,20*30*5/6,1РМ,TC4 ,фото ,390,30   ,BMW
140,F-00978,20*30*5/6,1РМ,TC4 ,фото ,345,30   ,OPEL
141,F-01159,20*30*5/6,1РМ,TC4 ,фото ,345,30   ,ZF
142,F-00054,20*30*7,1РМ,TC ,фото ,80,30   ,ZF
143,F-00666,20*30*7,1РМ,TC ,фото ,96,30   ,ZF
144,F-00884,20*30*7,7V2,CNB,фото ,237,30   ,AUDI
145,F-00058,20*32*5/5.5,1РМ,TGN1,фото ,288,30   ,CITROEN
146,F-00217,20*32*7 ,7V2,CNB,фото ,87,90   ,MAZDA
147,F-00153,20*35*7,0M2,DC,фото ,41,60   ,BMW
148,F-00502,20*35*7,0M2,DC,фото ,35,60   ,FIAT DUCATO
149,F-00609,20*35*7,1РМ,TC4,фото ,138,60   ,"ISUZU, OPEL"
150,F-00640,20*35*7,1РМ,TC4,фото ,131,60   ,ALFA ROMEO
151,F-00562,20*35.6*6/7.7,1РМ,TGN2,фото ,481,60   ,"OPEL, JEEP"
152,F-00166,20*36*7,1РМ,TCR,фото ,39,60   ,MITSUBISHI
153,F-00216,20*36*7,7V2,CNB,фото ,110,90   ,"ISUZU, OPEL"
154,F-01153,20*36*7,1РМ,TCR,фото ,41,60   ,KIA
155,F-01167,20*36*7,1РМ,TCR,фото ,30,60   ,HYUNDAI
156,F-00186A,20*39.62*6.35/7,1РМ,TG4P,фото ,93,60   ,OPEL
157,F-00100A,20*39.67*6.5,1РМ,TGN1,фото ,11,60   ,"SAAB, DODGE"
158,F-00100,20*40*6,1РМ,TC4P,фото ,74,60   ,"SAAB, DODGE"
159,F-00186,20*40*6,1РМ,TC4P,фото ,70,60   ,OPEL
160,F-00531X,20*41.3*6.5/9,1РМ,TC1W11 ,фото ,95,90   ,Ремонтный размер
161,F-00659,20*41.3*6.5/9,1РМ,TC1W11 ,фото ,68,90   ,FORD
162,F-00667X,20*41.3*6.5/9,1РМ,TC1W11 ,фото ,69,90   ,Ремонтный размер
163,F-00108,20*42.5*3.8/5,1РМ,TC4P,фото ,100,60   ,ALFA ROMEO 156
164,F-00420,20*42.5*3.8/5,1РМ,TC4P,фото ,116,60   ,ALFA ROMEO 166
165,F-00109,20*42.5*7/7.8,1РМ,TG4P,фото ,310,60   ,MERCEDES
166,F-00104,20*44*4.5,3A,VG ,фото ,60,60   ,MERCEDES
167,F-00191,20*44*4.5,3A,VG ,фото ,97,60   ,"VW, FIAT"
168,F-00547X,20.5*34*9,7V1,CNB1W11,фото ,77,120   ,Ремонтный размер
169,F-01148,20.6*41*6.3,0M,SGN1W11,фото ,207,60   ,FORD S-MAX
170,F-00168,20.6*41.2*6.3,0M,SCN2 ,фото ,235,60   ,FORD FIESTA
171,F-00667 ,20.6*41.2*6.3,0M,SCN2 ,фото ,235,60   ,FORD MONDEO
172,F-00720,20.6*41.2*6.3,0M,SCN2 ,фото ,235,60   ,FORD FOCUS
173,F-00531,20.6*41.2*6.5/8,1РМ,TC2W11,фото ,185,60   ,FORD FOCUS
174,F-00493,20.6*41.3*6.5/8,1РМ,TC2W11,фото ,185,60   ,FORD FUSION
175,F-00442,21*33*8/5.5,1РМ,TCN11 ,фото ,375,60   ,MERCEDES W124
176,F-00605,21*33*8/5.5,1РМ,TCN11 ,фото ,372,60   ,MERCEDES W140
177,F-00547,21*34*9,7V1,CNB1W11 ,фото ,51,90   ,SUBARU
178,F-00497XX,21*34.3*7/12,4V2,GNB13W11 ,фото ,72,120   ,Ремонтный размер
179,F-00494XX,21*35.4*8.2,7V2,GNBW11 ,фото ,60,120   ,Ремонтный размер
180,F-00576,21*35.5*6.2/7,1РМ,TG4PW11,фото ,50,90   ,"DODGE, OPEL"
181,F-00027X,21.5*31*6.5,7V1,GNB1W11 ,фото ,69,120   ,Ремонтный размер
182,F-00284X,21.5*32*4/6,4V2,CNB3 ,фото ,75,120   ,Ремонтный размер
183,F-00796X,21.5*34*8 ,7V1,CNB1W11,фото ,77,120   ,Ремонтный размер
184,F-00497X,21.5*34.3*7/12 ,4V2,GNB13W11,фото ,315,120   ,Ремонтный размер
185,F-00283X,21.5*35*10/15.4 ,7V3,GNB7 ,фото ,84,120   ,Ремонтный размер
186,F-00219X,21.5*35*8.5,7V1,CNB1W11,фото ,30,120   ,Ремонтный размер
187,F-00381X,21.5*35*8.5,7V1,CNB1W11,фото ,18,120   ,Ремонтный размер
188,F-00670X,21.5*35*8.5,7V1,CNB1W11,фото ,25,120   ,Ремонтный размер
189,F-00806X,21.5*35*9/10,7V1PM,CNB5W11 ,фото ,43,120   ,Ремонтный размер
190,F-00948X,21.5*35*9/10,7V1PM,CNB5W11 ,фото ,39,120   ,Ремонтный размер
191,F-00494X,21.5*35.4*8.2,7V2,GNBW11 ,фото ,326,120   ,Ремонтный размер
192,F-00670AX,21.5*36*8,7V1,CNB1W11,фото ,62,120   ,Ремонтный размер
193,F-00220X,21.5*36.5*8.5 ,7V1,CNB1W11,фото ,75,120   ,Ремонтный размер
194,F-00807X,21.5*38.2*13/14,7V1PM,CNB5W11,фото ,42,120   ,Ремонтный размер
195,F-00949X,21.5*38.2*13/14,7V1PM,CNB5W11,фото ,38,120   ,Ремонтный размер
196,F-00221X,21.5*38.2*9,7V1,CNB1W11,фото ,10,120   ,Ремонтный размер
197,F-00222X,21.5*38.2*9,7V1,CNB1W11,фото ,10,120   ,Ремонтный размер
198,F-00512X,21.5*38.2*9,7V1,CNB1W11,фото ,5,120   ,Ремонтный размер
199,F-00672X,21.5*38.2*9,7V1,CNB1W11,фото ,8,120   ,Ремонтный размер
200,F-00797X,21.5*38.2*9,7V1,CNB1W11,фото ,10,120   ,Ремонтный размер
201,F-00123X,21.5*39.4*10/12.5,7V3,CNB7,фото ,163,120   ,Ремонтный размер
202,F-00027,22*31*6.5,0M,SC4 ,фото ,308,60   ,WV
203,F-00284,22*32*4/6.5,4V2,CNB3,фото ,204,90   ,OPEL
204,F-00425,22*32*5,0M,SC,фото ,98,60   ,ROVER
205,F-00069,22*32*5/5.5,1РМ,TG4P,фото ,103,60   ,PEUGEOT
206,F-00193,22*32*5/5.5,1РМ,TG4P,фото ,91,60   ,CITROEN
207,F-00680,22*32*5/5.5,1РМ,TG4P,фото ,101,60   ,RENAULT
208,F-00759,22*32*5/5.5,1РМ,TG4P,фото ,99,60   ,FORD
209,F-00890,22*32*5/5.5,1РМ,TG4P,фото ,107,60   ,KIA
210,F-00098,22*32*7,7V1,CNB1W11 ,фото ,300,90   ,TOYOTA
211,F-00280,22*34*8,7V1,CNB1W11 ,фото ,154,90   ,TOYOTA
212,F-00796 ,22*34*8,7V1,CNB1W11 ,фото ,165,90   ,DAIHATSU
213,F-00497,22*34.3*7/12,4V2,GNB13W11,фото ,306,90   ,FORD
214,F-00018XX,22*34.3/38*4.3/8,6V2,CNB2,фото ,55,120   ,Ремонтный размер
215,F-00035XX,22*34.3/38*4.3/8,6V2,CNB2,фото ,56,120   ,Ремонтный размер
216,F-00441XX,22*34.3/38*4.3/8,6V2,CNB2,фото ,55,120   ,Ремонтный размер
217,F-00642XX,22*34.3/38*4.3/8,6V2,CNB2,фото ,50,120   ,Ремонтный размер
218,F-00024XX,22*34.5*6.5,7V1,CNB1 ,фото ,2,120   ,Ремонтный размер
219,F-00396XX,22*34.5*6.5,7V1,CNB1 ,фото ,7,120   ,Ремонтный размер
220,F-00283,22*35*10/15.4,7V3,CNB4 ,фото ,47,90   ,OPEL
221,F-01010,22*35*6/7,1PM,TG4P,фото ,83,60   ,VOLVO
222,F-00304,22*35*7,0M,SC,фото ,40,60   ,ALFA ROMEO
223,F-00333,22*35*7,0M,SC,фото ,30,60   ,PORSCHE
224,F-00381,22*35*7,7V2,CNB ,фото ,74,90   ,SUZUKI 
225,F-00889,22*35*7,0M,SC,фото ,14,60   ,FIAT
226,F-00219,22*35*8.5,7V1,CNB1W11,фото ,123,90   ,TOYOTA
227,F-00670,22*35*8.5,7V1,CNB1W11,фото ,145,90   ,DAIHATSU
228,F-00806,22*35*9/10,7V1PM,CNB11W11,фото ,45,90   ,HYUNDAI ATOS
229,F-00948,22*35*9/10,7V1PM,CNB11W11,фото ,44,90   ,HYUNDAI GETZ
230,F-00494,22*35.4*8,7V2,GNBW11 ,фото ,250,90   ,FORD
231,F-00670A,22*36*8,7V1,CNB1W11 ,фото ,63,120   ,TOYOTA
232,F-00220,22*36.6*8,7V2,CNB ,фото ,110,90   ,TOYOTA
233,F-00223XX,22*37*8.5,7V2,CNB,фото ,279,120   ,Ремонтный размер
234,F-00807,22*38.2*13/14 ,7V1PM,CNB5W11 ,фото ,39,90   ,HYUNDAI ATOS
235,F-00949,22*38.2*13/14 ,7V1PM,CNB5W11 ,фото ,27,90   ,HYUNDAI GETZ
236,F-00221,22*38.2*8,7V2,CNAW11 ,фото ,20,90   ,NISSAN
237,F-00221M,22*38.2*8,7V1,CNB1W11 ,фото ,70,90   ,TOYOTA 
238,F-00222,22*38.2*8,7V2,CNAW11 ,фото ,24,90   ,TOYOTA 
239,F-00222M,22*38.2*8,7V1,CNB1W11 ,фото ,64,90   ,TOYOTA 
240,F-00512,22*38.2*8,7V1,CNB1W11 ,фото ,47,90   ,TOYOTA 
241,F-00672,22*38.2*8,7V1,CNB1W11 ,фото ,70,90   ,HONDA
242,F-00797,22*38.2*8,7V1,CNB1W11 ,фото ,67,90   ,DAIHATSU
243,F-00513,22*38.5*8,7V1,CNB1W11,фото ,94,90   ,TOYOTA 
244,F-00123,22*39.4*10/12.5,7V3,CNB7,фото ,35,90   ,DAEWOO MATIZ
245,F-00748,22.2*31.75*6/7.5,1РМ,TC4W7,фото ,66,60   ,MITSUBISHI
246,F-00526,22.3*32.2*5/5.7 ,1РМ,TC4P,фото ,250,60   ,SUZUKI BALENO
247,F-00938,22.3*32.2*5/5.7 ,1РМ,TC4P,фото ,250,60   ,SUBARU FORESTER
248,F-0000B,22.5*25.5*3,L-RING,TEFLON,фото ,496,120   ,"AUDI 80, WV"
249,F-00440X,22.5*32.5*6/8,4V2,CNB3 ,фото ,19,120   ,Ремонтный размер
250,F-00739X,22.5*32.5*6/8,4V2,CNB3 ,фото ,20,120   ,Ремонтный размер
251,F-00018X,22.5*34.3/38*4.3/8,6V1,CNB2 ,фото ,33,120   ,Ремонтный размер
252,F-00035X,22.5*34.3/38*4.3/8,6V1,CNB2 ,фото ,25,120   ,Ремонтный размер
253,F-00441X,22.5*34.3/38*4.3/8,6V1,CNB2 ,фото ,21,120   ,Ремонтный размер
254,F-00642X,22.5*34.3/38*4.3/8,6V1,CNB2 ,фото ,31,120   ,Ремонтный размер
255,F-00016X,22.5*34.3/40*3.2/7.5,6V2,CNB2,фото ,21,120   ,Ремонтный размер
256,F-00034X,22.5*34.3/40*3.2/7.5,6V2,CNB2,фото ,19,120   ,Ремонтный размер
257,F-00024X,22.5*34.5*6.5,7V1,CNB1W11 ,фото ,5,120   ,Ремонтный размер
258,F-00396X,22.5*34.5*6.5,7V1,CNB1W11 ,фото ,5,120   ,Ремонтный размер
259,F-01179X,22.5*34.5*6.5,7V1,CNB1W11 ,фото ,0,120   ,Ремонтный размер
260,F-00402X,22.5*38*9,7V1,CNB1W11 ,фото ,27,120   ,Ремонтный размер
261,F-00499X,22.5*38*9,7V1,CNB1W11 ,фото ,33,120   ,Ремонтный размер
262,F-00225X,22.5*41*8,7V1,CNB1W11 ,фото ,19,120   ,Ремонтный размер
263,F-00292X,22.5*41*8.5,7V1,CNB1W11 ,фото ,26,120   ,Ремонтный размер
264,F-00926X,22.5*41*8.5,7V1,CNB1W11 ,фото ,21,120   ,Ремонтный размер
265,F-00901,22.8*33.5*6,7V2,CNB,фото ,7,90   ,TRW
266,F-00019,23*29.8*4.5,0M,SC,фото ,220,60   ,FORD
267,F-00865,23*29.8*4.5,0M,SC,фото ,220,60   ,FIAT
268,F-00440,23*32.5*6/8,4V2,GNB3,фото ,87,90   ,WV
269,F-00739,23*32.5*6/8,4V2,GNB3,фото ,72,90   ,SKODA
270,F-00089X,23*33*5/5.5,1РМ,TG4P ,фото ,286,60   ,"AUDI, VW, SKODA"
271,F-00028XX,23*33*8,7V1,CNB1W11,фото ,219,120   ,Ремонтный размер
272,F-00097,23*34*6.5,0M, SC4 ,фото ,300,60   ,TOYOTA
273,F-00018,23*34.3/38*3.2/7.4,6V2,CNB2,фото ,28,90   ,WV PASSAT
274,F-00035,23*34.3/38*3.2/7.4,6V2,CNB2,фото ,24,90   ,WV GOLF
275,F-00441,23*34.3/38*3.2/7.4,6V2,CNB2,фото ,37,90   ,"FIAT, SKODA"
276,F-00642,23*34.3/38*3.2/7.4,6V2,CNB2,фото ,39,90   ,"MAZDA, FORD"
277,F-00016,23*34.3/40.2*3.2/7.5,6V2,CNB2 ,фото ,77,90   ,"FIAT, SEAT"
278,F-00034,23*34.3/40.2*3.2/7.5,6V2,CNB2 ,фото ,98,90   ,"KIA, DAEWOO"
279,F-00012,23*34.5*6.5,7V2,CNB,фото ,86,90   ,WV PASSAT
280,F-00024,23*34.5*6.5,7V2,CNB,фото ,85,90   ,WV GOLF
281,F-00396,23*34.5*6.5,7V2,CNB,фото ,81,90   ,"MAZDA, FORD"
282,F-01179,23*34.5*6.5,7V2,CNB,фото ,57,90   ,"FIAT, SKODA"
283,F-00012M,23*34.5*8,7V1,CNB1W11 ,фото ,65,90   ,WV PASSAT
284,F-00024M,23*34.5*8,7V1,CNB1W11 ,фото ,75,90   ,WV GOLF
285,F-00396M,23*34.5*8,7V1,CNB1W11 ,фото ,60,90   ,"MAZDA, FORD"
286,F-01179M,23*34.5*8,7V1,CNB1W11 ,фото ,60,90   ,"FIAT, SKODA"
287,F-00194,23*35*6.5,1РМ,TC4,фото ,303,60   ,"MITSUBISHI, TOYOTA"
288,F-00916,23*35*6.5,0M,SC4,фото ,235,60   ,SSANG YONG
289,F-00226XM,23*36.5*8.5,7V1,CNB1W11,фото ,33,120   ,Ремонтный размер
290,F-00226XX,23*36.5*8.5,7V2,CNB,фото ,56,120   ,Ремонтный размер
291,F-00360XX,23*36.5*8.5,7V1,CNB1W11,фото ,33,120   ,Ремонтный размер
292,F-00223,23*37*8.5,7V2,CNB,фото ,255,90   ,"SUBARU, ISUZU"
293,F-00195,23*38*7,0M,SC4 ,фото ,467,60   ,"MITSUBISHI, HYUNDAI"
294,F-00402,23*38*9,7V1,CNB1W11,фото ,135,90   ,MAZDA
295,F-00499,23*38*9,7V1,CNB1W11,фото ,150,90   ,SUZUKI
296,F-00090XX,23*39*8.5,7V2,CNB,фото ,341,120   ,Ремонтный размер
297,F-00224,23*40*9,7V2,CNB,фото ,45,90   ,SUBARU
298,F-00225,23*41*8,7V2,CNB,фото ,162,90   ,FORD
299,F-00292,23*41*8,7V2,CNB,фото ,140,90   ,MAZDA
300,F-00225M,23*41*8.5,7V1,CNB1W11,фото ,71,90   ,FORD
301,F-00292M,23*41*8.5,7V1,CNB1W11,фото ,95,90   ,MAZDA
302,F-00926,23*41*8.5,7V1,CNB1W11,фото ,34,90   ,SUBARU
303,F-00079,23*48.5*7.5,7V2,CNB,фото ,57,90   ,RENAULT
304,F-00082,23.3*29.8*1.7/4.5,4V2,SC2,фото ,161,60   ,VOLVO
305,F-00032,23.3*29.8*4.5,0M,SC,фото ,220,60   ,"FORD, RENAULT"
306,F-00036,23.3*29.8*4.5,0M,SC,фото ,220,60   ,"FIAT, CITROEN"
307,F-00118,23.3*29.8*4.5,0M,SC,фото ,220,60   ,"BMW, OPEL"
308,F-00758,23.3*29.8*4.5,0M,SC,фото ,220,60   ,"MAZDA, PEUGEOT"
309,F-01065,23.3*29.8*4.5,0M,SC,фото ,220,60   ,"WV, MERCEDES"
310,F-00296,23.3*29.8*4/6.7,4V2,SC2,фото ,257,60   ,"DODGE, CHRYSLER"
311,F-00086,23.3*30*4/6.7,4V2,SC2,фото ,214,60   ,"WV PASSAT, GOLF"
312,F-00130,23.3*30*4/6.7,4V2,SC2,фото ,226,60   ,"FORD, MAZDA"
313,F-00590,23.3*37.5*5.5,0M,SC4 ,фото ,252,60   ,KIA RIO
314,F-00837,23.5*32.5*5.3/6,1РМ,TC4P ,фото ,28,60   ,"INFINITI FX35, QX56"
315,F-00820,23.5*32.5*5/5.5 ,1РМ,TG4P,фото ,75,60   ,"PATHFINDER, TEANA"
316,F-00927,23.5*32.5*5/5.5 ,1РМ,TG4P,фото ,119,60   ," NAVARA, MURANO"
317,F-00028X ,23.5*33*7,7V1,CNB1W11 ,фото ,35,120   ,Ремонтный размер
318,F-00285X,23.5*34*6,7V2G,CNB15,фото ,74,120   ,Ремонтный размер
319,F-00236X,23.5*34*7,7V1,CNB1W11,фото ,65,120   ,Ремонтный размер
320,F-00651X,23.5*35*8.5,7V1,CNB1W11 ,фото ,80,120   ,Ремонтный размер
321,F-00783X ,23.5*35*8.5,7V1,CNB1W11 ,фото ,66,120   ,Ремонтный размер
322,F-00831X,23.5*35*8.5,7V1,CNB1W11 ,фото ,92,120   ,Ремонтный размер
323,F-00198X,23.5*36*7,7V1,CNB1W11 ,фото ,55,120   ,Ремонтный размер
324,F-00226X,23.5*36.5*8,7V1,CNB1W11 ,фото ,123,120   ,Ремонтный размер
325,F-00360X,23.5*36.5*8,7V1,CNB1W11 ,фото ,115,120   ,Ремонтный размер
326,F-00833X,23.5*36.5*8,7V1,CNB1W11 ,фото ,118,120   ,Ремонтный размер
327,F-01021X,23.5*36.5*8,7V1,CNB1W11 ,фото ,106,120   ,Ремонтный размер
328,F-00966X,23.5*36.5*9/10,7V1PM,CNB5W11 ,фото ,66,120   ,Ремонтный размер
329,F-00445X,23.5*36/37*15/17,7V3,CNB7,фото ,72,120   ,Ремонтный размер
330,F-00476X,23.5*36/37*8.5/17.7 ,6V2MA,CNB10,фото ,22,120   ,Ремонтный размер
331,F-00601X,23.5*36/37*8.5/17.7 ,6V2MA,CNB10,фото ,18,120   ,Ремонтный размер
332,F-00077X,23.5*37*14.5/20,4A,SB2 ,фото ,0,120   ,Ремонтный размер
333,F-00095X,23.5*37*8.5,7V1,CNB1W11 ,фото ,56,120   ,Ремонтный размер
334,F-00121X,23.5*37*8.5,7V1,CNB1W11 ,фото ,52,120   ,Ремонтный размер
335,F-00652X,23.5*37*8.5,7V1,CNB1W11 ,фото ,58,120   ,SEAT
336,F-00830X,23.5*37*8.5,7V1,CNB1W11 ,фото ,24,120   ,Ремонтный размер
337,F-00933,23.5*37*8.5,7V1,CNB1W11 ,фото ,50,120   ,Ремонтный размер
338,F-00238X ,23.5*38*12.5,7V1,CNB4W11,фото ,69,120   ,Ремонтный размер
339,F-00612X,23.5*38*8,7V1,CNB1W11 ,фото ,77,120   ,Ремонтный размер
340,F-00829X,23.5*38*8,7V1,CNB1W11 ,фото ,100,120   ,Ремонтный размер
341,F-00229X,23.5*38.2*8.5,7V1,CNB1W11 ,фото ,123,120   ,Ремонтный размер
342,F-00543X,23.5*38.2*8.5,7V1,CNB1W11 ,фото ,93,120   ,Ремонтный размер
343,F-00716X,23.5*38.2*8.5,7V1,CNB1W11 ,фото ,93,120   ,Ремонтный размер
344,F-01039X,23.5*38.2*8.5,7V1,CNB1W11 ,фото ,110,120   ,Ремонтный размер
345,F-01018X,23.5*38.5*9/10,7V1PM,CNB5W11 ,фото ,43,120   ,Ремонтный размер
346,F-00474X,23.5*39*8.5,7V1,CNB1W11 ,фото ,127,120   ,Ремонтный размер
347,F-01092X,23.5*39*8.5,7V1,CNB1W11 ,фото ,111,120   ,Ремонтный размер
348,F-00397X,23.5*39/44*8.5/16,7V2,CNB14 ,фото ,300,120   ,Ремонтный размер
349,F-00919X,23.5*39/44*8.5/20.5 ,7V2,CNB14 ,фото ,20,120   ,Ремонтный размер
350,F-01129X,23.5*39/44*8.5/20.5 ,7V2,CNB14 ,фото ,20,120   ,Ремонтный размер
351,F-00228X,23.5*40*8,7V1,CNB1W11 ,фото ,90,120   ,Ремонтный размер
352,F-00230X,23.5*40*8,7V2,CNB,фото ,97,120   ,Ремонтный размер
353,F-00240X,23.5*40*8,7V1,CNB1W11 ,фото ,100,120   ,Ремонтный размер
354,F-00668X,23.5*40*8,7V1,CNB1W11 ,фото ,98,120   ,Ремонтный размер
355,F-00983X,23.5*40*8,7V1,CNB1W11 ,фото ,94,120   ,Ремонтный размер
356,F-01009X,23.5*40*8,7V1,CNB1W11 ,фото ,90,120   ,Ремонтный размер
357,F-00231X,23.5*41*8.5,7V1,CNB1W11 ,фото ,155,120   ,Ремонтный размер
358,F-00917X,23.5*41*8.5,7V1,CNB1W11 ,фото ,155,120   ,Ремонтный размер
359,F-00878X,23.5*41*8.5 ,7V2,CNBW11,фото ,87,120   ,Ремонтный размер
360,F-00232X,23.5*42*8.5,7V1,CNB1W11,фото ,15,120   ,Ремонтный размер
361,F-00233X,23.5*42*8.5,7V1,CNB1W11,фото ,13,120   ,Ремонтный размер
362,F-00407X,23.5*42*8.5,7V1,CNB1W11,фото ,15,120   ,Ремонтный размер
363,F-00426X,23.5*42*8.5,7V1,CNB1W11,фото ,0,120   ,Ремонтный размер
364,F-00965X,23.5*42.5*9/10,7V1PM,CNB11W11,фото ,48,120   ,Ремонтный размер
365,F-00234X,23.5*43*8.5,7V2,CNBW11 ,фото ,94,120   ,Ремонтный размер
366,F-00599X,23.5*43*8.5,7V1,CNB1W11 ,фото ,67,120   ,Ремонтный размер
367,F-00242XX,23.5*48*8.5,7V1,CNB1W11,фото ,35,120   ,Ремонтный размер
368,F-00941X,23.5*50*9,7V1,CNB1W11,фото ,85,120   ,Ремонтный размер
369,F-00332 ,24*33*5,0M,SC4 ,фото ,120,60   ,WV
370,F-01157 ,24*33*5,0M,SC4 ,фото ,115,60   ,OPEL
371,F-00089,24*33*5/5.5 ,1РМ,TG4P,фото ,300,60   ,"AUDI, VW, SKODA"
372,F-00028 ,24*33*7,0M,SC4 ,фото ,207,60   ,"FORD, VOLVO"
373,F-00285,24*34*6,7V2G,CNB15,фото ,70,90   ,HONDA
374,F-00236,24*34*7 ,7V2,CNB,фото ,118,90   ,NISSAN
375,F-00239,24*35*12 ,7V1,CNB4W11,фото ,253,90   ,MITSUBISHI
376,F-00651,24*35*8.5 ,7V1,CNB1W11,фото ,162,90   ,"WV, SKODA"
377,F-00783,24*35*8.5 ,7V1,CNB1W11,фото ,65,90   ,"SEAT, MAZDA"
378,F-00831,24*35*8.5 ,7V1,CNB1W11,фото ,140,90   ,"MITSUBISHI, SUBARU"
379,F-00738,24*35/39*9/13.7,6V2,GNB26 ,фото ,57,90   ,WV
380,F-00078,24*36*7 ,1РМ,TC4,фото ,17,60   ,RENAULT
381,F-00198,24*36*7 ,7V2,CNB,фото ,414,90   ,NISSAN
382,F-00295,24*36*7 ,1РМ,TC4,фото ,160,60   ,SUBARU
383,F-00496,24*36*7 ,1РМ,TC4,фото ,160,60   ,NISSAN
384,F-00237,24*36.2*8 ,7V2,CNB,фото ,70,90   ,TOYOTA
385,F-00287,24*36.5*12,7V2,CNB4W11,фото ,303,90   ,MITSUBISHI
386,F-00360,24*36.5*7.5 ,7V1,CNB1W11,фото ,251,90   ,"RENAULT, PEUGEOT"
387,F-01021,24*36.5*7.5 ,7V1,GNB1W11,фото ,48,90   ,"MITSUBISHI, HYUNDAI"
388,F-00226,24*36.5*8 ,7V2,CNA,фото ,60,90   ,"MITSUBISHI, HYUNDAI"
389,F-00226M,24*36.5*8.5,7V1,CNB1W11,фото ,317,90   ,"MITSUBISHI, HYUNDAI"
390,F-00833,24*36.5*8.5,7V1,CNB1W11,фото ,321,90   ,"DODGE, SUBARU"
391,F-00966,24*36.5*9/10 ,7V1PM,CNB11W11,фото ,105,90   ,HYUNDAI
392,F-00476,24*36/37*8.5/17.7,6V2MA,CNB10,фото ,175,90   ,"PEUGEOT 206, 307"
393,F-00601,24*36/37*8.5/17.7,6V2MA,CNB10,фото ,218,90   ,CITROEN C4
394,F-00077,24*37*14.5/20 ,4A,SB2 ,фото ,68,90   ,RENAULT ESPACE
395,F-00445,24*37*15/17,7V3,CNB7,фото ,29,90   ,SAAB 9-5
396,F-00048,24*37*7,0M,SGN1 ,фото ,356,60   ,"BMW, FORD"
397,F-01158,24*37*7,0M,SGN1 ,фото ,364,60   ,VOLVO
398,F-00095M,24*37*8,7V1,CNB1W11,фото ,40,90   ,"WV, RENAULT"
399,F-00121M,24*37*8,7V1,CNB1W11,фото ,62,90   ,"AUDI, VW, SKODA"
400,F-00652,24*37*8,7V1,CNB1W11,фото ,24,90   ,SEAT
401,F-00830,24*37*8,7V1,CNB1W11,фото ,8,90   ,"CITROEN, PEUGEOT"
402,F-00095,24*37*8 ,7V2,CNA,фото ,257,90   ,"WV, RENAULT"
403,F-00121,24*37*8 ,7V2,CNA,фото ,202,90   ,"AUDI, VW, SKODA"
404,F-00014XX,24*37.6*6.5,7V1,CNB1W11,фото ,40,120   ,Ремонтный размер
405,F-00038XX,24*37.6*6.5,7V1,CNB1W11,фото ,32,120   ,Ремонтный размер
406,F-00227,24*37.6*6.5,7V1,CNB1W11,фото ,24,120   ,SUBARU
407,F-00243XX,24*37.6*6.5,7V1,CNB1W11,фото ,28,120   ,Ремонтный размер
408,F-00015XX,24*37.7/41.3*4.2/7.4,6V2,CNB2,фото ,49,120   ,Ремонтный размер
409,F-00023XX,24*37.7/41.3*4.2/7.4,6V2,CNB2,фото ,53,120   ,Ремонтный размер
410,F-00369XX,24*37.7/41.3*4.2/7.4,6V2,CNB2,фото ,53,120   ,Ремонтный размер
411,F-00467XX,24*37.7/41.3*4.2/7.4,6V2,CNB2,фото ,53,120   ,Ремонтный размер
412,F-00485XX,24*37.7/41.3*4.2/7.4,6V2,CNB2,фото ,53,120   ,Ремонтный размер
413,F-00764XX,24*37.7/41.3*4.2/7.4,6V2,CNB2,фото ,44,120   ,Ремонтный размер
414,F-00911XX,24*37.7/41.3*4.2/7.4,6V2,CNB2,фото ,53,120   ,Ремонтный размер
415,F-00387,24*38*7 ,0M,SCH4,фото ,320,60   ,"VOLVO, WV"
416,F-00387M,24*38*7 ,0M,SG4P,фото ,314,60   ,HYUNDAI
417,F-00612,24*38*8,7V1,CNB1W11 ,фото ,254,90   ,HONDA 
418,F-01039A,24*38.2*10.5,7V2,CNB,фото ,36,90   ,SUBARU
419,F-00238 ,24*38.2*12.5,7V1,CNB4W11 ,фото ,82,90   ,"MITSUBISHI, VOLVO"
420,F-00229M,24*38.2*8,7V1,CNB1W11,фото ,90,90   ,TOYOTA
421,F-00543,24*38.2*8,7V1,CNB1W11,фото ,180,90   ,MITSUBISHI
422,F-00716,24*38.2*8,7V1,CNB1W11 ,фото ,110,90   ,HYUNDAI
423,F-00829,24*38.2*8,7V1,CNB1W11 ,фото ,125,90   ,SAAB  
424,F-01039,24*38.2*8,7V1,CNB1W11,фото ,69,90   ,SUBARU
425,F-00229,24*38.2*8.5,7V2,CNB,фото ,72,90   ,TOYOTA
426,F-01018,24*38.5*9/10 ,7V1PM,CNB11W11,фото ,54,90   ,HYUNDAI
427,F-00488XX,24*38.5/45*4/10,6V2,GNB2,фото ,222,120   ,Ремонтный размер
428,F-00090,24*39*8.5,7V2,CNA,фото ,80,90   ,"AUDI, VW, SKODA"
429,F-00090M,24*39*8.5 ,7V1,CNB1W11,фото ,58,90   ,"AUDI, VW, SKODA"
430,F-00474,24*39*8.5 ,7V1,CNB1W11,фото ,16,90   ,BMW
431,F-01092,24*39*8.5 ,7V2,CNA,фото ,100,90   ,OPEL
432,F-01092M,24*39*8.5 ,7V1,CNB1W11,фото ,72,90   ,OPEL
433,F-00397,24*39*8.5/16.5,7V2,CNB14,фото ,550,90   ,"AUDI, VW, SKODA"
434,F-00717,24*39.5*7,7V1,CNB1W11 ,фото ,310,90   ,SAAB
435,F-00919,24*39/44*8.5/20.5,7V2,CNB14,фото ,20,90   ,"AUDI, VW"
436,F-01129,24*39/44*8.5/20.5,7V2,CNB14,фото ,22,90   ,"AUDI, VW"
437,F-00228,24*40*8,7V1,CNB1W11,фото ,20,90   ,NISSAN
438,F-00230M,24*40*8,7V1,CNB1W11,фото ,35,90   ,TOYOTA
439,F-00240,24*40*8,7V1,CNB1W11,фото ,29,90   ,ACURA
440,F-00668,24*40*8,7V1,CNB1W11,фото ,12,90   ,HONDA
441,F-00983,24*40*8,7V1,CNB1W11,фото ,10,90   ,SUBARU
442,F-01009,24*40*8,7V1,CNB1W11,фото ,65,90   ,INFINITI
443,F-00230,24*40*8 ,7V2,CNB,фото ,88,90   ,TOYOTA
444,F-01117,24*40.3*9/10,7V1PM,CNB11W11,фото ,225,90   ,CHEVROLET
445,F-00291,24*41*12.5 ,7V1,CNB1W11,фото ,72,90   ,MITSUBISHI
446,F-00231,24*41*8.5 ,7V1,CNA1,фото ,112,90   ,TOYOTA
447,F-00515,24*41*8.5 ,7V2,CNBW11,фото ,72,90   ,"SUBARU, JAGUAR"
448,F-00515M,24*41*8.5 ,7V1,CNA1,фото ,142,90   ,"SUBARU, JAGUAR"
449,F-00878,24*41.2*8.5 ,7V2,CNBW11,фото ,182,90   ,TOYOTA
450,F-00878M,24*41.2*8.5 ,7V1,CNB1W11,фото ,136,90   ,TOYOTA
451,F-00917,24*41.2*8.5 ,7V1,CNB1W11,фото ,342,90   ,OPEL ASTRA H
452,F-00232,24*42*8,7V1,CNB1W11,фото ,67,90   ,MITSUBISHI
453,F-00233,24*42*8,7V1,CNB1W11,фото ,69,90   ,TOYOTA
454,F-00407,24*42*8,7V1,CNB1W11,фото ,0,90   ,HONDA
455,F-00426,24*42*8,7V1,CNB1W11,фото ,43,90   ,HYUNDAI
456,F-00171,24*42.5*13/14,7V1PM,CNB5W11,фото ,61,90   ,HYUNDAI
457,F-00818,24*42.5*8.5,7V1,CNB1W11,фото ,205,90   ,HONDA
458,F-00965,24*42.5*9/10,7V1PM,CNB11W11,фото ,294,90   ,HYUNDAI
459,F-00171A,24*43*13,7V1,CNB1W11,фото ,48,90   ,HYUNDAI
460,F-00234,24*43*7,7V1,CNB1W11,фото ,316,90   ,NISSAN
461,F-00099,24*43*8.5 ,1РМ,TZ4,фото ,124,60   ,TOYOTA
462,F-00599,24*43*8.5 ,7V1,CNB1,фото ,254,90   ,NISSAN
463,F-00712,24*44.3*8.5,7V1,CNB1W11,фото ,222,90   ,HONDA STREAM
464,F-01150,24*44.3*8.5,7V1,CNB1W11,фото ,248,90   ,HONDA FR-V
465,F-01096,24*45*12.5,7V1,CNB1W11,фото ,256,90   ,HONDA
466,F-01099,24*46*8,7V1,CNB1W11,фото ,240,90   ,HONDA
467,F-00941,24*50*9,7V1,CNB1W11 ,фото ,62,90   ,NISSAN MURANO
468,F-00072X,24.5*33/37.5*6.7/8,6V3,CNB16 ,фото ,81,120   ,Ремонтный размер
469,F-00135X,24.5*35*4/6.5,4V2,CNB3,фото ,22,120   ,Ремонтный размер
470,F-00406X,24.5*35*4/6.5,4V2,CNB3,фото ,41,120   ,Ремонтный размер
471,F-00724X,24.5*35*4/6.5,4V2,CNB3,фото ,24,120   ,Ремонтный размер
472,F-00107X,24.5*35/40*1.7/10,6V3,CNB16,фото ,168,120   ,Ремонтный размер
473,F-00423X,24.5*36*8.5,7V1,CNB1W11 ,фото ,58,120   ,Ремонтный размер
474,F-00071X,24.5*37*7,7V1,CNB1W11 ,фото ,190,120   ,Ремонтный размер
475,F-00713X,24.5*37*7,7V1,CNB1W11 ,фото ,190,120   ,Ремонтный размер
476,F-00014X,24.5*37.54*7.5 ,7V1,CNB1W11,фото ,137,120   ,Ремонтный размер
477,F-00038X,24.5*37.54*7.5 ,7V1,CNB1W11,фото ,148,120   ,Ремонтный размер
478,F-00243X,24.5*37.54*7.5 ,7V1,CNB1W11,фото ,129,120   ,Ремонтный размер
479,F-00015X,24.5*37.54/41.24*4.2/7.4 ,6V2,CNB2,фото ,28,120   ,Ремонтный размер
480,F-00023X,24.5*37.54/41.24*4.2/7.4 ,6V2,CNB2,фото ,46,120   ,Ремонтный размер
481,F-00369X,24.5*37.54/41.24*4.2/7.4 ,6V2,CNB2,фото ,42,120   ,Ремонтный размер
482,F-00467X,24.5*37.54/41.24*4.2/7.4 ,6V2,CNB2,фото ,46,120   ,Ремонтный размер
483,F-00485X,24.5*37.54/41.24*4.2/7.4 ,6V2,CNB2,фото ,31,120   ,Ремонтный размер
484,F-00764X,24.5*37.54/41.24*4.2/7.4 ,6V2,CNB2,фото ,36,120   ,Ремонтный размер
485,F-00911X,24.5*37.54/41.24*4.2/7.4 ,6V2,CNB2,фото ,26,120   ,Ремонтный размер
486,F-00653X,24.5*37.8*7 ,7V1,CNB1W11,фото ,248,120   ,Ремонтный размер
487,F-01175X,24.5*37.8*7 ,7V1,CNB1W11,фото ,244,120   ,Ремонтный размер
488,F-00070X,24.5*38*7 ,7V1,CNB1W11,фото ,98,120   ,Ремонтный размер
489,F-00281X,24.5*38*7 ,7V1,CNB1W11,фото ,96,120   ,Ремонтный размер
490,F-00448X,24.5*38*7 ,7V1,CNB1W11,фото ,75,120   ,Ремонтный размер
491,F-00488X,24.5*38.5/45*4/10,6V2,GNB2W11 ,фото ,48,120   ,Ремонтный размер
492,F-00129X,24.5*39.3*10/12.6,7V3,CNB7,фото ,63,120   ,Ремонтный размер
493,F-00246X,24.5*39.3*10/12.6,7V3,CNB7,фото ,79,120   ,Ремонтный размер
494,F-00094X,24.5*39.5*8.5,7V1,CNB1W11 ,фото ,42,120   ,Ремонтный размер
495,F-00106X,24.5*40*8,7V1,CNB1W11 ,фото ,28,120   ,Ремонтный размер
496,F-00935X,24.5*40*8,7V1,CNB1W11 ,фото ,17,120   ,Ремонтный размер
497,F-00288X,24.5*41*8,7V1,CNB1W11 ,фото ,19,120   ,Ремонтный размер
498,F-00669X,24.5*41*9,7V1,CNB1W11 ,фото ,14,120   ,Ремонтный размер
499,F-00534XA,24.5*41.2*7.5 ,7V1,CNB1W11,фото ,72,120   ,Ремонтный размер
500,F-00534X,24.5*41.5*7.5 ,7V1,CNB1W11,фото ,134,120   ,Ремонтный размер
501,F-00120X,24.5*42.5*12,7V3,GNB7,фото ,150,120   ,Ремонтный размер
502,F-00241X,24.5*43*9,7V1, CNB1W11 ,фото ,75,120   ,Ремонтный размер
503,F-00293X,24.5*43*9,7V1, CNB1W11 ,фото ,75,120   ,Ремонтный размер
504,F-00518X,24.5*43*9,7V1, CNB1W11 ,фото ,75,120   ,Ремонтный размер
505,F-00714X,24.5*43*9,7V1, CNB1W11 ,фото ,75,120   ,Ремонтный размер
506,F-00377X,24.5*44*9,7V1, CNB1W11 ,фото ,68,120   ,Ремонтный размер
507,F-00242X,24.5*48*10,7V1, CNB1W11 ,фото ,80,120   ,Ремонтный размер
508,F-00014X1,24.7*37.7*6.5 ,7V1,CNB1W11,фото ,110,120   ,Ремонтный размер
509,F-00038X1,24.7*37.7*6.5 ,7V1,CNB1W11,фото ,110,120   ,Ремонтный размер
510,F-00243X1,24.7*37.7*6.5 ,7V1,CNB1W11,фото ,110,120   ,Ремонтный размер
511,F-00014,24.97*37.54*7,7V2,CNB,фото ,36,90   ,"FIAT, FORD"
512,F-00014M,24.97*37.54*7,7V1,CNB1W11,фото ,280,90   ,"FIAT, FORD"
513,F-00038,24.97*37.54*7,7V2,GNBW11,фото ,235,90   ,"NISSAN, CHRYSLER"
514,F-00038M,24.97*37.54*7,7V1,CNB1W11,фото ,280,90   ,"NISSAN, CHRYSLER"
515,F-00015,24.97*37.54/41.24*4.2/7.4,6V2,CNB2 ,фото ,98,90   ,"FIAT, FORD"
516,F-00764,24.97*37.54/41.24*4.2/7.4,6V2,CNB2 ,фото ,98,90   ,VOLVO
517,F-00911,24.97*37.54/41.24*4.2/7.4,6V2,CNB2 ,фото ,98,90   ,"DODGE, CHRYSLER"
518,F-0000C,25*28*3,L-RING,TEFLON,фото ,494,120   ,"AUDI 80, B4"
519,F-00072,25*33/37.5*6.7/8,6V3,CNB16T,фото ,341,90   ,RENAULT
520,F-00613,25*33/37.5*6.7/8,6V2,CNB16,фото ,143,90   ,RENAULT
521,F-00301,25*34*5,0M,SGN2W11,фото ,33,60   ,FORD  
522,F-00312,25*34*5,0M,SGN2W11,фото ,30,60   ,"TOYOTA, SAAB"
523,F-00489,25*34*5,12,UNR,фото ,439,90   ,"MAZDA, SUZUKI, HONDA "
524,F-00311,25*34*6/6.5,1РМ,TG4P,фото ,194,60   ,MAZDA  
525,F-00196,25*34*7,0M,SG4P ,фото ,246,60   ,OPEL
526,F-00422,25*34*7,0M,SG4P ,фото ,248,60   ,MERCEDES
527,F-00135,25*35*4/6.5,4V2,CNB3,фото ,151,90   ,OPEL
528,F-00406,25*35*4/6.5,4V2,CNB3,фото ,163,90   ,DAEWOO
529,F-00724,25*35*4/6.5,4V2,CNB3,фото ,135,90   ,"CHEVROLET, DODGE"
530,F-00696,25*35*6,1РМ,TCN1,фото ,12,60   ,TOYOTA
531,F-00009,25*35*6.9/7 ,1РМ,TGN11,фото ,21,60   ,MERCEDES
532,F-00199,25*35*7 ,0M,SC4,фото ,10,60   ,TOYOTA
533,F-00245M,25*35*8,7V1,CNB1W11,фото ,253,90   ,NISSAN
534,F-00245,25*35*8 ,7V2,CNB,фото ,295,90   ,NISSAN
535,F-00509,25*35*8 ,0M2,DC,фото ,5,90   ,MERCEDES
536,F-00631,25*35*8 ,0M2,DC,фото ,4,90   ,SSANGYONG
537,F-00107,25*35/40*1.7/10,6V2,CNB16,фото ,293,90   ,RENAULT
538,F-00530,25*36*5/5.5,1РМ,TC4P,фото ,0,60   ,NISSAN
539,F-00423,25*36*8,7V2,CNB8,фото ,111,90   ,MERCEDES
540,F-00721 ,25*37*6/6.5,1PM,TGN11,фото ,100,60   ,"ZF, LUK"
541,F-00071 ,25*37*7,7V1,CNB1W11 ,фото ,160,90   ,RENAULT
542,F-00713,25*37*9 ,7V1,CNB1W11,фото ,73,90   ,MAZDA  
543,F-01166,25*37*9 ,7V1,CNB1W11,фото ,63,90   ,RENAULT
544,F-00093,25*37*9   ,7V1,CNB1W11 ,фото ,70,90   ,VOLVO
545,F-00243,25*37.54*7,7V2,CNB,фото ,12,90   ,"FORD, MAZDA"
546,F-00243M,25*37.54*7,7V1,CNB1W11,фото ,280,90   ,"FORD, MAZDA"
547,F-00844,25*37.54*7,7V1,CNB1W11,фото ,280,90   ,"NISSAN, KIA"
548,F-00023,25*37.54/41.24*4.2/7.4,6V2,CNB2 ,фото ,98,90   ,VOLVO
549,F-00369,25*37.54/41.24*4.2/7.4,6V2,CNB2 ,фото ,98,90   ,"DODGE, CHRYSLER"
550,F-00467,25*37.54/41.24*4.2/7.4,6V2,CNB2 ,фото ,98,90   ,"FIAT, NISSAN"
551,F-00485,25*37.54/41.24*4.2/7.4,6V2,CNB2 ,фото ,98,90   ,FORD
552,F-01042,25*37.54/41.24*4.5/9.5,6V1,CNB2W11 ,фото ,121,90   ,CHRYSLER
553,F-01222 ,25*37.54/41.24*4.5/9.5,6V1,CNB2W11 ,фото ,105,90   ,DODGE
554,F-00653,25*37.8*6.5,7V1,CNB1W11,фото ,250,90   ,FIAT
555,F-01175,25*37.8*6.5    ,7V1,CNB1W11,фото ,234,90   ,"NISSAN, FORD"
556,F-00126,25*38*10/12.5,7V3,CNB7,фото ,490,90   ,SAAB 
557,F-00448,25*38*6.3,7V1,CNB1W11,фото ,218,90   ,"NISSAN, OPEL"
558,F-01046M,25*38*6.3,7V1,CNB1W11,фото ,144,90   ,"DODGE, CHEVY"
559,F-00070M,25*38*6.3 ,7V1,CNB1W11,фото ,118,90   ,RENAULT
560,F-00031,25*38*7,0M,SC4,фото ,385,60   ,"AUDI, WV, TOYOTA"
561,F-00070,25*38*7 ,7V2,CNB,фото ,43,90   ,RENAULT
562,F-01046,25*38*7 ,7V2,CNB,фото ,66,90   ,"DODGE, CHEVY"
563,F-00096,25*38*7/8,1РМ,TC4,фото ,61,60   ,TOYOTA
564,F-01173,25*38*7/8,1PM,TC4,фото ,67,60   ,LEXUS
565,F-00244,25*38*8.5 ,7V2,CNB,фото ,3,90   ,NISSAN
566,F-00281,25*38*8.5 ,7V2,CNB,фото ,19,90   ,VOLVO
567,F-00126A,25*38/43*3/9,6V2,GNB2,фото ,103,90   ,SAAB 
568,F-00527,25*38.2*10,7V1,GNB1W11,фото ,385,90   ,CHRYSLER
569,F-00604,25*38.5/44.2*7/12.5,6V2,CNB2W11,фото ,289,90   ,FORD
570,F-00488,25*38.5/45*4/10,6V2,GNB2W11,фото ,550,90   ,"DODGE, CHRYSLER"
571,F-00129,25*39.3*10/12.6,7V3,GNB7W11 ,фото ,143,90   ,OPEL VECTRA
572,F-00246,25*39.3*10/12.6,7V3,GNB7W11 ,фото ,154,90   ,FIAT FIORINO
573,F-00658,25*39.3*10/12.6,7V3,GNB7W11 ,фото ,164,90   ,"DODGE, CHRYSLER"
574,F-00094M,25*39.5*8,7V1,CNB1W11 ,фото ,9,90   ,RENAULT
575,F-00524X,25*39.5*8,7V1,CNB1W11 ,фото ,18,90   ,Ремонтный размер
576,F-00094,25*39.5*8.5,7V2,CNB,фото ,33,90   ,RENAULT
577,F-00731,25*40*10,0M2,DC,фото ,48,90   ,FIAT
578,F-00819,25*40*10,0M2,DC,фото ,47,90   ,DAF
579,F-00106,25*40*8.5,7V2,CNB,фото ,107,90   ,RENAULT
580,F-00935,25*40*8.5,7V1,CNB1W11,фото ,360,90   ,NISSAN
581,F-00288,25*41*8,7V2,CNB,фото ,310,90   ,"VOLVO, RENAULT"
582,F-00253X,25*41*8.5 ,7V1,CNB1W11,фото ,62,90   ,Ремонтный размер
583,F-00288M,25*41*8.5 ,7V1,CNB1W11,фото ,39,90   ,VOLVO
584,F-00669,25*41*9  ,7V1,CNB1W11,фото ,0,90   ,MAZDA  
585,F-00534A,25*41.2*8 ,7V1,CNB1W11,фото ,16,90   ,FORD
586,F-00534,25*41.5*7.5 ,7V2,GNBW11,фото ,440,90   ,FORD
587,F-00534M,25*41.5*8,7V1,CNB1W11,фото ,268,90   ,FORD
588,F-00411,25*42*8.5,7V1,GNB1,фото ,517,90   ,MAZDA  
589,F-00120,25*42.5*12.5,7V3,CNB7,фото ,107,90   ,"OPEL, CHERY"
590,F-00120M,25*42.5*12.5,7V1,CNB1W11,фото ,53,90   ,"OPEL, CHERY"
591,F-00661,25*42.5*12.5,7V3,CNB7,фото ,425,90   ,CHEVROLET
592,F-00661M,25*42.5*12.5,7V1,CNB1W11,фото ,55,90   ,CHEVROLET
593,F-00255X,25*42.5*8,7V2,CNB,фото ,242,120   ,Ремонтный размер
594,F-00241,25*43*9 ,7V2,CNB,фото ,85,90   ,FORD
595,F-00241M,25*43*9 ,7V1,CNB1W11,фото ,23,90   ,FORD
596,F-00293,25*43*9 ,7V2,CNB,фото ,89,90   ,MAZDA  
597,F-00518,25*43*9 ,7V2,CNB,фото ,91,90   ,SUZUKI
598,F-00518M,25*43*9 ,7V1,CNB1W11,фото ,11,90   ,SUZUKI
599,F-00714,25*43*9 ,7V1,CNB1W11,фото ,14,90   ,"KIA, MITSUBISHI"
600,F-00377 ,25*44*8.5,7V1,CNB1W11,фото ,244,90   ,NISSAN
601,F-00247X,25*44*8.5 ,7V2,CNBW11,фото ,293,90   ,Ремонтный размер
602,F-00808,25*45*10/11.5,7V1PM,CNB11W11,фото ,134,90   ,"WV, DODGE"
603,F-00860,25*45*10/11.5,7V1PM,CNB11W11,фото ,127,90   ,CHEVROLET
604,F-00282,25*45*8,7V2,CNB,фото ,21,90   ,NISSAN
605,F-00788,25*47*7 ,0M,SC,фото ,131,60   ,NISSAN
606,F-00242,25*48*10,7V1,CNB1W11 ,фото ,51,90   ,"FORD, MAZDA"
607,F-00826XX,25*50*8.5,7V1,CNB1W11,фото ,58,120   ,Ремонтный размер
608,F-00025X,25.5*35*7,7V1,CNB1 ,фото ,277,120   ,Ремонтный размер
609,F-00373X,25.5*38*12,7V1,CNB4W11 ,фото ,71,120   ,Ремонтный размер
610,F-00261X,25.5*38*8.5,7V2,CNB,фото ,102,120   ,Ремонтный размер
611,F-00371X,25.5*38*8.5,7V2,CNB,фото ,94,120   ,Ремонтный размер
612,F-00541X,25.5*38*8.5,7V2,CNB,фото ,92,120   ,Ремонтный размер
613,F-00923X,25.5*38*8.5,7V1,CNB1W11 ,фото ,144,120   ,Ремонтный размер
614,F-01170X,25.5*38*8.5,7V1,CNB1W11 ,фото ,132,120   ,Ремонтный размер
615,F-00251,25.5*38.6*8,7V1,CNB1W11 ,фото ,250,90   ,TOYOTA
616,F-00399,25.5*38.6*8,7V1,CNB1W11 ,фото ,250,90   ,TOYOTA
617,F-00535X,25.5*38/40*8.5/17.7,6V2MA,CNB10 ,фото ,56,120   ,Ремонтный размер
618,F-00524,25.5*39.5*9,7V1,CNB1W11,фото ,250,90   ,TOYOTA
619,F-00380X,25.5*40*8.5,7V1,CNB1W11 ,фото ,55,120   ,Ремонтный размер
620,F-00262X,25.5*41*8.5,7V2,CNB,фото ,51,120   ,Ремонтный размер
621,F-00592X,25.5*41*8.5,7V1,CNB1W11 ,фото ,256,120   ,Ремонтный размер
622,F-00253,25.5*41.5*8.5,7V2,CNBW11,фото ,287,90   ,TOYOTA
623,F-00254M,25.5*42*8.5,7V1,CNB1W11 ,фото ,105,120   ,TOYOTA
624,F-00934X,25.5*42*8.5,7V1,CNB1W11 ,фото ,105,120   ,Ремонтный размер
625,F-01107X,25.5*42*8.5,7V1,CNB1W11 ,фото ,105,120   ,Ремонтный размер
626,F-00254,25.5*42*9,7V2,CNB,фото ,8,90   ,TOYOTA
627,F-00401AX,25.5*42.5*13/14,7V1PM,CNB5W11,фото ,91,120   ,Ремонтный размер
628,F-00255M,25.5*42.5*8,7V1,GNB1W11,фото ,75,120   ,TOYOTA
629,F-00401X,25.5*42.5*8,7V1,GNB1W11,фото ,75,120   ,Ремонтный размер
630,F-00447X,25.5*42.5*8,7V1,GNB1W11,фото ,75,120   ,Ремонтный размер
631,F-01044,25.5*42.5*8,7V1,GNB1W11,фото ,75,120   ,"DAIHATSU, TOYOTA "
632,F-00475X,25.5*43*8,7V1,CNB1W11 ,фото ,142,120   ,Ремонтный размер
633,F-00542X,25.5*43*8,7V2,CNB,фото ,53,120   ,Ремонтный размер
634,F-00952X,25.5*43*8,7V1,CNB1W11 ,фото ,144,120   ,Ремонтный размер
635,F-00501X,25.5*44*8.5,7V1,CNB1W11 ,фото ,38,120   ,Ремонтный размер
636,F-00544X,25.5*44*8.5,7V1,CNB1W11 ,фото ,52,120   ,Ремонтный размер
637,F-00813X,25.5*44*8.5,7V1,CNB1W11 ,фото ,28,120   ,Ремонтный размер
638,F-00994X,25.5*44*8.5,7V1,CNB1W11 ,фото ,48,120   ,Ремонтный размер
639,F-01138X,25.5*44*8.5,7V1,CNB1W11 ,фото ,34,120   ,Ремонтный размер
640,F-00247 ,25.5*44.5*8.5,7V2,CNB,фото ,292,90   ,TOYOTA
641,F-00259X,25.5*45*8,7V2,CNB,фото ,77,120   ,Ремонтный размер
642,F-00832X,25.5*45*8,7V1,CNB1W11,фото ,305,120   ,Ремонтный размер
643,F-00780X,25.5*45.5*8.5,7V1,CNB1W11,фото ,71,120   ,Ремонтный размер
644,F-00400X,25.5*46*8,7V1,CNB1W11,фото ,14,120   ,Ремонтный размер
645,F-00881X,25.5*46*8,7V1,CNB1W11,фото ,16,120   ,Ремонтный размер
646,F-01176X,25.5*46*8,7V1,CNB1W11,фото ,12,120   ,Ремонтный размер
647,F-00930X,25.5*47*8.5,7V1,CNB1W11 ,фото ,32,120   ,Ремонтный размер
648,F-00990X,25.5*47*8.5,7V1,CNB1W11 ,фото ,35,120   ,Ремонтный размер
649,F-01019X,25.5*48*8.5,7V1,CNB1W11 ,фото ,28,120   ,Ремонтный размер
650,F-01154X,25.5*48*8.5,7V1,CNB1W11 ,фото ,30,120   ,Ремонтный размер
651,F-00826X,25.5*50*8.5,7V1,CNB1W11 ,фото ,75,120   ,Ремонтный размер
652,F-00141,25.7*35.5*7/8,1РМ,TCN4,фото ,567,60   ,"AUDI, WV"
653,F-00520,26*34*4.5/7,1РМ,TC10,фото ,354,60   ,WV B6
654,F-00339,26*35*4/8,4V2,SC2,фото ,498,90   ,"SAAB 900, 9000"
655,F-00256,26*35*6,7V2G,CNB15,фото ,995,90   ,HONDA
656,F-00309,26*35*6,1РМ,TC4P,фото ,282,60   ,"SUBARU, SUZUKI "
657,F-00025,26*35*7,0M,SC4,фото ,260,60   ,"BMW, ALFA ROMEO"
658,F-00483,26*35*7,0M,SC4,фото ,266,60   ,"TOYOTA, FORD, WV"
659,F-00303,26*35.5*6.8/7.3 ,1РМ,TG4P,фото ,300,60   ,"SUBARU, SUZUKI, WV"
660,F-00331,26*37*5 ,0M,SC4,фото ,490,60   ,ZF
661,F-00047,26*37*7 ,0M,SGN1,фото ,94,60   ,"AUDI, WV"
662,F-00124,26*37*7 ,0M,SGN1,фото ,82,60   ,"OPEL, DAEWOO"
663,F-00490,26*37*7 ,0M,SGN1,фото ,96,60   ,"BMW, ALFA ROMEO"
664,F-00675,26*37*7 ,0M,SGN1,фото ,90,60   ,MITSUBISHI
665,F-00389,26*37*7/8 ,0M,TGN11W11,фото ,294,60   ,ZF
666,F-00373,26*38*12,7V2,CNB4W11,фото ,246,90   ,MITSUBISHI
667,F-00206,26*38*6.5 ,0M,SC4,фото ,389,60   ,"TOYOTA, MITSUBISHI"
668,F-00261M,26*38*8.5,7V1,CNB1W11,фото ,57,90   ,MITSUBISHI
669,F-00371M,26*38*8.5,7V1,CNB1W11,фото ,72,90   ,PEUGEOT 
670,F-00545M,26*38*8.5,7V1,CNB1W11,фото ,81,90   ,HONDA
671,F-00923,26*38*8.5,7V1,CNB1W11,фото ,57,90   ,CITROEN
672,F-01170,26*38*8.5,7V1,CNB1W11,фото ,60,90   ,MAZDA  
673,F-00261,26*38*8.5 ,7V2,CNBW11,фото ,80,90   ,MITSUBISHI
674,F-00371,26*38*8.5 ,7V2,CNBW11,фото ,75,90   ,PEUGEOT 
675,F-00541,26*38*8.5 ,7V1,CNBW11,фото ,44,90   ,MERCEDES
676,F-00545,26*38*8.5 ,7V2,CNBW11,фото ,90,90   ,HONDA
677,F-00812,26*38*9.5/10.5,7V1PM,CNB6,фото ,81,90   ,HYUNDAI
678,F-00535,26*38/40*8.5/17.7 ,6V2MA,CNB10,фото ,561,90   ,CITROEN
679,F-00694,26*39.5*8.5,7V1,CNB1W11 ,фото ,251,90   ,TOYOTA
680,F-00380,26*40*8.5,7V1,CNB1W11 ,фото ,269,90   ,RENAULT
681,F-01141,26*40.5*9/10,7V1PM,CNB11W11 ,фото ,276,90   ,SAAB 
682,F-00258,26*41*12.5,7V2,CNB4W11,фото ,231,90   ,MITSUBISHI
683,F-00262,26*41*8.5 ,7V2,CNB,фото ,64,90   ,MITSUBISHI
684,F-00262M,26*41*8.5 ,7V1,CNB1W11,фото ,139,90   ,MITSUBISHI
685,F-00592,26*41*8.5 ,7V1,CNB1W11,фото ,92,90   ,"MAZDA, DODGE"
686,F-00583,26*41.5*8.5,7V1,CNB1W11 ,фото ,155,90   ,LEXUS
687,F-00695,26*41.5*8.5,7V1,CNB1W11 ,фото ,150,90   ,TOYOTA
688,F-00934,26*42*8,7V1,CNB1W11,фото ,104,90   ,SUBARU
689,F-01107,26*42*8,7V1,CNB1W11,фото ,130,90   ,MAZDA
690,F-00401A,26*42.5*13/14,7V1PM,CNB5W11 ,фото ,78,90   ,HYUNDAI
691,F-00401,26*42.5*8.5,7V1,CNB1W11,фото ,104,90   ,MITSUBISHI
692,F-00447,26*42.5*8.5,7V1,CNB1W11,фото ,115,90   ,LEXUS
693,F-00257,26*43*12.5,7V2,CNB4W11,фото ,320,90   ,MITSUBISHI
694,F-00542,26*43*8,7V2,CNB,фото ,0,90   ,MERCEDES
695,F-00542A,26*43*8,7V2,CNB,фото ,92,90   ,ALFA ROMEO
696,F-00475,26*43*8.5 ,7V1,CNB1W11 ,фото ,138,90   ,NISSAN
697,F-00542M,26*43*8.5 ,7V1,CNB1W11 ,фото ,125,90   ,MERCEDES
698,F-00952,26*43*8.5 ,7V1,CNB1W11 ,фото ,120,90   ,INFINITI
699,F-00501,26*44*8 ,7V1,CNB1W11,фото ,100,90   ,"MITSUBISHI, HONDA "
700,F-00544,26*44*8 ,7V1,CNB1W11,фото ,100,90   ,"LEXUS, HONDA"
701,F-00683X,26*44*8 ,7V1,CNB1W11,фото ,100,90   ,Ремонтный размер
702,F-00922X,26*44*8 ,7V1,CNB1W11,фото ,100,90   ,Ремонтный размер
703,F-01138,26*44*8 ,7V1,CNB1W11,фото ,100,90   ,"DODGE, CHRYSLER"
704,F-00813,26*44*9/10,7V1PM,CNB11W11 ,фото ,45,90   ,CHEVROLET
705,F-00994,26*44*9/10,7V1PM,CNB11W11 ,фото ,43,90   ,"KIA, HYUNDAI"
706,F-00544A,26*44.5*8.5 ,7V1,CNB1W11,фото ,235,90   ,"LEXUS, HONDA"
707,F-00259 ,26*45*7,7V2,CNB,фото ,119,90   ,NISSAN
708,F-00259M ,26*45*8.5,7V1,CNB1W11,фото ,200,90   ,NISSAN
709,F-00376,26*45*8.5,7V1,CNB1W11,фото ,200,90   ,INFINITI
710,F-00832,26*45*8.5,7V1,CNB1W11,фото ,200,90   ,NISSAN
711,F-00780,26*45.5*8.5,7V1,CNB1W11,фото ,55,90   ,MERCEDES
712,F-00400,26*46*8,7V1,CNB1W11,фото ,60,90   ,HONDA
713,F-00881,26*46*8,7V1,CNB1W11,фото ,74,90   ,PEUGEOT 
714,F-01176,26*46*8,7V1,CNB1W11,фото ,69,90   ,"FIAT, CITROEN"
715,F-00930,26*47*8.5,7V1,CNB1W11,фото ,94,90   ,NISSAN
716,F-00990,26*47*8.5,7V1,CNB1W11,фото ,146,90   ,INFINITI
717,F-01019,26*48*8.5,7V1,CNB1W11 ,фото ,119,90   ,ACURA
718,F-01154,26*48*8.5,7V1,CNB1W11 ,фото ,127,90   ,HONDA
719,F-00826,26*50*8.5,7V1,CNB1W11,фото ,59,90   ,NISSAN MURANO
720,F-00859,26.5*37*3.5/7,0M,SCN2P,фото ,501,60   ,"OPEL, CHEVROLET"
721,F-00821X,26.5*40*8.5,7V1,CNB1W11 ,фото ,8,120   ,Ремонтный размер
722,F-00839X,26.5*40*8.5,7V1,CNB1W11 ,фото ,9,120   ,Ремонтный размер
723,F-00265X,26.5*41*8.5,7V1,CNB1W11 ,фото ,13,120   ,Ремонтный размер
724,F-00877X,26.5*41*8.5,7V1,CNB1W11 ,фото ,14,120   ,Ремонтный размер
725,F-00540XX,26.5*42.5*8,7V1,CNB1W11,фото ,484,120   ,"TOYOTA, LEXUS"
726,F-00266X,26.5*43*8.5,7V1,CNB1W11 ,фото ,41,120   ,Ремонтный размер
727,F-00263,26.5*44*8,7V1,GNB1W11,фото ,74,90   ,LEXUS IS 300
728,F-00264,26.5*44*8,7V1,GNB1W11,фото ,74,90   ,TOYOTA
729,F-00267X,26.5*44*8,7V1,GNB1W11,фото ,74,90   ,Ремонтный размер
730,F-00683,26.5*44*8,7V1,GNB1W11,фото ,74,90   ,LEXUS
731,F-00922,26.5*44*8,7V1,GNB1W11,фото ,74,90   ,"TOYOTA, LEXUS"
732,F-01028X,26.5*45*10/12.5,7V3,GNB7W11 ,фото ,70,120   ,Ремонтный размер
733,F-00838X,26.5*45.5*10/12.7,7V3,GNB7W11 ,фото ,85,120   ,Ремонтный размер
734,F-00671X,26.5*46*8.5,7V1,CNB1W11 ,фото ,11,120   ,Ремонтный размер
735,F-00825X,26.5*46*8.5,7V1,CNB1W11 ,фото ,11,120   ,Ремонтный размер
736,F-00986X,26.5*46*8.5,7V1,CNB1W11 ,фото ,11,120   ,Ремонтный размер
737,F-01054X,26.5*46*8.5,7V1,CNB1W11 ,фото ,7,120   ,Ремонтный размер
738,F-00931X,26.5*47*9,7V1,CNB1W11 ,фото ,49,120   ,Ремонтный размер
739,F-00367,27*36*5.5,0M,SC4,фото ,221,60   ,MERCEDES
740,F-00101,27*37*3.5/7,0M,SCN5,фото ,410,60   ,"OPEL, DAEWOO"
741,F-00408,27*38*5.5,0M,SC4,фото ,178,60   ,"HONDA, INFINITI"
742,F-00811,27*38*6.5,0M,SZN1,фото ,330,60   ,"NISSAN, INFINITI"
743,F-00133X,27*38*7,7V1,CNB1W11,фото ,31,120   ,Ремонтный размер
744,F-00589XX,27*38*7,7V1,CNB1W11,фото ,58,120   ,Ремонтный размер
745,F-00765X,27*38*7,7V1,CNB1W11,фото ,55,120   ,Ремонтный размер
746,F-01048XX,27*38*7,7V1,CNB1W11,фото ,60,120   ,Ремонтный размер
747,F-00378XX,27*38*8,7V3,CNB7,фото ,298,120   ,Ремонтный размер
748,F-00589XX,27*38*8,7V2,CNB,фото ,289,90   ,Ремонтный размер
749,F-00492XX,27*39*15,7V2,CNB9,фото ,205,120   ,Ремонтный размер
750,F-00128X,27*39*8.5,7V1,CNB1W11 ,фото ,300,120   ,Ремонтный размер
751,F-00734X,27*39.4/39.3*13.9/16.9,4A,VSG,фото ,500,120   ,Ремонтный размер
752,F-00735X,27*39.6*20.25,7V1,GNB1W11 ,фото ,82,120   ,Ремонтный размер
753,F-00022XX,27*39.6*6.5,7V1,CNB1W11 ,фото ,38,120   ,Ремонтный размер
754,F-00057XX,27*39.6*6.5,7V1,CNB1W11 ,фото ,41,120   ,Ремонтный размер
755,F-00698X,27*40*8.5,7V1,CNB1W11,фото ,35,120   ,Ремонтный размер
756,F-00821,27*40*8.5,7V1,CNB1W11,фото ,117,90   ,CHEVROLET
757,F-00839,27*40*8.5,7V1,CNB1W11,фото ,156,90   ,"TOYOTA, LEXUS"
758,F-00265,27*41*8.5,7V1,CNB1W11,фото ,163,90   ,TOYOTA
759,F-00877,27*41*8.5,7V1,CNB1W11,фото ,115,90   ,LEXUS
760,F-00914X,27*42*8.5,7V1,CNB1W11,фото ,108,120   ,Ремонтный размер
761,F-00960X,27*42*8.5,7V1,CNB1W11,фото ,134,120   ,Ремонтный размер
762,F-00270X,27*42*9.5,7V2,CNBW11,фото ,275,120   ,Ремонтный размер
763,F-00540X,27*42.5*8.5,7V1,CNB1W11 ,фото ,81,120   ,Ремонтный размер
764,F-00266,27*43*8.5,7V1,CNB1W11,фото ,385,90   ,"TOYOTA, LEXUS"
765,F-00267,27*44*8.5 ,7V1,CNB1,фото ,522,90   ,"TOYOTA, OPEL"
766,F-00847X,27*44*9/10,7V1PM,CNB11W11,фото ,39,120   ,Ремонтный размер
767,F-01045X,27*44*9/10,7V1PM,CNB11W11,фото ,38,120   ,Ремонтный размер
768,F-01029,27*45*10 ,7V1,CNB1W11,фото ,308,90   ,OPEL INSIGNIA
769,F-01028,27*45*10/12.5,7V3,GNB7W11 ,фото ,73,90   ,OPEL INSIGNIA
770,F-00375X,27*45*8.5,7V1,CNB1W11,фото ,54,120   ,Ремонтный размер
771,F-00766X,27*45*8.5,7V1,CNB1W11,фото ,56,120   ,Ремонтный размер
772,F-01090XX,27*45*8.5,7V1,CNB1W11,фото ,43,120   ,Ремонтный размер
773,F-00838,27*45.5*10/12.7,7V3,GNB7W11 ,фото ,78,90   ,CHEVROLET
774,F-00624X,27*46*13/14,7V1PM,CNB5W11,фото ,3,120   ,Ремонтный размер
775,F-00872X,27*46*13/14,7V1PM,CNB5W11,фото ,3,120   ,Ремонтный размер
776,F-00951X,27*46*13/14,7V1PM,CNB5W11,фото ,2,120   ,Ремонтный размер
777,F-00671,27*46*8.5,7V1,CNB1W11 ,фото ,150,90   ,MAZDA
778,F-00752XX,27*46*8.5 ,7V2,CNB,фото ,66,120   ,Ремонтный размер
779,F-00825,27*46*8.5 ,7V1,CNB1W11,фото ,150,90   ,TOYOTA
780,F-00986,27*46*8.5 ,7V1,CNB1W11,фото ,150,90   ,OPEL ANTARA
781,F-01054,27*46*8.5 ,7V1,CNB1W11,фото ,150,90   ,CHEVROLET
782,F-00931,27*47*9,7V1,CNB1W11 ,фото ,194,90   ,NISSAN
783,F-00810X,27*48*9/10,7V1PM,CNB11W11,фото ,250,120   ,Ремонтный размер
784,F-01177X,27*48*9/10,7V1PM,CNB11W11,фото ,250,120   ,Ремонтный размер
785,F-00970X,27*50*9/10,7V1PM,CNB11W11 ,фото ,43,120   ,Ремонтный размер
786,F-00996X,27*50*9/10,7V1PM,CNB11W11 ,фото ,39,120   ,Ремонтный размер
787,F-00409X,27.5*38*15,7V1,CNB1W11,фото ,26,120   ,Ремонтный размер
788,F-00584X,27.5*38*15,7V1,CNB1W11,фото ,36,120   ,Ремонтный размер
789,F-00378X,27.5*38*7/9,7V3,CNB7 ,фото ,625,120   ,Ремонтный размер
790,F-00026X,27.5*38*8,7V1,CNB1W11 ,фото ,149,120   ,Ремонтный размер
791,F-00589X,27.5*38*8,7V1,CNB1W11 ,фото ,134,120   ,Ремонтный размер
792,F-01048X,27.5*38*8,7V1,CNB1W11 ,фото ,123,120   ,Ремонтный размер
793,F-00492X,27.5*39*15,6V2MA,CNB10,фото ,140,120   ,Ремонтный размер
794,F-00754X,27.5*39*15,6V2MA,CNB10,фото ,95,120   ,Ремонтный размер
795,F-00022X,27.5*39.6*8,7V1,GNB1W11 ,фото ,236,120   ,Ремонтный размер
796,F-00057X,27.5*39.6*8,7V1,GNB1W11 ,фото ,234,120   ,Ремонтный размер
797,F-00139Х,27.5*40*8,7V1,CNB1W11,фото ,376,120   ,Ремонтный размер
798,F-00546Х,27.5*40*8,7V1,CNB1W11,фото ,55,120   ,Ремонтный размер
799,F-00662Х,27.5*40*8,7V1,CNB1W11,фото ,51,120   ,Ремонтный размер
800,F-00749Х,27.5*40*8,7V1,CNB1W11,фото ,38,120   ,Ремонтный размер
801,F-01151Х,27.5*40*8,7V1,CNB1W11,фото ,35,120   ,Ремонтный размер
802,F-00269X,27.5*41*8.5,7V1,CNB1W11,фото ,18,120   ,Ремонтный размер
803,F-00743X,27.5*41*8.5,7V1,CNB1W11,фото ,34,120   ,Ремонтный размер
804,F-00961X,27.5*42*8.5,7V1,CNB1W11,фото ,100,120   ,Ремонтный размер
805,F-00270AX,27.5*42.5*8,7V2,CNB,фото ,250,120   ,Ремонтный размер
806,F-00706X,27.5*43/47.5*6/12.8,6V2,CNB12W11,фото ,299,120   ,Ремонтный размер
807,F-00869X,27.5*44*7,7V1,GNB1W11,фото ,144,120   ,Ремонтный размер
808,F-01023X,27.5*44*7,7V1,GNB1W11,фото ,136,120   ,Ремонтный размер
809,F-00817,27.7*37.3*6.5,0M,SC5,фото ,51,60   ,PONTIAC VIBE
810,F-00985,27.7*37.3*6.5,0M,SC5,фото ,44,60   ,PONTIAC GTO
811,F-00133,27.7*38*8 ,7V1,CNB1W11,фото ,250,90   ,"AUDI, WV, OPEL"
812,F-00765,27.7*38*8 ,7V1,CNB1W11,фото ,250,90   ,"RENAULT, VOLVO"
813,F-00128,27.7*39*8.5 ,7V1,CNB1W11,фото ,460,90   ,"AUDI, VW, SKODA"
814,F-00734,27.7*39.4/39.3*13.9/16.9,4A,VSG,фото ,482,90   ,PEUGEOT 407
815,F-00735,27.7*39.6*20.25,7V1,GNB1W11,фото ,300,90   ,PEUGEOT 407
816,F-00139X1,27.7*40*8.5 ,7V2,CNBW11,фото ,89,120   ,Ремонтный размер
817,F-00698,27.7*40*8.5 ,7V1,CNB1W11,фото ,388,90   ,"KIA, HYUNDAI"
818,F-00809,27.7*40*9/10,7V1PM,CNB11W11 ,фото ,159,90   ,HYUNDAI SANTA FE
819,F-00900,27.7*40*9/10,7V1PM,CNB11W11 ,фото ,165,90   ,HYUNDAI VERACRUZ
820,F-00814X,27.7*41*8.5 ,7V1,CNB1,фото ,420,120   ,Ремонтный размер
821,F-00268A,27.7*42*12.5,7V2PM,CNB4W11,фото ,268,90   ,HYUNDAI SONATA
822,F-00268,27.7*42*12.5 ,7V2,CNB,фото ,74,90   ,MITSUBISHI
823,F-00270M,27.7*42*8.5,7V1,CNB1W11,фото ,65,90   ,MITSUBISHI
824,F-00914,27.7*42*8.5,7V1,CNB1W11,фото ,63,90   ,"AUDI, WV"
825,F-00960,27.7*42*8.5,7V1,CNB1W11,фото ,72,90   ,"HYUNDAI, VOLVO"
826,F-00962,27.7*42*8.5,7V1,CNB1W11,фото ,74,90   ,"RENAULT, NISSAN "
827,F-00270,27.7*42*8.5 ,7V2,CNB,фото ,33,90   ,MITSUBISHI
828,F-00871,27.7*42*9/10,7V1PM,CNB11W11 ,фото ,147,90   ,"KIA, HYUNDAI"
829,F-00950,27.7*42*9/10,7V1PM,CNB11W11 ,фото ,149,90   ,SSANGYONG
830,F-00540,27.7*42.5*8.5,7V1,CNB1W11 ,фото ,10,90   ,MITSUBISHI
831,F-00697,27.7*44*13/14,7V1PM,CNB5W11 ,фото ,10,90   ,HYUNDAI SONATA
832,F-00899,27.7*44*13/14,7V1PM,CNB5W11 ,фото ,10,90   ,HYUNDAI XG300/350
833,F-00940,27.7*44*8.5,7V1,CNB1W11,фото ,462,90   ,KIA OPTIMA
834,F-00847,27.7*44*9/10,7V1PM,CNB11W11,фото ,47,90   ,HYUNDAI SONATA
835,F-01045,27.7*44*9/10,7V1PM,CNB11W11,фото ,62,90   ,HYUNDAI XG300/350
836,F-00375,27.7*45*8.5,7V1,CNB1W11,фото ,150,90   ,"RENAULT, OPEL"
837,F-00766,27.7*45*8.5,7V1,CNB1W11,фото ,150,90   ,NISSAN
838,F-00624,27.7*46*13/14,7V1PM,CNB5W11,фото ,106,90   ,MITSUBISHI
839,F-00872,27.7*46*13/14,7V1PM,CNB5W11,фото ,101,90   ,HYUNDAI
840,F-00951,27.7*46*13/14,7V1PM,CNB5W11,фото ,132,90   ,SSANGYONG
841,F-00751,27.7*46*9/10,7V1PM,CNB11W11,фото ,275,90   ,"KIA, HYUNDAI"
842,F-00810,27.7*48*9/10,7V1PM,CNB11W11,фото ,250,90   ,HYUNDAI
843,F-01177,27.7*48*9/10,7V1PM,CNB11W11,фото ,250,90   ,HYUNDAI SANTA FE
844,F-00970,27.7*50*9/10,7V1PM,CNB11W11 ,фото ,146,90   ,HYUNDAI
845,F-00996,27.7*50*9/10,7V1PM,CNB11W11 ,фото ,153,90   ,KIA 
846,F-00132,28*37*4.5 ,0M,SG,фото ,28,60   ,MERCEDES
847,F-00134,28*37*4.5 ,0M,SG,фото ,57,60   ,"AUDI, VW, SKODA"
848,F-00088,28*37*5 ,0M,SGN,фото ,68,60   ,"AUDI, VW, SKODA"
849,F-00319,28*37*5 ,0M,SGN,фото ,104,60   ,"OPEL, FORD"
850,F-00682,28*37*5 ,0M,SGN,фото ,122,60   ,"BMW, LAND ROVER"
851,F-00979,28*37*5 ,0M,SGN,фото ,115,60   ,"IVECO, SEAT"
852,F-00169,28*37.6*6,0M,SGN1W11,фото ,125,60   ,FORD MONDEO
853,F-00487,28*37.6*6,0M,SGN1W11,фото ,125,60   ,FORD FIESTA
854,F-01024,28*37.6*6,0M,SGN1W11,фото ,125,60   ,FORD S-MAX
855,F-00409,28*38*15,7V2,CNB8,фото ,295,90   ,"AUDI, WV"
856,F-00584,28*38*15/17,7V3,CNB7 ,фото ,65,90   ,"AUDI, IVECO"
857,F-00589,28*38*6.5 ,7V2,CNB,фото ,206,90   ,"AUDI, WV"
858,F-00026,28*38*7,0M,SC4,фото ,168,60   ,"AUDI, WV"
859,F-00026M,28*38*7,7V1,CNB1W11,фото ,120,90   ,"AUDI, WV"
860,F-00479,28*38*7,0M,SC4,фото ,254,60   ,MERCEDES
861,F-00479M,28*38*7,7V1,CNB1W11,фото ,120,90   ,MERCEDES
862,F-00981,28*38*7,0M,SC4,фото ,198,60   ,"BMW, LAND ROVER"
863,F-00981M,28*38*7,7V1,CNB1W11,фото ,120,90   ,"BMW, LAND ROVER"
864,F-00142,28*38*7 ,0M,SGN,фото ,44,60   ,VAUXHALL
865,F-00404,28*38*7 ,0M,SGN,фото ,153,60   ,OPEL
866,F-00589M,28*38*7 ,7V1,CNB1W11,фото ,120,90   ,"AUDI, WV"
867,F-01048,28*38*7 ,7V1,CNB1W11,фото ,120,90   ,PONTIAC VIBE
868,F-00378,28*38*7/9,7V3,CNB7 ,фото ,630,90   ,"AUDI, WV, BMW"
869,F-00589A,28*38*8 ,7V1,CNB1W11,фото ,275,90   ,"AUDI, WV"
870,F-00835,28*38.3*7.5 ,1РМ,TBC4W7 ,фото ,580,60   ,"SUZUKI, MAZDA"
871,F-00394,28*38.35*5 ,0M,SC4,фото ,361,60   ,"SUZUKI, MAZDA"
872,F-00589AM,28*38.5*7,7V1,CNB1W11,фото ,34,120   ,VW PHAETON
873,F-00492,28*39*15,6V2MA,CNB10 ,фото ,226,90   ," WV, IVECO"
874,F-00754,28*39*15,6V2MA,CNB10 ,фото ,214,90   ,"AUDI, FORD"
875,F-00022,28*39.64*6.35,7V1,GNB1W11 ,фото ,342,90   ,"WV, BMW, FIAT"
876,F-00057,28*39.64*6.35,7V1,GNB1W11 ,фото ,253,90   ,"FORD, CITROEN"
877,F-00943,28*40*4/6,4V2,CNB3,фото ,315,90   ,MITSUBISHI
878,F-00434,28*40*6/6.5 ,1РМ,TC4,фото ,62,60   ,ZF
879,F-00548,28*40*6/6.5 ,1РМ,TC4,фото ,60,60   ,MERCEDES
880,F-00172,28*40*7.3/8.5 ,7V1PM,CNB11,фото ,31,90   ,BMW 
881,F-00478,28*40*7.3/8.5 ,7V1PM,CNB11,фото ,38,90   ,MERCEDES
882,F-00139,28*40*8 ,7V2,CNBW11,фото ,298,90   ,"AUDI, WV"
883,F-00139M,28*40*8 ,7V1,CNB1W11,фото ,60,90   ,"AUDI, WV"
884,F-00546,28*40*8 ,7V2,CNBW11,фото ,272,90   ,"IVECO, SEAT"
885,F-00546M,28*40*8 ,7V1,CNB1W11,фото ,113,90   ,"IVECO, SEAT"
886,F-00662,28*40*8 ,7V2,CNBW11,фото ,310,90   ,PORSCHE
887,F-00662M,28*40*8 ,7V1,CNB1W11 ,фото ,108,90   ,PORSCHE
888,F-00749,28*40*8 ,7V1,CNB1W11,фото ,84,90   ,MITSUBISHI
889,F-01151,28*40*8 ,7V1,CNB1W11,фото ,104,90   ,ALFA ROMEO
890,F-00269A,28*41*12,7V2,CNB4W11,фото ,255,90   ,KIA BESTA
891,F-00204,28*41*7,1РМ,TC4,фото ,81,60   ,TOYOTA
892,F-00269,28*41*8,7V2,CNB ,фото ,266,90   ,KIA CARNIVAL
893,F-00743,28*41*8,7V1,CNB1W11 ,фото ,145,90   ,KIA SORENTO
894,F-00269M,28*41*8 ,7V1,CNB1W11 ,фото ,145,90   ,KIA CARNIVAL
895,F-00814,28*41*8 ,7V1,CNB1W11 ,фото ,145,90   ,"KIA SEDONA, MAZDA"
896,F-00961,28*42*8.5,7V1,CNB1W11 ,фото ,284,90   ,"AUDI, WV"
897,F-00709,28*43*9,7V1,CNB1W11,фото ,13,90   ,MITSUBISHI
898,F-00706,28*43/47.5*5/11.8,6V2,CNB12W11,фото ,22,90   ,"NISSAN, MERKURY"
899,F-00045,28*44*6,0M,SCH4 ,фото ,363,90   ,RENAULT
900,F-00869,28*44*7,7V1,GNB1W11,фото ,207,90   ,FORD MONDEO
901,F-01023,28*44*7,7V1,GNB1W11,фото ,181,90   ,FORD S-MAX
902,F-00816,28*44.5*9,7V1,CNB1W11,фото ,186,90   ,PONTIAC GTO
903,F-00843,28*44.5*9,7V1,CNB1W11,фото ,177,90   ,FORD
904,F-01090,28*45*8.5,7V1,CNB1W11 ,фото ,300,90   ,MITSUBISHI
905,F-00286,28*46*12.5,7V1,CNB4 ,фото ,282,90   ,MITSUBISHI
906,F-00750,28*46*8.5,7V1,CNB1W11 ,фото ,39,90   ,MITSUBISHI
907,F-00752,28*46*8.5,7V1,CNB1W11 ,фото ,49,90   ,CADILLAC 
908,F-00113,28*47*4.2/5,0M,SB5 ,фото ,351,60   ,"NISSAN, RENAULT"
909,F-00729,28*48*10,7V1,GNB1W11,фото ,100,90   ,DODGE DAKOTA
910,F-00522,28*48.2*8,7V2,CNB ,фото ,55,90   ,MAZDA
911,F-01069X,28.5*42*8.5,7V1,CNB1W11 ,фото ,54,120   ,Ремонтный размер
912,F-00081,28.5*43*6.5 ,0M,SCH4,фото ,210,60   ,"RENAULT, VOLVO"
913,F-00431,28.5*43*6.5 ,0M,SCH4,фото ,235,60   ,"PEUGEOT, CITROEN"
914,F-00633,28.5*43*6.5 ,0M,SCH4,фото ,220,60   ,"OPEL, NISSAN"
915,F-00343,28.5*44.5*9,7V2,CNBW11,фото ,324,90   ,"ROVER, JAGUAR"
916,F-00433,28.6*37.6*5,0M,SGN1W11,фото ,375,90   ,MAZDA
917,F-00495,28.6*37.6*5,0M,SGN1W11,фото ,375,60   ,FORD
918,F-00673X,28.8*43*6.5 ,0M,SCH4,фото ,9,120   ,Ремонтный размер
919,F-00980X,28.8*43*6.5 ,0M,SCH4,фото ,9,120   ,Ремонтный размер
920,F-00433A,29*37.5*5,0M,SGN1W11,фото ,48,90   ,"MAZDA, FORD"
921,F-00062XX,29*40*8,7V2,CNB,фото ,298,120   ,Ремонтный размер
922,F-00537XX,29*42*15/17,7V3,CNB7 ,фото ,75,120   ,Ремонтный размер
923,F-01066,29*42*8.5,7V1,CNB1W11,фото ,46,90   ,FORD EDGE
924,F-01069,29*42*8.5,7V1,CNB1W11,фото ,31,90   ,MAZDA CX9
925,F-00017XX,29*42.5*8,7V1,CNB1W11 ,фото ,37,120   ,Ремонтный размер
926,F-00033XX,29*42.5*8,7V1,CNB1W11 ,фото ,36,120   ,Ремонтный размер
927,F-00021XX,29*42.5/49*7.4/10.9,6V2,GNB2W11,фото ,20,120   ,Ремонтный размер
928,F-00029XX,29*42.5/49*7.4/10.9,6V2,GNB2W11,фото ,18,120   ,Ремонтный размер
929,F-00486XX,29*42.5/49*7.4/10.9,6V2,GNB2W11,фото ,18,120   ,Ремонтный размер
930,F-00762XX,29*42.5/49*7.4/10.9,6V2,GNB2W11,фото ,19,120   ,Ремонтный размер
931,F-00358,29*43*7,0M,SC4,фото ,456,60   ,"PEUGEOT, CITROEN"
932,F-00673,29*43*7,0M,SCH4 ,фото ,279,60   ,"HYUNDAI, KIA"
933,F-00980,29*43*7,0M,SCH4,фото ,312,60   ,"RENAULT, VOLVO"
934,F-00755XX,29*50*10,7V1,CNB1W11,фото ,49,120   ,Ремонтный размер
935,F-00622XX,29*54.5*8 ,7V1,CNB1W11,фото ,49,120   ,Ремонтный размер
936,F-00073,29.4*47*6/7.5,1РМ,TG4P,фото ,175,90   ,"PEUGEOT, CITROEN"
937,F-00435,29.4*47*6/7.5,1РМ,TG4P,фото ,175,90   ,RENAULT
938,F-00062X,29.5*40*7,7V1,CNB1W11,фото ,286,120   ,Ремонтный размер
939,F-00537X,29.5*42*15/17,7V3,CNB7,фото ,132,120   ,Ремонтный размер
940,F-00539XM,29.5*42*8,7V1,CNB1W11 ,фото ,500,120   ,Ремонтный размер
941,F-00539X,29.5*42*8,7V2,CNB,фото ,280,120   ,Ремонтный размер
942,F-00017X,29.5*42.5*8,7V1,CNB1W11 ,фото ,75,120   ,Ремонтный размер
943,F-00033X,29.5*42.5*8,7V1,CNB1W11 ,фото ,75,120   ,Ремонтный размер
944,F-00417X,29.5*42.5*8,7V1,CNB1W11 ,фото ,75,120   ,Ремонтный размер
945,F-00593X,29.5*42.5*8,7V1,CNB1W11 ,фото ,75,120   ,Ремонтный размер
946,F-00021X,29.5*42.5/49*7.4/10.9 ,6V2,GNB2W11 ,фото ,14,120   ,Ремонтный размер
947,F-00029X,29.5*42.5/49*7.4/10.9 ,6V2,GNB2W11 ,фото ,15,120   ,Ремонтный размер
948,F-00486X,29.5*42.5/49*7.4/10.9 ,6V2,GNB2W11 ,фото ,18,120   ,Ремонтный размер
949,F-00762X,29.5*42.5/49*7.4/10.9 ,6V2,GNB2W11 ,фото ,13,120   ,Ремонтный размер
950,F-01050X,29.5*42/44*8.5/15,6V2MA,CNB10,фото ,78,120   ,Ремонтный размер
951,F-00800X,29.5*44*8.5,7V1,CNB1W11 ,фото ,63,120   ,Ремонтный размер
952,F-00725X,29.5*45.5*10/12.7,7V3,GNB7 ,фото ,84,120   ,Ремонтный размер
953,F-00272X,29.5*45.5*8.5,7V1,CNB1W11 ,фото ,80,120   ,Ремонтный размер
954,F-00273X,29.5*46*8,7V1,CNB1W11,фото ,129,120   ,Ремонтный размер
955,F-01125X,29.5*46*8,7V1,CNB1W11,фото ,126,120   ,Ремонтный размер
956,F-00274X,29.5*47*8.5,7V2,CNB,фото ,46,120   ,Ремонтный размер
957,F-00719X,29.5*47*8.5,7V1,CNB1W11,фото ,256,120   ,Ремонтный размер
958,F-00756X,29.5*47*8.5,7V2,CNB,фото ,52,120   ,Ремонтный размер
959,F-00450X,29.5*48*8.5,7V1,CNB1W11,фото ,79,120   ,Ремонтный размер
960,F-00801X,29.5*48*8.5,7V1,CNB1W11,фото ,94,120   ,Ремонтный размер
961,F-01063X,29.5*48*8.5,7V1,CNB1W11,фото ,68,120   ,Ремонтный размер
962,F-00585X,29.5*49.7*10/13,7V3,GNB7 ,фото ,84,120   ,Ремонтный размер
963,F-00718X,29.5*50*10,7V1,CNB1W11,фото ,53,120   ,Ремонтный размер
964,F-00755X,29.5*50*10,7V1,CNB1W11,фото ,53,120   ,Ремонтный размер
965,F-01030XX,29.5*51*8.5,7V1,CNB1W11,фото ,80,120   ,Ремонтный размер
966,F-00622X ,29.5*54.5*8,7V1,CNB1W11,фото ,491,120   ,Ремонтный размер
967,F-00727,30*40*3.5/6.5,4V2,CNB3 ,фото ,72,90   ,"CHEVROLET, GMC "
968,F-00062,30*40*7,0M,SC4,фото ,132,60   ,FORD TRANSIT
969,F-00062M,30*40*7,7V1,CNB1W11,фото ,455,90   ,FORD TRANSIT
970,F-00209,30*41*6.5,0M,SC4,фото ,341,60   ,"TOYOTA, LEXUS"
971,F-00537,30*42*15/17,7V3,CNB7,фото ,422,90   ,"BMW X5, E60"
972,F-00539,30*42*8,7V2,CNB8,фото ,390,90   ,"BMW, LAND ROVER"
973,F-00539M,30*42*8,7V1,CNB1W11,фото ,367,90   ,"BMW, LAND ROVER"
974,F-00271,30*42.3*8,7V2,GNBW11,фото ,55,90   ,TOYOTA
975,F-00017,30*42.5*7,7V1,CNB1W11 ,фото ,89,90   ,IVECO DAILY
976,F-00033,30*42.5*7,7V1,CNB1W11 ,фото ,86,90   ,FIAT DUCATO
977,F-00417,30*42.5*7,7V1,CNB1W11 ,фото ,79,90   ,"CITROEN, FORD "
978,F-00021,30*42.5/49*7.4/10.9,6V2,GNB2W11 ,фото ,48,90   ,FIAT DUCATO
979,F-00029,30*42.5/49*7.4/10.9,6V2,GNB2W11 ,фото ,50,90   ,IVECO DAILY
980,F-00486,30*42.5/49*7.4/10.9,6V2,GNB2W11 ,фото ,60,90   ,PEUGEOT BOXER
981,F-00762,30*42.5/49*7.4/10.9,6V2,GNB2W11 ,фото ,59,90   ,CITROEN JUMPER
982,F-00417A,30*42.8*6.3,7V2,CNB,фото ,88,90   ,"IVECO, FIAT"
983,F-00593,30*42.8*6.3,7V2,CNB,фото ,58,90   ,MERCEDES
984,F-00704,30*42/44*8.5/15,6V2MA,CNB10 ,фото ,181,90   ,"BMW, LAND ROVER"
985,F-01050,30*42/44*8.5/15,6V2MA,CNB10 ,фото ,168,90   ,"BMW, LAND ROVER"
986,F-00588XX,30*43*15,7V2,CNB8 ,фото ,74,120   ,Ремонтный размер
987,F-00208,30*43*6.5,0M,SC4,фото ,148,90   ,TOYOTA 
988,F-00850,30*43*6.5,0M,SC4,фото ,148,90   ,DODGE
989,F-00587XX,30*43*7,7V1,CNB1W11 ,фото ,23,120   ,Ремонтный размер
990,F-00046,30*43*8/9.5,1PM,TC4P,фото ,500,60   ,MERCEDES 190
991,F-00800,30*44*8.5,7V1,CNB1W11,фото ,301,90   ,"TOYOTA, JEEP"
992,F-00725,30*45.5*10/12.7,7V3,GNB7 ,фото ,83,90   ,"CHEVROLET, GMC "
993,F-00272,30*45.5*8.5,7V1,CNB1W11 ,фото ,42,90   ,TOYOTA
994,F-00273,30*46*8,7V2,CNB ,фото ,16,90   ,TOYOTA HI ACE
995,F-00273M,30*46*8,7V1,CNB1W11,фото ,122,90   ,TOYOTA PREVIA
996,F-01125 ,30*46*8,7V1,CNB1W11,фото ,127,90   ,TOYOTA VIGO
997,F-00756,30*47*8.5,7V1,CNB1W11,фото ,112,90   ,WV CRAFTER
998,F-00274M,30*47*8.5 ,7V1,CNB1W11,фото ,138,90   ,TOYOTA
999,F-00719,30*47*8.5 ,7V1,CNB1W11,фото ,82,90   ,MERCEDES
1000,F-00274,30*47*9,7V2,CNB ,фото ,47,90   ,TOYOTA
1001,F-00801,30*48*8,7V1,CNB1W11,фото ,165,90   ,LEXUS GX470 
1002,F-00450,30*48*8 ,7V1,CNB1W11,фото ,165,90   ,TOYOTA 
1003,F-01063,30*48*8 ,7V1,CNB1W11,фото ,165,90   ,T. LAND CRUISER
1004,F-00486A,30*49*10,7V2,GNB,фото ,49,90   ,TALBOT
1005,F-00585,30*49.7*10/13,7V3,GNB7 ,фото ,20,90   ,"CHEVROLET, GMC "
1006,F-00718 ,30*50*10,7V1,CNB1W11 ,фото ,465,90   ,MERCEDES
1007,F-00755,30*50*10,7V2,GNB,фото ,199,90   ,"MERCEDES, JEEP"
1008,F-00374,30*50*8.5,7V1,CNB1 ,фото ,565,90   ,NISSAN
1009,F-01223,30*50*9/10,7V1PM,CNB11W11 ,фото ,612,90   ,"SSANG YONG, HUMMER"
1010,F-01104XX,30*51*8.5,7V1,CNB1W11 ,фото ,42,120   ,Ремонтный размер
1011,F-00622,30*54.5*8,7V1,CNB1W11 ,фото ,895,90   ,"MERCEDES, WV"
1012,F-00588X,30.5*43*15,7V2,CNB8 ,фото ,79,120   ,Ремонтный размер
1013,F-00587X,30.5*43*7,7V1,CNB1W11,фото ,492,120   ,Ремонтный размер
1014,F-00289X,30.5*43.7*6.5 ,7V1,CNB1W11,фото ,76,120   ,Ремонтный размер
1015,F-00290X,30.5*43.7/48*4/8.3,6V2,CNB2 ,фото ,86,120   ,Ремонтный размер
1016,F-00880XX,30.5*44.5*8.5,7V1,CNB1W11,фото ,87,120   ,Ремонтный размер
1017,F-01030X,30.5*51*8,7V1,CNB1W11,фото ,43,120   ,Ремонтный размер
1018,F-01104X,30.5*51*8,7V1,CNB1W11,фото ,37,120   ,Ремонтный размер
1019,F-00910X,30.5*52*8 ,7V1,CNB1W11,фото ,77,120   ,Ремонтный размер
1020,F-00588,31*43*15,7V2,CNB8,фото ,523,90   ,BMW E65
1021,F-00587,31*43*7,7V2,CNB8,фото ,266,90   ,BMW E65
1022,F-00587M,31*43*7,7V1,CNB1W11,фото ,468,90   ,BMW E65
1023,F-00289,31*43.5*6.5,7V2,GNB,фото ,277,90   ,FORD EXPLORER
1024,F-00290,31*43.7/48*4.5/8.5,6V2,CNB2,фото ,246,90   ,FORD EXPLORER
1025,F-00289A,31*44*6.35,7V1,CNB1W11 ,фото ,18,90   ,FORD RANGER
1026,F-00205,31*44*6.5,1РМ,TC4 ,фото ,322,90   ,TOYOTA 
1027,F-00444XX,31*44.5*8.5,7V2,CNB,фото ,75,120   ,Ремонтный размер
1028,F-00932,31*44.5*8.5,7V2,CNB,фото ,79,120   ,MERCEDES
1029,F-00290A,31*44/48*4/8.5,6V2,CNB2,фото ,12,90   ,FORD RANGER
1030,F-00276XX,31*46*8.5,7V1,CNB1W11,фото ,116,120   ,Ремонтный размер
1031,F-01095XX,31*47*8.5,7V1,CNB1W11 ,фото ,63,120   ,Ремонтный размер
1032,F-00582,31*47.7*7.4,7V1,CNB1W11,фото ,245,90   ,FORD EXPLORER
1033,F-00560XX,31*50*8.5,7V1,CNB1W11 ,фото ,53,120   ,Ремонтный размер
1034,F-01030,31*51*8.5,7V1,CNB1W11,фото ,150,90   ,FORD EXPLORER
1035,F-01104,31*51*8.5,7V1,CNB1W11,фото ,150,90   ,FORD EXPLORER
1036,F-00910,31*52*8,7V1,CNB1W11 ,фото ,25,90   ,FORD EXPEDITION
1037,F-00827XX,31*53*8.5,7V2,CNB,фото ,63,120   ,Ремонтный размер
1038,F-00207X,31.5*40*5/9,4V2,CNB13,фото ,11,120   ,Ремонтный размер
1039,F-00103X,31.5*44.5*6.5,7V3,CNB7,фото ,170,120   ,Ремонтный размер
1040,F-00569X,31.5*44.5*6.5,7V3,CNB7,фото ,170,120   ,Ремонтный размер
1041,F-00737X,31.5*44.5*6.5,7V3,CNB7,фото ,170,120   ,Ремонтный размер
1042,F-00444X ,31.5*44.5*8,7V1,CNB1W11,фото ,233,120   ,Ремонтный размер
1043,F-00678X,31.5*44/45*8.5/18.7,6V2MA,CNB10,фото ,79,120   ,Ремонтный размер
1044,F-00276X,31.5*46*8.5 ,7V1,CNB1W11,фото ,47,120   ,Ремонтный размер
1045,F-01095X,31.5*47*8.5 ,7V1,CNB1W11,фото ,79,120   ,Ремонтный размер
1046,F-00275X,31.5*49*8.5 ,7V1,CNB1W11,фото ,82,120   ,Ремонтный размер
1047,F-00560X,31.5*50*8.5,7V1,CNB1W11 ,фото ,209,120   ,Ремонтный размер
1048,F-00902X,31.5*50*8.5,7V1,CNB1W11 ,фото ,153,120   ,Ремонтный размер
1049,F-00902XA,31.5*50*8.5,7V2,CNB,фото ,80,120   ,Ремонтный размер
1050,F-00581X,31.5*52.2*10,7V1,CNB1W11,фото ,83,120   ,Ремонтный размер
1051,F-00745X,31.5*52.2*10,7V1,CNB1W11,фото ,81,120   ,Ремонтный размер
1052,F-00827X,31.5*53*8.5,7V1,CNB1W11 ,фото ,174,120   ,Ремонтный размер
1053,F-01006X,31.5*55*12/15 ,7V3,GNB7W11,фото ,84,120   ,Ремонтный размер
1054,F-00857X,31.5*56*9,7V1,CNB1W11 ,фото ,85,120   ,Ремонтный размер
1055,F-00091,31.7*38.1*3/5,4V2,SC2,фото ,472,90   ,"ROVER, HONDA"
1056,F-00880X,31.7*44.5*8,7V1,CNB1W11 ,фото ,693,120   ,Ремонтный размер
1057,F-00211,32*40*5,12,UNR,фото ,15,90   ,"ISUZU, OPEL"
1058,F-00176,32*40*5 ,1РМ,TC,фото ,29,90   ,"ISUZU, OPEL"
1059,F-00207,32*40*5/9,4V2,CNB13,фото ,89,90   ,TOYOTA
1060,F-0000D,32*42*3,U-RING,0-RING,фото ,1955,90   ,"OPEL OMEGA B,C"
1061,F-01002,32*43*5,0M,SC4,фото ,534,90   ,"AUDI, WV, BMW"
1062,F-00446A,32*44*6.5/7,1PM,TG4P,фото ,23,90   ,MERCEDES W208
1063,F-00446,32*44*8.5/10,1РМ,TC4,фото ,243,90   ,MERCEDES W124
1064,F-00569,32*44.5*5.5/7,7V3,CNB7,фото ,26,90   ,MERCEDES
1065,F-00103,32*44.5*6.5,7V2,CNB ,фото ,197,90   ,"WV, PEUGEOT"
1066,F-00103M,32*44.5*6.5,7V1,CNB1W11 ,фото ,240,90   ,"WV, PEUGEOT"
1067,F-00737,32*44.5*6.5,7V2,CNB ,фото ,206,90   ,"CITROEN, FIAT"
1068,F-00737M,32*44.5*6.5,7V1,CNB1W11 ,фото ,244,90   ,"CITROEN, FIAT"
1069,F-00444,32*44.5*8.5,7V2,CNB,фото ,608,90   ,MERCEDES
1070,F-00444M,32*44.5*8.5,7V1,CNB1W11 ,фото ,226,90   ,MERCEDES
1071,F-00880,32*44.5*8.5,7V1,CNB1W11 ,фото ,232,90   ,WV LT 28-46
1072,F-00678,32*44/45*8.5/18.7,6V2MA,CNB10 ,фото ,300,90   ,"BMW, LAND ROVER"
1073,F-01003,32*45.5*7,7V2,CNB,фото ,126,90   ,CHEVROLET
1074,F-00276,32*46*8.5,7V1,CNB1W11,фото ,392,90   ,"MITSUBISHI, NISSAN"
1075,F-01095,32*47*8.5,7V1,CNB1W11 ,фото ,341,90   ,MITSUBISHI PAJERO
1076,F-00644,32*47.5*10/11,7V1PM,CNB11W11 ,фото ,15,90   ,JEEP
1077,F-00803,32*47.5*10/11,7V1PM,CNB11W11 ,фото ,19,90   ,DODGE
1078,F-00973,32*47.5*10/11,7V1PM,CNB11W11 ,фото ,16,90   ,CHEVROLET
1079,F-00275,32*49*8.5,7V1,CNB1W11,фото ,248,90   ,"NISSAN, INFINITI"
1080,F-00560,32*50*8.5,7V1,CNB1W11,фото ,167,90   ,MITSUBISHI PAJERO
1081,F-00902,32*50*8.5,7V1,CNB1W11,фото ,241,90   ,LDV MAXUS
1082,F-00902A,32*50*8.5,7V2,CNB ,фото ,83,90   ,LDV MAXUS
1083,F-00581,32*52.2*10,7V1,CNB1W11 ,фото ,164,90   ,DODGE DAKOTA
1084,F-00745,32*52.2*10,7V1,CNB1W11 ,фото ,157,90   ,DODGE RAM 1500
1085,F-00827,32*53*8.5,7V1,CNB1 ,фото ,449,90   ,"NISSAN, INFINITI"
1086,F-01043,32*54*9/10,7V1PM,CNB11W11,фото ,341,90   ,"CHEVROLET, GMC "
1087,F-01006,32*55*12/15,7V3,GNB7W11,фото ,220,90   ,"CHEVROLET, GMC "
1088,F-00857,32*56*9,7V1,CNB1,фото ,42,90   ,NISSAN
1089,F-00742,32.7*42.7*6.7,0M,SC4,фото ,408,90   ,T. LAND CRUISER
1090,F-00908,33*46*7,0M,SC4,фото ,258,90   ,FORD
1091,F-00398XX,34*50*8,7V1,CNB1W11,фото ,129,120   ,Ремонтный размер
1092,F-01062XX,34*50*8,7V1,CNB1W11,фото ,118,120   ,Ремонтный размер
1093,F-00939XX,34*53*8,7V2,CNB,фото ,118,120   ,Ремонтный размер
1094,F-00988XX,34*53*8,7V2,CNB,фото ,119,120   ,Ремонтный размер
1095,F-00451XX,34*56*8,7V1,CNB1W11,фото ,259,120   ,Ремонтный размер
1096,F-01178X,34.5*47*7,7V1,CNB1W11 ,фото ,67,120   ,Ремонтный размер
1097,F-00398X,34.5*50*8,7V1,CNB1W11 ,фото ,34,120   ,Ремонтный размер
1098,F-01062X,34.5*50*8,7V1,CNB1W11 ,фото ,14,120   ,Ремонтный размер
1099,F-00939X,34.5*53*8,7V1,CNB1W11 ,фото ,15,120   ,Ремонтный размер
1100,F-00988X,34.5*53*8,7V1,CNB1W11 ,фото ,29,120   ,Ремонтный размер
1101,F-00451X,34.5*56*8,7V1,CNB1W11 ,фото ,45,120   ,Ремонтный размер
1102,F-01085,35*45*6.5 ,12,UIR,фото ,41,90   ,JEEP WRANGLER
1103,F-00984,35*46*7 ,0M,SC4,фото ,78,90   ,TOYOTA
1104,F-01178,35*47*7,7V1,CNB1W11,фото ,354,90   ,NISSAN
1105,F-00424,35*47*7/8.5,1РМ,TCN11,фото ,403,90   ,MERCEDES W140
1106,F-00398,35*50*8,7V1,CNB1W11,фото ,176,90   ,T. LAND CRUISER
1107,F-01062,35*50*8,7V2,GNBW11 ,фото ,107,90   ,TOYOTA 4-RUNNER
1108,F-01062M,35*50*8,7V1,CNB1W11,фото ,197,90   ,TOYOTA 4-RUNNER
1109,F-00939,35*53*9,7V1,CNB1W11,фото ,100,90   ,T. LAND CRUISER
1110,F-00988,35*53*9,7V1,CNB1W11,фото ,78,90   ,LEXUS LX470 
1111,F-00451,35*56*8,7V1,CNB1W11 ,фото ,333,90   ,"TOYOTA, LEXUS"
1112,F-01139,35*61*9,7V1,CNB1W11 ,фото ,310,120   ,TOYOTA
1113,F-00277X,35.5*50.5*9,7V2,GNB ,фото ,83,120   ,Ремонтный размер
1114,F-00383,36*44*5,1РМ,TC4,фото ,26,90   ,TOYOTA
1115,F-00277,36*50.5*9,7V2,GNB,фото ,73,90   ,MAZDA 626
1116,F-01037XX,37*51*8,7V1,CNB1W11,фото ,130,120   ,Ремонтный размер
1117,F-01142XX,37*51*8,7V1,CNB1W11,фото ,103,120   ,Ремонтный размер
1118,F-01037X,37.5*51*8,7V1,CNB1W11 ,фото ,26,120   ,Ремонтный размер
1119,F-01142X,37.5*51*8,7V1,CNB1W11 ,фото ,24,120   ,Ремонтный размер
1120,F-01037,38*51*8,7V1,CNB1W11,фото ,332,90   ,"L.CRUISER, LX570"
1121,F-01142,38*51*8,7V1,CNB1W11,фото ,344,90   ,"TUNDRA, SEQUOIA"
1122,F-00647,38*52.6*6.4,0M,SC4,фото ,276,90   ,DODGE RAM 1500
1123,F-00804,41*57.3*9,7V2,CNBW11,фото ,43,200   ,FORD 
1124,F-01089,41*57.3*9,7V2,CNBW11,фото ,35,200   ,FORD EXCURSION
1125,F-01087,44.5*58.5*8.5/9,7V1PM,CNB11W11 ,фото ,73,200   ,JEEP WRANGLER
1126,F-00549,52*66*5.5,7V2,CNB ,фото ,37,200   ,MERCEDES
1127,F-00639,52*66*5.5,7V2,CNB ,фото ,33,200   ,MERCEDES
1128,F-00559,56*70*5.5,7V2,CNB ,фото ,58,200   ,MERCEDES
1129,F-00635A,60*74*8.5,7V1,CNB1W11,фото ,192,250   ,FAW 1041
