1,"F-00074","10*20*7.5","0M","SCNY",,">100",50,45,
2,"F-00355","10*20*7.5","0M","SCNY",,">100",50,46,
3,"F-00608","11.7*22*6/8.5","1РМ2","DC4Y",,">100",50,47,
4,"F-00102","12*27*9/10","7V1PM","CNB11W11 ",,">100",80,48,
5,"F-00178","12*27*9/10","7V1PM","CNB11W11 ",,">100",80,49,
6,"F-00726","12*38*10","7V2","GNB ",,">100",80,50,
7,"F-00372","14*27*9/10","7V1PM","CNB11W11 ",,">100",80,51,
8,"F-00523","14*30.5/38.4*5/11","6V3","CNB12W11",,">100",80,52,
9,"F-00432","15*28*6.3","1РМA","TZ",,">100",50,53,
10,"F-00597","15*28*6.3","1РМA","TZ",,">100",50,54,
11,"F-00744","15*28*6.3","1РМA","TZ",,">100",50,55,
12,"F-00365","16*26*5/6 ","1РМ","TC1W24",,">100",30,56,
13,"F-00052","16*28*7","1РМ","TF",,">100",30,57,
14,"F-00555","16*30*6.3","1РМA","TZNR ",,">100",50,58,
15,"F-00149","16*30*6.3","1РМA","TZNR ",,">100",50,59,
16,"F-00894","16*30*6.3","1РМA","TZNR ",,">100",50,60,
17,"F-00689","16*30*6.3","1РМA","TZNR ",,">100",50,61,
18,"F-01106","16*30*6.3","1РМA","TZNR ",,">100",50,62,
19,"F-00976","16.9*27*5/6 ","1РМ","TC1W24",,">100",30,63,
20,"F-00148","17*28*8","0M2","DC",,">100",50,64,
21,"F-00506","17*28*8","0M2","DC",,">100",50,65,
22,"F-00606","17*29*7","1РМ","TC ",,">100",30,66,
23,"F-00356","17*30*7","0M2","DC",,">100",50,67,
24,"F-00414","17*30*7","1РМ","TC4",,">100",30,68,
25,"F-00473","17*30*7","1РМ","TC4P",,">100",30,69,
26,"F-00154","17*32*7","1РМ","TC4 ",,">100",30,70,
27,"F-00465","17*32*8.5","0AM2","DZ",,">100",50,71,
28,"F-00165","17*34*8","1РМA","TZ",,">100",50,72,
29,"F-00122","17*36*6.6","0MA","SZR",,">100",80,73,
30,"F-00687","17*36*6.6","0MA","SZR","фото ",">100",80,74,"!"
31,"F-00781X","17.5*30*5/5.7 ","1РМ","TC4P","фото ",">100",80,75,"Ремонтный размер"
32,"F-00982","18*25.5*4/6.5","4РМ","TC8 ","фото ",">100",50,76,"!"
33,"F-00519","18*25.5*4/6.5","4РМ","TC8 ","фото ",">100",50,77,"!"
34,"F-00182","18*28*5/6","1РМ","TGN11 ","фото ",">100",30,78,"!"
35,"FS-0002","18*28*6","1РМ","TC","фото ",">100",30,79,"!"
36,"F-00632","18*30*6/6.5","1РМ","TCN11","фото ",">100",30,80,"!"
37,"F-00771","18*30*6/6.5","1РМ","TCN","фото ",">100",30,81,"!"
38,"F-00782","18*30*6/6.5","1РМ","TCN11","фото ",">100",30,82,"!"
39,"F-01091","18*30*6/6.5","1РМ","TCN11","фото ",">100",30,83,"!"
40,"F-00517","18*30*7/8","1РМ","TGN11 ","фото ",">100",30,84,"!"
41,"F-00051","18*30*7/8","1РМ","TGN11 ","фото ",">100",30,85,"!"
42,"F-00152","18*30*7/8","1РМ","TGN11 ","фото ",">100",30,86,"!"
43,"F-00183","18*30*7/8","1РМ","TGNP ","фото ",">100",30,87,"!"
44,"F-00648","18*30*7/8","1РМ","TGN","фото ",">100",30,88,"!"
45,"F-00117","18*32*7","1РМ","TC4P","фото ",">100",30,89,"!"
46,"F-00959","18*32*7","1РМ","TC4","фото ",">100",30,90,"!"
47,"F-00164","18*32*8","1РМA","TZ","фото ",">100",50,91,"!"
48,"F-00741","18*32*8","1РМA","TZ","фото ",">100",50,92,"!"
49,"F-00421X","18*33.3*8","1РМA","TZN ","фото ",">100",80,93,"Ремонтный размер"
50,"F-00185","18*34*7","1РМ","TC4","фото ",">100",30,94,"!"
51,"F-00464","18*34*8","1РМA","TZ","фото ",">100",50,95,"!"
52,"F-00484X","18.5*29*4.5/5.5","1РМ","TG4P","фото ",">100",80,96,"Ремонтный размер"
53,"F-00561X","18.5*34.6*6.3/7.3","1РМ","TC4","фото ",">100",80,97,"Ремонтный размер"
54,"F-00657","18.7*35*7/7.8","1РМ","TC4P","фото ",">100",30,98,"!"
55,"F-00136","18.7*35*7/7.8","1РМ","TC4P","фото ",">100",30,99,"!"
56,"F-00395","18.75*30*5/5.5","1РМ","TG4P ","фото ",">100",30,100,"!"
57,"F-01140","18.75*30*5/5.5","1РМ","TG4P ","фото ",">100",30,101,"!"
58,"F-00189","18.75*30*5/5.5","1РМ","TG4P ","фото ",">100",30,102,"!"
59,"F-00313X","18.9*28*5","1РМ","TC ","фото ",">100",80,103,"Ремонтный размер"
60,"FS-0001","18.9*30*5","1РМ","TC ","фото ",">100",30,104,"!"
61,"F-00163X","18.9*36*6.5","1РМ","TGR","фото ",">100",80,105,"Ремонтный размер"
62,"F-00307","19*26.5*3.8/5.8","3A","TC8 ","фото ",">100",50,106,"!"
63,"F-00313","19*28*5/5.5","1РМ","TС4P","фото ",">100",30,107,"!"
64,"FS-0047","19*28*8","0M2","DC","фото ",">100",80,108,"!"
65,"F-00484","19*29*4.5/5","1РМ","TC4P ","фото ",">100",30,109,"!"
66,"F-00459","19*29*7/7.8","1PM","TG4P","фото ",">100",50,110,"!"
67,"F-00993","19*30*5/5.7","1РМ","TC4P","фото ",">100",30,111,"!"
68,"F-00740","19*30*5/6.5 ","1РМ","TC4","фото ",">100",30,112,"!"
69,"F-00619","19*30*5/6.5 ","1РМ","TC4","фото ",">100",30,113,"!"
70,"F-00110","19*30*5/6.5 ","1РМ","TC4","фото ",">100",30,114,"!"
71,"F-00769","19*30*7","1РМ","TC","фото ",">100",30,115,"!"
72,"F-00315","19*30*7","1РМ","TC","фото ",">100",30,116,"!"
73,"F-00114","19*32*6/7","1РМ","TG4P ","фото ",">100",30,117,"!"
74,"F-00366","19*32*6/7","1РМ","TG4P ","фото ",">100",30,118,"!"
75,"F-00403","19*32*6/7","1РМ","TC4 ","фото ",">100",30,119,"!"
76,"F-00600","19*32*6/7","1РМ","TC4 ","фото ",">100",30,120,"!"
77,"F-00779","19*32*6/7","1РМ","TC4 ","фото ",">100",30,121,"!"
78,"F-01072","19*32*6/7","1PM","TC4P","фото ",">100",30,122,"!"
79,"F-00187","19*32*7/7.8","1РМ","TC4 ","фото ",">100",30,123,"!"
80,"F-00418","19*32*7/7.8","1РМ","TC4 ","фото ",">100",30,124,"!"
81,"F-01051","19*32*7/7.8","1PM","TC4P","фото ",">100",30,125,"!"
82,"F-01052","19*32*7/7.8","1PM","TC4P","фото ",">100",30,126,"!"
83,"F-00039","19*34.6*4.4/5.9","1РМ","TG4P ","фото ",">100",30,127,"!"
84,"F-00040","19*34.6*4.4/5.9","1РМ","TG4P ","фото ",">100",30,128,"!"
85,"F-00030","19*34.6*4.4/5.9","1РМ","TG4P ","фото ",">100",30,129,"!"
86,"F-00011","19*34.6*6.2/9.2","1РМ","TCN11 ","фото ",">100",30,130,"!"
87,"F-00037","19*34.6*6.2/9.2","1РМ","TCN11 ","фото ",">100",30,131,"!"
88,"F-00849","19*34.6*6.3/7.3","1РМ","TC4P","фото ",">100",30,132,"!"
89,"F-01100","19*35*5/5.5","1РМ","TG4P ","фото ",">100",30,133,"!"
90,"F-01105","19*35*5/5.5","1РМ","TG4P ","фото ",">100",30,134,"!"
91,"F-00140","19*37*6.5/8","1РМ","TC4P","фото ",">100",50,135,"!"
92,"F-00886","19*37*6.5/8","1РМ","TC4P","фото ",">100",50,136,"!"
93,"F-00184","19*38*7/7.8","1РМ","TG4P ","фото ",">100",50,137,"!"
94,"F-00607","19.05*30*5/6.5 ","1РМ","TC4","фото ",">100",30,138,"!"
95,"F-00421","19.05*33.3*8","1РМA","TZR","фото ",">100",50,139,"!"
96,"F-00529","19.05*33.3*8/9","1РМA","TZNR ","фото ",">100",50,140,"!"
97,"F-00144","19.05*33.3*8/9","1РМ","TCNR ","фото ",">100",50,141,"!"
98,"F-00143","19.05*33.3*8","1РМA","TZR","фото ",">100",50,142,"!"
99,"F-00145","19.05*33.3*8","1РМA","TZR","фото ",">100",50,143,"!"
100,"F-01071","19.05*33.3*8","1РМA","TZR","фото ",">100",50,144,"!"
101,"F-00087","19.05*34.6*4.4/5.9","1РМ","TG4P ","фото ",">100",30,145,"!"
102,"F-00677","19.05*34.6*4.4/5.9","1РМ","TG4P ","фото ",">100",30,146,"!"
103,"F-00688","19.05*34.6*4.4/5.9","1РМ","TG4P ","фото ",">100",30,147,"!"
104,"F-00895","19.05*34.6*4.4/5.9","1РМ","TG4P ","фото ",">100",30,148,"!"
105,"F-00561","19.05*34.6*6.3/7.3","1РМ","TC4P","фото ",">100",30,149,"!"
106,"F-00368","19.05*34.6*6.3/7.3","1РМ","TC4P","фото ",">100",30,150,"!"
107,"F-00868","19.05*34.6*6.2/9.2","1РМ","TCN11 ","фото ",">100",30,151,"!"
108,"F-00146","19.05*36*6.5","1РМA","TZR ","фото ",">100",50,152,"!"
109,"F-00163","19.05*36*6.7","0MA","SZR","фото ",">100",50,153,"!"
110,"F-00158","19.05*36*6.7","0MA","SZR","фото ",">100",50,154,"!"
111,"F-00641","19.05*36*7","1РМA","TZNR ","фото ",">100",50,155,"!"
112,"F-00915","19.05*37*6.5/8","1РМ","TC4P","фото ",">100",50,156,"!"
113,"F-00436","19.05*37*6.5/8","1РМ","TC4P","фото ",">100",50,157,"!"
114,"F-00138","19.9*39.9*6.5","1РМ","TC4P","фото ",">100",50,158,"!"
115,"F-00063","20*30*5/6","1РМ","TCN11 ","фото ",">100",30,159,"!"
116,"F-00297","20*30*5/6","1РМ","TC4 ","фото ",">100",30,160,"!"
117,"F-00558","20*30*5/6","1РМ","TC4 ","фото ",">100",30,161,"!"
118,"F-00663","20*30*5/6","1РМ","TG4P ","фото ",">100",30,162,"!"
119,"F-00681","20*30*5/6","1РМ","TC4 ","фото ",">100",30,163,"!"
120,"F-00887","20*30*5/6","1РМ","TC4 ","фото ",">100",30,164,"!"
121,"F-00978","20*30*5/6","1РМ","TCN1 ","фото ",">100",30,165,"!"
122,"F-01159","20*30*5/6","1РМ","TC4 ","фото ",">100",30,166,"!"
123,"FS-0003","20*30*7","7V2","CNB","фото ",">100",30,167,"!"
124,"F-00058","20*32*5/5.5","1РМ","TGN1","фото ",">100",30,168,"!"
125,"F-00217","20*32*7 ","7V2","CNB","фото ",">100",80,169,"!"
126,"F-00640","20*35*7","1РМ","TC4","фото ",">100",50,170,"!"
127,"F-00609","20*35*7","1РМ","TC4","фото ",">100",50,171,"!"
128,"F-00153","20*35*7","0M2","DC","фото ",">100",50,172,"!"
129,"F-00502","20*35*7","0M2","DC","фото ",">100",50,173,"!"
130,"F-00562","20*35.6*6/7.7","1РМ","TC4","фото ",">100",50,174,"!"
131,"F-00166","20*36*7","1РМ","TCN1 ","фото ",">100",50,175,"!"
132,"F-01153","20*36*7","1РМ","TCN1 ","фото ",">100",50,176,"!"
133,"F-01167","20*36*7","1РМ","TCN1 ","фото ",">100",50,177,"!"
134,"FS-0004","20*36*7","7V2","CNB","фото ",">100",80,178,"!"
135,"F-00186","20*40*6","1РМ","TC4P","фото ",">100",50,179,"!"
136,"F-00100","20*40*6","1РМ","TC4P","фото ",">100",50,180,"!"
137,"F-00531X","20*41.3*6.5/9","1РМ","TG4P ","фото ",">100",80,181,"Ремонтный размер"
138,"F-00659","20*41.3*6.5/9","1РМ","TC1W11 ","фото ",">100",80,182,"Ремонтный размер"
139,"F-00667X","20*41.3*6.5/9","1РМ","TC1W11 ","фото ",">100",80,183,"Ремонтный размер"
140,"F-00108","20*42.5*3.8/5","1РМ","TC4P","фото ",">100",50,184,"!"
141,"F-00420","20*42.5*3.8/5","1РМ","TC4P","фото ",">100",50,185,"!"
142,"F-00109","20*42.5*7/7.8","1РМ","TG4P","фото ",">100",50,186,"!"
143,"F-00104","20*44*4.5","3A","VG ","фото ",">100",50,187,"!"
144,"F-00191","20*44*4.5","3A","VG ","фото ",">100",50,188,"!"
145,"F-00547X","20.5*34*9","7V1","CNB1W11","фото ",">100",110,189,"Ремонтный размер"
146,"F-01148","20.6*41*6.3","0M","SGN1W11","фото ",">100",50,190,"!"
147,"F-00531","20.6*41.2*6.5/8","1РМ","TC2W11","фото ",">100",50,191,"!"
148,"F-00168","20.6*41.2*6.3","0M","SCN2 ","фото ",">100",50,192,"!"
149,"F-00667 ","20.6*41.2*6.3","0M","SCN2 ","фото ",">100",50,193,"!"
150,"F-00720","20.6*41.2*6.3","0M","SCN2 ","фото ",">100",50,194,"!"
151,"F-00493","20.6*41.3*6.5/8","1РМ","TC2W11","фото ",">100",50,195,"!"
152,"F-00327","21*30*5","7V2G","CNB15","фото ",">100",110,196,"!"
153,"F-00328","21*30*5","7V2G","CNB15","фото ",">100",110,197,"!"
154,"F-00329","21*30*5",12,"CNB15","фото ",">100",110,198,"!"
155,"F-00330","21*30*5","7V2G","CNB15","фото ",">100",110,199,"!"
156,"F-00442","21*33*8/5.5","1РМ","TCNY","фото ",">100",50,200,"!"
157,"F-00605","21*33*8/5.5","1РМ","TCNY","фото ",">100",50,201,"!"
158,"F-00547","21*34*9","7V1","CNB1W11 ","фото ",">100",90,202,"!"
159,"F-00497XX","21*34.3*7/12","4V2","GNB13W11 ","фото ",">100",110,203,"Ремонтный размер"
160,"F-00494XX","21*35.4*8.2","7V2","GNBW11 ","фото ",">100",110,204,"Ремонтный размер"
161,"F-00576","21*35.5*6.2/7","1РМ","TG4PW11","фото ",">100",80,205,"!"
162,"FS-0006","21*41*6.5","0M","SCN2 ","фото ",">100",50,206,"!"
163,"F-00027X","21.5*31*6.5","7V1","GNB1W11 ","фото ",">100",110,207,"Ремонтный размер"
164,"F-00284X","21.5*32*4/6","4V2","CNB3 ","фото ",">100",110,208,"Ремонтный размер"
165,"F-00796X","21.5*34*8 ","7V1","CNB1W11","фото ",">100",110,209,"Ремонтный размер"
166,"F-00497X","21.5*34.3*7/12 ","4V2","GNB13W11","фото ",">100",110,210,"Ремонтный размер"
167,"F-00381X","21.5*35*8","7V1","CNB1W11","фото ",">100",110,211,"Ремонтный размер"
168,"F-00219X","21.5*35*8.5","7V1","CNB1W11","фото ",">100",110,212,"Ремонтный размер"
169,"F-00670X","21.5*35*8.5","7V1","CNB1W11","фото ",">100",110,213,"Ремонтный размер"
170,"F-00806X","21.5*35*9/10","7V1PM","CNB5W11 ","фото ",">100",110,214,"Ремонтный размер"
171,"F-00948X","21.5*35*9/10","7V1PM","CNB5W11 ","фото ",">100",110,215,"Ремонтный размер"
172,"F-00283X","21.5*35*10/15.4 ","7V3","GNB7 ","фото ",">100",110,216,"Ремонтный размер"
173,"F-00494X","21.5*35.4*8.2","7V2","GNBW11 ","фото ",">100",110,217,"Ремонтный размер"
174,"FS-0005","21.5*36*8","7V1","CNB1W11","фото ",">100",110,218,"Ремонтный размер"
175,"F-00220X","21.5*36.5*8.5 ","7V1","CNB1W11","фото ",">100",110,219,"Ремонтный размер"
176,"F-00512X","21.5*38.2*9","7V1","CNB1W11","фото ",">100",110,220,"Ремонтный размер"
177,"F-00222X","21.5*38.2*9","7V1","CNB1W11","фото ",">100",110,221,"Ремонтный размер"
178,"F-00221X","21.5*38.2*9","7V1","CNB1W11","фото ",">100",110,222,"Ремонтный размер"
179,"F-00797X","21.5*38.2*9","7V1","CNB1W11","фото ",">100",110,223,"Ремонтный размер"
180,"F-00672X","21.5*38.2*9","7V1","CNB1W11","фото ",">100",110,224,"Ремонтный размер"
181,"F-00807X","21.5*38.2*13/14","7V1PM","CNB5W11","фото ",">100",110,225,"Ремонтный размер"
182,"F-00949X","21.5*38.2*13/14","7V1PM","CNB5W11","фото ",">100",110,226,"Ремонтный размер"
183,"F-00123X","21.5*39.4*10/12.5","7V3","CNB7","фото ",">100",110,227,"Ремонтный размер"
184,"F-00027","22*31*6.5","0M","SC4 ","фото ",">100",50,228,"!"
185,"F-00284","22*32*4/6.5","4V2","CNB3","фото ",">100",90,229,"!"
186,"F-00069","22*32*5/5.5","1РМ","TG4P","фото ",">100",50,230,"!"
187,"F-00193","22*32*5/5.5","1РМ","TG4P","фото ",">100",50,231,"!"
188,"F-00680","22*32*5/5.5","1РМ","TG4P","фото ",">100",50,232,"!"
189,"F-00759","22*32*5/5.5","1РМ","TG4P","фото ",">100",50,233,"!"
190,"F-00890","22*32*5/5.5","1РМ","TG4P","фото ",">100",50,234,"!"
191,"F-00938","22*32*5/5.5","1РМ","TG4P","фото ",">100",50,235,"!"
192,"F-00098","22*32*7","7V2","CNB ","фото ",">100",80,236,"!"
193,"F-00098M","22*32*7","7V1","CNB1W11 ","фото ",">100",90,237,"!"
194,"F-00280","22*34*8","7V1","CNB1W11 ","фото ",">100",90,238,"!"
195,"F-00796 ","22*34*8","7V1","CNB1W11 ","фото ",">100",90,239,"!"
196,"F-00018XX","22*34.3/38*4.3/8","6V2","CNB2","фото ",">100",110,240,"Ремонтный размер"
197,"F-00035XX","22*34.3/38*4.3/8","6V2","CNB2","фото ",">100",110,241,"Ремонтный размер"
198,"F-00441XX","22*34.3/38*4.3/8","6V2","CNB2","фото ",">100",110,242,"Ремонтный размер"
199,"F-00642XX","22*34.3/38*4.3/8","6V2","CNB2","фото ",">100",110,243,"Ремонтный размер"
200,"F-00497","22*34.3*7/12","4V2","GNB13W11","фото ",">100",90,244,"!"
201,"F-00024XX","22*34.5*6.5","7V1","CNB1 ","фото ",">100",110,245,"Ремонтный размер"
202,"F-00396XX","22*34.5*6.5","7V1","CNB1 ","фото ",">100",110,246,"Ремонтный размер"
203,"F-00381","22*35*7","7V2","CNB ","фото ",">100",80,247,"!"
204,"F-00219","22*35*8.5","7V1","CNB1W11","фото ",">100",90,248,"!"
205,"F-00670","22*35*8.5","7V1","CNB1W11","фото ",">100",90,249,"!"
206,"F-00806","22*35*9/10","7V1PM","CNB11W11","фото ",">100",90,250,"!"
207,"F-00948","22*35*9/10","7V1PM","CNB11W11","фото ",">100",90,251,"!"
208,"F-00283","22*35*10/15.4","7V3","CNB4 ","фото ",">100",90,252,"!"
209,"F-00494","22*35.4*8","7V2","GNBW11 ","фото ",">100",80,253,"!"
210,"FS-0007","22*36*8","7V1","CNB1W11 ","фото ",">100",110,254,"!"
211,"F-00220","22*36.6*8","7V2","CNB ","фото ",">100",90,255,"!"
212,"F-00223XX","22*37*8.5","7V2","CNB","фото ",">100",110,256,"Ремонтный размер"
213,"F-00512","22*38.2*8","7V1","CNB1W11 ","фото ",">100",90,257,"!"
214,"F-00222","22*38.2*8","7V2","CNAW11 ","фото ",">100",80,258,"!"
215,"F-00221","22*38.2*8","7V2","CNAW11 ","фото ",">100",80,259,"!"
216,"F-00797","22*38.2*9","7V1","CNB1W11 ","фото ",">100",90,260,"!"
217,"F-00672","22*38.2*9","7V1","CNB1W11 ","фото ",">100",90,261,"!"
218,"F-00807","22*38.2*13/14 ","7V1PM","CNB5W11 ","фото ",">100",90,262,"!"
219,"F-00949","22*38.2*13/14 ","7V1PM","CNB5W11 ","фото ",">100",90,263,"!"
220,"F-00513","22*38.5*8","7V1","CNB1W11","фото ",">100",90,264,"!"
221,"F-00123","22*39.4*10/12.5","7V3","CNB7","фото ",">100",90,265,"!"
222,"F-00748","22.2*31.75*6/7.5","1РМ","TC4W7","фото ",">100",50,266,"!"
223,"F-00526","22.3*32.2*5/5.7 ","1РМ","TC4P","фото ",">100",50,267,"!"
224,"F-00739X","22.5*32.5*6/8","4V2","CNB3 ","фото ",">100",110,268,"Ремонтный размер"
225,"F-00440X","22.5*32.5*6/8","4V2","CNB3 ","фото ",">100",110,269,"Ремонтный размер"
226,"F-00018X","22.5*34.2/38*3.2/8","6V2","CNB2 ","фото ",">100",110,270,"Ремонтный размер"
227,"F-00035X","22.5*34.3/38*4.3/8","6V2","CNB2 ","фото ",">100",110,271,"Ремонтный размер"
228,"F-00441X","22.5*34.3/38*4.3/8","6V2","CNB2 ","фото ",">100",110,272,"Ремонтный размер"
229,"F-00642X","22.5*34.3/38*4.3/8","6V2","CNB2 ","фото ",">100",110,273,"Ремонтный размер"
230,"F-00016X","22.5*34.3/40*3.2/7.5","6V2","CNB2","фото ",">100",110,274,"Ремонтный размер"
231,"F-00034X","22.5*34.3/40*3.2/7.5","6V2","CNB2","фото ",">100",110,275,"Ремонтный размер"
232,"F-00024X","22.5*34.5*6.5","7V1","CNB1W11 ","фото ",">100",110,276,"Ремонтный размер"
233,"F-00396X","22.5*34.5*6.5","7V1","CNB1W11 ","фото ",">100",110,277,"Ремонтный размер"
234,"F-01179X","22.5*34.5*6.5","7V1","CNB1W11 ","фото ",">100",110,278,"Ремонтный размер"
235,"F-00402X","22.5*38*9","7V1","CNB1W11 ","фото ",">100",110,279,"Ремонтный размер"
236,"F-00499X","22.5*38*9","7V1","CNB1W11 ","фото ",">100",110,280,"Ремонтный размер"
237,"F-00225X","22.5*41*8","7V1","CNB1W11 ","фото ",">100",110,281,"Ремонтный размер"
238,"F-00292X","22.5*41*8.5","7V1","CNB1W11 ","фото ",">100",110,282,"Ремонтный размер"
239,"F-00926X","22.5*41*8.5","7V1","CNB1W11 ","фото ",">100",110,283,"Ремонтный размер"
240,"F-00901","22.8*33.5*6","7V2","CNB","фото ",">100",80,284,"!"
241,"F-00865","23*29.8*4.5","0M","SC","фото ",">100",50,285,"!"
242,"F-00019","23*29.8*4.5","0M","SC","фото ",">100",50,286,"!"
243,"F-00739","23*32.5*6/8","4V2","GNB3","фото ",">100",80,287,"!"
244,"F-00440","23*32.5*6/8","4V2","GNB3","фото ",">100",80,288,"!"
245,"FS-0009","23*33*5/5.5","1РМ","TG4P ","фото ",">100",50,289,"!"
246,"F-00028XX","23*33*8","7V1","CNB1W11","фото ",">100",110,290,"Ремонтный размер"
247,"F-00936","23*33.5*6","7V2","CNB","фото ",">100",80,291,"!"
248,"F-00097","23*34*6.5","0M"," SC4 ","фото ",">100",50,292,"!"
249,"F-00018","23*34.3/38*3.2/7.4","6V2","CNB2","фото ",">100",80,293,"!"
250,"F-00035","23*34.3/38*3.2/7.4","6V2","CNB2","фото ",">100",80,294,"!"
251,"F-00441","23*34.3/38*3.2/7.4","6V2","CNB2","фото ",">100",80,295,"!"
252,"F-00642","23*34.3/38*3.2/7.4","6V2","CNB2","фото ",">100",80,296,"!"
253,"F-00016","23*34.3/40.2*3.2/7.5","6V2","CNB2 ","фото ",">100",80,297,"!"
254,"F-00034","23*34.3/40.2*3.2/7.5","6V2","CNB2 ","фото ",">100",80,298,"!"
255,"F-00012","23*34.5*6.5","7V2","CNB","фото ",">100",80,299,"!"
256,"F-00024","23*34.5*6.5","7V2","CNB","фото ",">100",80,300,"!"
257,"F-00024M","23*34.5*8","7V1","CNB1W11 ","фото ",">100",90,301,"!"
258,"F-00396","23*34.5*6.5","7V2","CNB","фото ",">100",80,302,"!"
259,"F-00396M","23*34.5*8","7V1","CNB1W11 ","фото ",">100",90,303,"!"
260,"F-01179","23*34.5*6.5","7V2","CNB","фото ",">100",80,304,"!"
261,"F-01179M","23*34.5*8","7V1","CNB1W11 ","фото ",">100",90,305,"!"
262,"F-00916","23*35*6.5","1РМ","TC4","фото ",">100",50,306,"!"
263,"F-00194","23*35*6.5","1РМ","TC4","фото ",">100",50,307,"!"
264,"F-00360XX","23*36.5*8.5","7V1","CNB1W11","фото ",">100",110,308,"Ремонтный размер"
265,"F-00226XX","23*36.5*8.5","7V1","CNB1W11","фото ",">100",110,309,"Ремонтный размер"
266,"F-00226XX","23*36.5*8.5","7V2","CNB","фото ",">100",110,310,"Ремонтный размер"
267,"F-00223","23*37*8.5","7V2","CNB","фото ",">100",80,311,"!"
268,"F-00195","23*38*7","0M","SC4 ","фото ",">100",50,312,"!"
269,"F-00402","23*38*9","7V1","CNB1W11","фото ",">100",90,313,"!"
270,"F-00499","23*38*9","7V1","CNB1W11","фото ",">100",90,314,"!"
271,"F-00090XX","23*39*8.5","7V2","CNB","фото ",">100",110,315,"Ремонтный размер"
272,"F-00224","23*40*9","7V2","CNB","фото ",">100",80,316,"!"
273,"F-00292","23*41*8","7V2","CNB","фото ",">100",80,317,"!"
274,"F-00292M","23*41*8.5","7V1","CNB1W11","фото ",">100",90,318,"!"
275,"F-00926","23*41*8.5","7V1","CNB1W11","фото ",">100",90,319,"!"
276,"F-00225","23*41*8","7V2","CNB","фото ",">100",80,320,"!"
277,"F-00225M","23*41*8.5","7V1","CNB1W11","фото ",">100",90,321,"!"
278,"F-00079","23*48.5*7.5","7V2","CNB","фото ",">100",90,322,"!"
279,"F-00032","23.3*29.8*4.5","0M","SC","фото ",">100",50,323,"!"
280,"F-00036","23.3*29.8*4.5","0M","SC","фото ",">100",50,324,"!"
281,"F-00296","23.3*29.8*4/6.7","4V2","SC2","фото ",">100",50,325,"!"
282,"F-00118","23.35*29.8*4.5","0M","SC","фото ",">100",50,326,"!"
283,"F-00758","23.35*29.8*4.5","0M","SC","фото ",">100",50,327,"!"
284,"F-01065","23.35*29.8*4.5","0M","SC","фото ",">100",50,328,"!"
285,"F-00082","23.35*29.8*1.7/4.5","4V2","SC2","фото ",">100",50,329,"!"
286,"F-00086","23.35*29.8*4/6.7","4V2","SC2","фото ",">100",50,330,"!"
287,"F-00130","23.35*29.8*4/6.7","4V2","SC2","фото ",">100",50,331,"!"
288,"F-00590","23.35*37.5*5.5","0M","SC4 ","фото ",">100",50,332,"!"
289,"F-00820","23.5*32.5*5/5.5 ","1РМ","TG4P","фото ",">100",50,333,"!"
290,"F-00927","23.5*32.5*5/5.5 ","1РМ","TG4P","фото ",">100",50,334,"!"
291,"F-00837","23.5*32.5*5.3/6","1РМ","TC4P ","фото ",">100",50,335,"!"
292,"F-00028X ","23.5*33*7","7V1","CNB1W11 ","фото ",">100",110,336,"Ремонтный размер"
293,"F-00763","23.5*33.5*6","7V2","CNB","фото ",">100",80,337,"!"
294,"F-00285X","23.5*34*6","7V2G","CNB15","фото ",">100",110,338,"Ремонтный размер"
295,"F-00236X","23.5*34*7","7V1","CNB1W11","фото ",">100",110,339,"Ремонтный размер"
296,"F-00651X","23.5*35*8.5","7V1","CNB1W11 ","фото ",">100",110,340,"Ремонтный размер"
297,"F-00783X ","23.5*35*8.5","7V1","CNB1W11 ","фото ",">100",110,341,"Ремонтный размер"
298,"F-00831X","23.5*35*8.5","7V1","CNB1W11 ","фото ",">100",110,342,"Ремонтный размер"
299,"F-00198X","23.5*36*7","7V1","CNB1W11 ","фото ",">100",110,343,"Ремонтный размер"
300,"F-00601X","23.5*36/37*8.5/17.7 ","6V2MA","CNB10","фото ",">100",110,344,"Ремонтный размер"
301,"F-00476X","23.5*36/37*8.5/17.7 ","6V2MA","CNB10","фото ",">100",110,345,"Ремонтный размер"
302,"F-00445X","23.5*36/37*15/17","7V3","CNB7","фото ",">100",110,346,"Ремонтный размер"
303,"F-00360X","23.5*36.5*8","7V1","CNB1W11 ","фото ",">100",110,347,"Ремонтный размер"
304,"F-01021X","23.5*36.5*8","7V1","CNB1W11 ","фото ",">100",110,348,"Ремонтный размер"
305,"F-00226X","23.5*36.5*8","7V1","CNB1W11 ","фото ",">100",110,349,"Ремонтный размер"
306,"F-00833X","23.5*36.5*8","7V1","CNB1W11 ","фото ",">100",110,350,"Ремонтный размер"
307,"F-00966X","23.5*36.5*9/10","7V1PM","CNB5W11 ","фото ",">100",110,351,"Ремонтный размер"
308,"F-00095X","23.5*37*8.5","7V1","CNB1W11 ","фото ",">100",110,352,"Ремонтный размер"
309,"F-00652X","23.5*37*8.5","7V1","CNB1W11 ","фото ",">100",110,353,"Ремонтный размер"
310,"F-00933","23.5*37*8.5","7V1","CNB1W11 ","фото ",">100",110,354,"!"
311,"F-00830X","23.5*37*8.5","7V1","CNB1W11 ","фото ",">100",110,355,"Ремонтный размер"
312,"F-00121X","23.5*37*8.5","7V1","CNB1W11 ","фото ",">100",110,356,"Ремонтный размер"
313,"F-00077X","23.5*37*14.5/20","4A","SB2 ","фото ",">100",110,357,"Ремонтный размер"
314,"F-00612X","23.5*38*8","7V1","CNB1W11 ","фото ",">100",110,358,"Ремонтный размер"
315,"F-00829X","23.5*38*8","7V1","CNB1W11 ","фото ",">100",110,359,"Ремонтный размер"
316,"F-00238X ","23.5*38*12.5","7V1","CNB4W11","фото ",">100",110,360,"Ремонтный размер"
317,"F-00716X","23.5*38.2*8.5","7V1","CNB1W11 ","фото ",">100",110,361,"Ремонтный размер"
318,"F-00543X","23.5*38.2*8.5","7V1","CNB1W11 ","фото ",">100",110,362,"Ремонтный размер"
319,"F-01039X","23.5*38.2*8.5","7V1","CNB1W11 ","фото ",">100",110,363,"Ремонтный размер"
320,"F-00229X","23.5*38.2*8.5","7V1","CNB1W11 ","фото ",">100",110,364,"Ремонтный размер"
321,"F-01018X","23.5*38.5*9/10","7V1PM","CNB5W11 ","фото ",">100",110,365,"Ремонтный размер"
322,"F-01092X","23.5*39*8.5","7V1","CNB1W11 ","фото ",">100",110,366,"Ремонтный размер"
323,"F-00474X","23.5*39*8.5","7V1","CNB1W11 ","фото ",">100",110,367,"Ремонтный размер"
324,"F-00397X","23.5*39/44*8.5/16","7V2","CNB14 ","фото ",">100",110,368,"Ремонтный размер"
325,"F-01129X","23.5*39/44*8.5/20.5 ","7V2","CNB14 ","фото ",">100",110,369,"Ремонтный размер"
326,"F-00919X","23.5*39/44*8.5/20.5 ","7V2","CNB14 ","фото ",">100",110,370,"Ремонтный размер"
327,"F-00228X","23.5*40*8","7V2","CNB","фото ",">100",110,371,"Ремонтный размер"
328,"F-00230X","23.5*40*8.5","7V2","CNB","фото ",">100",110,372,"Ремонтный размер"
329,"F-00231X","23.5*41*8.5","7V1","CNB1W11 ","фото ",">100",110,373,"Ремонтный размер"
330,"F-00878X","23.5*41*8.5 ","7V2","CNBW11","фото ",">100",110,374,"Ремонтный размер"
331,"F-00917X","23.5*41*8.5","7V1","CNB1W11 ","фото ",">100",110,375,"Ремонтный размер"
332,"F-00232X","23.5*42*8.5","7V1","CNB1W11","фото ",">100",110,376,"Ремонтный размер"
333,"F-00233X","23.5*42*8.5","7V1","CNB1W11","фото ",">100",110,377,"Ремонтный размер"
334,"F-00407X","23.5*42*8.5","7V1","CNB1W11","фото ",">100",110,378,"Ремонтный размер"
335,"F-00426X","23.5*42*8.5","7V1","CNB1W11","фото ",">100",110,379,"Ремонтный размер"
336,"F-00965X","23.5*42.5*9/10","7V1PM","CNB11W11","фото ",">100",110,380,"Ремонтный размер"
337,"F-00234X","23.5*43*8.5","7V2","CNBW11 ","фото ",">100",110,381,"Ремонтный размер"
338,"F-00599X","23.5*43*8.5","7V1","CNB1W11 ","фото ",">100",110,382,"Ремонтный размер"
339,"FS-0008","23.5*48*8.5","7V1","CNB1W11","фото ",">100",110,383,"!"
340,"F-00941X","23.5*50*9","7V1","CNB1W11","фото ",">100",110,384,"Ремонтный размер"
341,"F-00089","24*33*5/5.5 ","1РМ","TG4P","фото ",">100",50,385,"!"
342,"F-00028 ","24*33*7","0M","SC4 ","фото ",">100",50,386,"!"
343,"F-00285","24*34*6","7V2G","CNB15","фото ",">100",90,387,"!"
344,"F-00236","24*34*7 ","7V2","CNB","фото ",">100",80,388,"!"
345,"FS-0011","24*35*8.5 ","7V2","CNBW11","фото ",">100",80,389,"!"
346,"F-00783","24*35*8.5 ","7V1","CNB1W11","фото ",">100",90,390,"!"
347,"F-00651","24*35*8.5 ","7V1","CNB1W11","фото ",">100",90,391,"!"
348,"F-00831","24*35*8.5 ","7V1","CNB1W11","фото ",">100",90,392,"!"
349,"F-00239","24*35*12 ","7V1","CNB4W11","фото ",">100",90,393,"!"
350,"F-00738","24*35/39*9/13.7","6V2","GNB26 ","фото ",">100",90,394,"!"
351,"F-00198","24*36*7 ","7V2","CNB","фото ",">100",80,395,"!"
352,"F-00295","24*36*7 ","1РМ","TC4","фото ",">100",50,396,"!"
353,"F-00496","24*36*7 ","1РМ","TC4","фото ",">100",50,397,"!"
354,"F-00476","24*36/37*8.5/17.7","6V2MA","CNB10","фото ",">100",90,398,"!"
355,"F-00601","24*36/37*8.5/17.7","6V2MA","CNB10","фото ",">100",90,399,"!"
356,"F-00237","24*36.2*8 ","7V2","CNB","фото ",">100",80,400,"!"
357,"F-00360","24*36.5*7.5 ","7V1","CNB1W11","фото ",">100",90,401,"!"
358,"F-01021","24*36.5*7.5 ","7V1","GNB1W11","фото ",">100",90,402,"!"
359,"F-00226","24*36.5*8 ","7V2","CNA","фото ",">100",80,403,"!"
360,"F-00226M","24*36.5*8.5","7V1","CNB1W11","фото ",">100",90,404,"!"
361,"F-00833","24*36.5*8.5","7V1","CNB1W11","фото ",">100",90,405,"!"
362,"F-00966","24*36.5*9/10 ","7V1PM","CNB11W11","фото ",">100",90,406,"!"
363,"F-00287","24*36.5*12","7V2","CNB4W11","фото ",">100",90,407,"!"
364,"F-01158","24*37*7","0M","SGN1 ","фото ",">100",50,408,"!"
365,"F-00048","24*37*7","0M","SGN1 ","фото ",">100",50,409,"!"
366,"F-00095","24*37*8 ","7V2","CNA","фото ",">100",80,410,"!"
367,"F-00095M","24*37*8","7V1","CNB1W11","фото ",">100",90,411,"!"
368,"F-00830","24*37*8","7V1","CNB1W11","фото ",">100",90,412,"!"
369,"F-00652","24*37*8","7V1","CNB1W11","фото ",">100",90,413,"!"
370,"F-00121","24*37*8.5 ","7V2","CNA","фото ",">100",80,414,"!"
371,"F-00077","24*37*14.5/20 ","4A","SB2 ","фото ",">100",90,415,"!"
372,"F-00445","24*37*15/17","7V3","CNB7","фото ",">100",90,416,"!"
373,"F-00243XX","24*37.6*6.5","7V1","CNB1W11","фото ",">100",110,417,"Ремонтный размер"
374,"F-00014XX","24*37.6*6.5","7V1","CNB1W11","фото ",">100",110,418,"Ремонтный размер"
375,"F-00038XX","24*37.6*6.5","7V1","CNB1W11","фото ",">100",110,419,"Ремонтный размер"
376,"F-00227","24*37.6*6.5","7V1","CNB1W11","фото ",">100",110,420,"!"
377,"F-00911XX","24*37.7/41.3*4.2/7.4","6V2","CNB2","фото ",">100",110,421,"Ремонтный размер"
378,"F-00485XX","24*37.7/41.3*4.2/7.4","6V2","CNB2","фото ",">100",110,422,"Ремонтный размер"
379,"F-00015XX","24*37.7/41.3*4.2/7.4","6V2","CNB2","фото ",">100",110,423,"Ремонтный размер"
380,"F-00764XX","24*37.7/41.3*4.2/7.4","6V2","CNB2","фото ",">100",110,424,"Ремонтный размер"
381,"F-00369XX","24*37.7/41.3*4.2/7.4","6V2","CNB2","фото ",">100",110,425,"Ремонтный размер"
382,"F-00467XX","24*37.7/41.3*4.2/7.4","6V2","CNB2","фото ",">100",110,426,"Ремонтный размер"
383,"F-00023XX","24*37.7/41.3*4.2/7.4","6V2","CNB2","фото ",">100",110,427,"Ремонтный размер"
384,"F-00387","24*38*7 ","0M","SG4P","фото ",">100",50,428,"!"
385,"F-00387M","24*38*7 ","0M","SCH4","фото ",">100",50,429,"!"
386,"F-00612","24*38*8","7V1","CNB1W11 ","фото ",">100",90,430,"!"
387,"FS-0012","24*38*10.5","7V2","CNB","фото ",">100",80,431,"!"
388,"F-00238 ","24*38*12.5","7V1","CNB4W11 ","фото ",">100",90,432,"!"
389,"F-00829","24*38.2*8","7V1","CNB1W11 ","фото ",">100",90,433,"!"
390,"F-00716","24*38.2*8","7V1","CNB1W11 ","фото ",">100",90,434,"!"
391,"F-00543","24*38.2*8","7V1","CNB1W11","фото ",">100",90,435,"!"
392,"F-01039","24*38.2*8","7V1","CNB1W11","фото ",">100",90,436,"!"
393,"F-00229","24*38.2*8","7V1","CNB1W11","фото ",">100",90,437,"!"
394,"F-01018","24*38.5*9/10 ","7V1PM","CNB11W11","фото ",">100",90,438,"!"
395,"F-00488XX","24*38.5/45*4/10","6V2","GNB2","фото ",">100",110,439,"Ремонтный размер"
396,"F-01092","24*39*8.5 ","7V2","CNA","фото ",">100",80,440,"!"
397,"F-01092M","24*39*8.5 ","7V1","CNB1W11","фото ",">100",90,441,"!"
398,"F-00474","24*39*8.5 ","7V1","CNB1W11","фото ",">100",90,442,"!"
399,"F-00090","24*39*8.5","7V2","CNA","фото ",">100",80,443,"!"
400,"F-00090M","24*39*8.5 ","7V1","CNB1W11","фото ",">100",90,444,"!"
401,"F-00397","24*39*8.5/16.5","7V2","CNB14","фото ",">100",80,445,"!"
402,"F-01129","24*39/44*8.5/20.5","7V2","CNB14","фото ",">100",90,446,"!"
403,"F-00919","24*39/44*8.5/20.5","7V2","CNB14","фото ",">100",90,447,"!"
404,"F-00717","24*39.5*7","7V1","CNB1W11 ","фото ",">100",90,448,"!"
405,"F-01009","24*40*8","7V1","CNB1W11","фото ",">100",90,449,"!"
406,"F-00228","24*40*8","7V1","CNB1W11","фото ",">100",90,450,"!"
407,"F-00240","24*40*8","7V1","CNB1W11","фото ",">100",90,451,"!"
408,"F-00668","24*40*8","7V1","CNB1W11","фото ",">100",90,452,"!"
409,"F-00983","24*40*8","7V1","CNB1W11","фото ",">100",90,453,"!"
410,"F-00230","24*40*8 ","7V2","CNB","фото ",">100",80,454,"!"
411,"F-00230M","24*40*8","7V1","CNB1W11","фото ",">100",90,455,"!"
412,"F-01117","24*40.3*9/10","7V1P ","CNB11W11","фото ",">100",90,456,"!"
413,"F-00291","24*41*12.5 ","7V1","CNB1W11","фото ",">100",90,457,"!"
414,"F-00231","24*41*8.5 ","7V1","CNA1","фото ",">100",90,458,"!"
415,"F-00515","24*41*8.5 ","7V2","CNBW11","фото ",">100",80,459,"!"
416,"F-00515M","24*41*8.5 ","7V1","CNA1","фото ",">100",90,460,"!"
417,"F-00878","24*41*8.5 ","7V1","CNA1","фото ",">100",90,461,"!"
418,"F-00917","24*41*8.5 ","7V1","CNA1","фото ",">100",90,462,"!"
419,"F-00233","24*42*8","7V1","CNB1W11","фото ",">100",90,463,"!"
420,"F-00407","24*42*8","7V1","CNB1W11","фото ",">100",90,464,"!"
421,"F-00426","24*42*8","7V1","CNB1W11","фото ",">100",90,465,"!"
422,"F-00232","24*42*8","7V1","CNB1W11","фото ",">100",90,466,"!"
423,"F-00818","24*42.5*8.5","7V1","CNB1W11","фото ",">100",90,467,"!"
424,"F-00965","24*42.5*9/10","7V1PM","CNB11W11","фото ",">100",90,468,"!"
425,"F-00171","24*42.5*13/14","7V1PM","CNB5W11","фото ",">100",90,469,"!"
426,"F-00234","24*43*7","7V1","CNB1W11","фото ",">100",90,470,"!"
427,"F-00099","24*43*8.5 ","1РМ","TZ4","фото ",">100",50,471,"!"
428,"F-00599","24*43*8.5 ","7V1","CNB1","фото ",">100",90,472,"!"
429,"FS-0013","24*43*13","7V1","CNB1W11","фото ",">100",90,473,"!"
430,"FS-0014","24*44*8","7V2","CNB","фото ",">100",80,474,"!"
431,"F-01096","24*45*12.5","7V1","CNB1W11","фото ",">100",90,475,"!"
432,"F-01099","24*46*8","7V1","CNB1W11","фото ",">100",90,476,"!"
433,"F-00941","24*50*9","7V1","CNB1W11 ","фото ",">100",90,477,"!"
434,"F-00072X","24.5*33/37.5*6.7/8","6V3","CNB16 ","фото ",">100",110,478,"Ремонтный размер"
435,"F-00135X","24.5*35*4/6.5","4V2","CNB3","фото ",">100",110,479,"Ремонтный размер"
436,"F-00724X","24.5*35*4/6.5","4V2","CNB3","фото ",">100",110,480,"Ремонтный размер"
437,"F-00406X","24.5*35*4/6.5","4V2","CNB3","фото ",">100",110,481,"Ремонтный размер"
438,"F-00107X","24.5*35/40*1.7/10","6V3","CNB16","фото ",">100",110,482,"Ремонтный размер"
439,"F-00423X","24.5*36*8.5","7V1","CNB1W11 ","фото ",">100",110,483,"Ремонтный размер"
440,"FS-0010","24.5*36.5*7.5","7V2","CNB","фото ",">100",80,484,"!"
441,"F-00071X","24.5*37*7","7V1","CNB1W11 ","фото ",">100",110,485,"Ремонтный размер"
442,"F-00713X","24.5*37*7","7V1","CNB1W11 ","фото ",">100",110,486,"Ремонтный размер"
443,"F-00243X","24.5*37.54*7.5 ","7V1","CNB1W11","фото ",">100",110,487,"Ремонтный размер"
444,"F-00014X","24.5*37.54*7.5 ","7V1","CNB1W11","фото ",">100",110,488,"Ремонтный размер"
445,"F-00038X","24.5*37.54*7.5 ","7V1","CNB1W11","фото ",">100",110,489,"Ремонтный размер"
446,"F-00911X","24.5*37.54/41.24*4.2/7.4 ","6V2","CNB2","фото ",">100",110,490,"Ремонтный размер"
447,"F-00485X","24.5*37.54/41.24*4.2/7.4 ","6V2","CNB2","фото ",">100",110,491,"Ремонтный размер"
448,"F-00015X","24.5*37.54/41.24*4.2/7.4 ","6V2","CNB2","фото ",">100",110,492,"Ремонтный размер"
449,"F-00764X","24.5*37.54/41.24*4.2/7.4 ","6V2","CNB2","фото ",">100",110,493,"Ремонтный размер"
450,"F-00369X","24.5*37.54/41.24*4.2/7.4 ","6V2","CNB2","фото ",">100",110,494,"Ремонтный размер"
451,"F-00467X","24.5*37.54/41.24*4.2/7.4 ","6V2","CNB2","фото ",">100",110,495,"Ремонтный размер"
452,"F-00023X","24.5*37.54/41.24*4.2/7.4 ","6V2","CNB2","фото ",">100",110,496,"Ремонтный размер"
453,"F-00448X","24.5*38*7 ","7V1","CNB1W11","фото ",">100",110,497,"Ремонтный размер"
454,"F-00281X","24.5*38*7 ","7V1","CNB1W11","фото ",">100",110,498,"Ремонтный размер"
455,"F-00070X","24.5*38*7 ","7V1","CNB1W11","фото ",">100",110,499,"Ремонтный размер"
456,"F-00488X","24.5*38.5/45*4/10","6V2","GNB2W11 ","фото ",">100",110,500,"Ремонтный размер"
457,"F-00129X","24.5*39.3*10/12.6","7V3","CNB7","фото ",">100",110,501,"Ремонтный размер"
458,"F-00246X","24.5*39.3*10/12.6","7V3","CNB7","фото ",">100",110,502,"Ремонтный размер"
459,"F-00094X","24.5*39.5*8.5","7V1","CNB1W11 ","фото ",">100",110,503,"Ремонтный размер"
460,"F-00935X","24.5*40*8","7V1","CNB1W11 ","фото ",">100",110,504,"Ремонтный размер"
461,"F-00106X","24.5*40*8","7V1","CNB1W11 ","фото ",">100",110,505,"Ремонтный размер"
462,"F-00288X","24.5*41*8","7V1","CNB1W11 ","фото ",">100",110,506,"Ремонтный размер"
463,"F-00669X","24.5*41*9","7V1","CNB1W11 ","фото ",">100",110,507,"Ремонтный размер"
464,"F-00534X","24.5*41.5*7.5 ","7V1","CNB1W11","фото ",">100",110,508,"Ремонтный размер"
465,"F-00120X","24.5*42.5*12","7V3","GNB7","фото ",">100",110,509,"Ремонтный размер"
466,"F-00293X","24.5*43*9","7V1"," CNB1W11 ","фото ",">100",110,510,"Ремонтный размер"
467,"F-00241X","24.5*43*9","7V1"," CNB1W11 ","фото ",">100",110,511,"Ремонтный размер"
468,"F-00518X","24.5*43*9","7V1"," CNB1W11 ","фото ",">100",110,512,"Ремонтный размер"
469,"F-00714X","24.5*43*9","7V1"," CNB1W11 ","фото ",">100",110,513,"Ремонтный размер"
470,"F-00377X","24.5*44*9","7V1"," CNB1W11 ","фото ",">100",110,514,"Ремонтный размер"
471,"F-00242X","24.5*48*10","7V1"," CNB1W11 ","фото ",">100",110,515,"Ремонтный размер"
472,"F-00243X1","24.7*37.7*6.5 ","7V1","CNB1W11","фото ",">100",110,516,"Ремонтный размер"
473,"F-00014X1","24.7*37.7*6.5 ","7V1","CNB1W11","фото ",">100",110,517,"Ремонтный размер"
474,"F-00038X1","24.7*37.7*6.5 ","7V1","CNB1W11","фото ",">100",110,518,"Ремонтный размер"
475,"F-00014","24.97*37.54*7","7V2","CNB","фото ",">100",80,519,"!"
476,"F-00014M","24.97*37.54*7","7V1","CNB1W11","фото ",">100",90,520,"!"
477,"F-00038","24.97*37.54*7","7V2","CNB","фото ",">100",80,521,"!"
478,"F-00038M","24.97*37.54*7","7V1","CNB1W11","фото ",">100",90,522,"!"
479,"F-00015","24.97*37.54/41.24*4.2/7.4","6V2","CNB2 ","фото ",">100",80,523,"!"
480,"F-00911","24.97*37.54/41.24*4.2/7.4","6V2","CNB2 ","фото ",">100",80,524,"!"
481,"F-00764","24.97*37.54/41.24*4.2/7.4","6V2","CNB2 ","фото ",">100",80,525,"!"
482,"F-00072","25*33/37.5*6.7/8","6V3","CNB16T","фото ",">100",90,526,"!"
483,"F-00613","25*33/37.5*6.7/8","6V2","CNB16","фото ",">100",80,527,"!"
484,"F-00301","25*34*5","0M","SGN2W11","фото ",">100",50,528,"!"
485,"F-00312","25*34*5","0M","SGN2W11","фото ",">100",50,529,"!"
486,"F-00311","25*34*6/6.5","1РМ","TG4P","фото ",">100",50,530,"!"
487,"F-00196","25*34*7","0M","SG4 ","фото ",">100",50,531,"!"
488,"F-00422","25*34*7","0M","SG4P ","фото ",">100",50,532,"!"
489,"F-00135","25*35*4/6.5","4V2","CNB3","фото ",">100",80,533,"!"
490,"F-00406","25*35*4/6.5","4V2","CNB3","фото ",">100",80,534,"!"
491,"F-00724","25*35*4/6.5","4V2","CNB3","фото ",">100",80,535,"!"
492,"F-00696","25*35*6","1РМ","TCN1","фото ",">100",50,536,"!"
493,"F-00009","25*35*6.9/7 ","1РМ","TGN11","фото ",">100",50,537,"!"
494,"F-00199","25*35*7 ","0M","SC4","фото ",">100",50,538,"!"
495,"F-00509","25*35*8 ","0M2","DC","фото ",">100",80,539,"!"
496,"F-00245M","25*35*8","7V1","CNB1W11","фото ",">100",90,540,"!"
497,"F-00245","25*35*8 ","7V2","CNB","фото ",">100",80,541,"!"
498,"F-00631","25*35*8 ","0M2","DC","фото ",">100",80,542,"!"
499,"F-00107","25*35/40*1.7/10","6V2","CNB16","фото ",">100",90,543,"!"
500,"F-00530","25*36*5/5.5","1РМ","TC4P","фото ",">100",50,544,"!"
501,"F-00423","25*36*8","7V2","CNB8","фото ",">100",80,545,"!"
502,"FS-0018","25*36/41*3/9","6V2","GNB2","фото ",">100",90,546,"!"
503,"F-00071 ","25*37*7","7V2","CNB","фото ",">100",80,547,"!"
504,"F-00071M ","25*37*7","7V1","CNB1W11 ","фото ",">100",90,548,"!"
505,"F-01166","25*37*9 ","7V1","CNB1W11","фото ",">100",90,549,"!"
506,"F-00713","25*37*9 ","7V1","CNB1W11","фото ",">100",90,550,"!"
507,"F-00093","25*37*9   ","7V1","CNB1W11 ","фото ",">100",90,551,"!"
508,"F-00243","25*37.54*7","7V2","CNB","фото ",">100",80,552,"!"
509,"F-00243M","25*37.54*7","7V1","CNB1W11","фото ",">100",90,553,"!"
510,"F-00844","25*37.54*7","7V1","CNB1W11","фото ",">100",90,554,"!"
511,"F-01222 ","25*37.54/41.24*4.5/9.5","6V1","CNB2W11 ","фото ",">100",90,555,"!"
512,"F-01042","25*37.54/41.24*4.5/9.5","6V1","CNB2W11 ","фото ",">100",90,556,"!"
513,"F-00485","25*37.54/41.24*4.2/7.4","6V2","CNB2 ","фото ",">100",80,557,"!"
514,"F-00369","25*37.54/41.24*4.2/7.4","6V2","CNB2 ","фото ",">100",80,558,"!"
515,"F-00467","25*37.54/41.24*4.2/7.4","6V2","CNB2 ","фото ",">100",80,559,"!"
516,"F-00023","25*37.54/41.24*4.2/7.4","6V2","CNB2 ","фото ",">100",80,560,"!"
517,"F-00653","25*37.8*6.5","7V1","CNB1W11","фото ",">100",90,561,"!"
518,"F-01175","25*37.8*6.5    ","7V1","CNB1W11","фото ",">100",90,562,"!"
519,"F-00448","25*38*6.3","7V1","CNB1W11","фото ",">100",90,563,"!"
520,"F-00070","25*38*7.3 ","7V2","CNB","фото ",">100",80,564,"!"
521,"F-00070M","25*38*6.3 ","7V1","CNB1W11","фото ",">100",90,565,"!"
522,"F-00031","25*38*7","0M","SC","фото ",">100",50,566,"!"
523,"F-00096","25*38*7/8","1РМ","TC4","фото ",">100",50,567,"!"
524,"F-01173","25*38*7/8","1PM","TC4","фото ",">100",50,568,"!"
525,"F-01046","25*38*7.3 ","7V2","CNB","фото ",">100",80,569,"!"
526,"F-00281","25*38*8.5 ","7V2","CNB","фото ",">100",80,570,"!"
527,"F-00244","25*38*8.5 ","7V2","CNB","фото ",">100",80,571,"!"
528,"F-00126","25*38*10/12.5","7V3","CNB7","фото ",">100",90,572,"!"
529,"FS-0019","25*38/43*3/9","6V2","GNB2","фото ",">100",90,573,"!"
530,"F-00527","25*38.2*10","7V1","GNB1W11","фото ",">100",90,574,"!"
531,"F-00604","25*38.5/44.2*7/12.5","6V2","CNB2W11","фото ",">100",90,575,"!"
532,"F-00488","25*38.5/45*4/10","6V2","GNB2W11","фото ",">100",90,576,"!"
533,"F-00129","25*39.3*10/12.6","7V3","GNB7W11 ","фото ",">100",90,577,"!"
534,"F-00246","25*39.3*10/12.6","7V3","GNB7W11 ","фото ",">100",90,578,"!"
535,"F-00658","25*39.3*10/12.6","7V3","GNB7W11 ","фото ",">100",90,579,"!"
536,"F-00524X","25*39.5*8","7V1","CNB1W11 ","фото ",">100",90,580,"Ремонтный размер"
537,"F-00094","25*39.5*8.5","7V2","CNB","фото ",">100",80,581,
538,"F-00094M","25*39.5*8","7V1","CNB1W11 ","фото ",">100",90,582,
539,"F-00935","25*40*8.5","7V1","CNB1W11","фото ",">100",90,583,
540,"F-00106","25*40*8.5","7V2","CNB","фото ",">100",80,584,
541,"F-00731","25*40*10","0M2","DC","фото ",">100",90,585,
542,"F-00819","25*40*10","0M2","DC","фото ",">100",90,586,
543,"FS-0021","25*41*7.5 ","7V2","GNBW11","фото ",">100",80,587,
544,"F-00288","25*41*8","7V2","CNB","фото ",">100",80,588,
545,"F-00288M","25*41*8.5 ","7V1","CNB1W11","фото ",">100",90,589,
546,"F-00253X","25*41*8.5 ","7V1","CNB1W11","фото ",">100",90,590,"Ремонтный размер"
547,"F-00669","25*41*9  ","7V1","CNB1W11","фото ",">100",90,591,
548,"F-00534","25*41.5*7.5 ","7V2","GNBW11","фото ",">100",80,592,
549,"F-00534M","25*41.5*8","7V1","CNB1W11","фото ",">100",90,593,
550,"F-00200","25*42*6.4/6.8","1PM","TC4P","фото ",">100",90,594,
551,"F-00411","25*42*8.5","7V1","CNB1W11","фото ",">100",90,595,
552,"F-00120","25*42.5*12.5","7V3","CNB7","фото ",">100",90,596,
553,"FS-0022","25*42.5*8","7V2","CNB","фото ",">100",80,597,
554,"F-00661","25*42.5*12.5","7V3","CNB7","фото ",">100",90,598,
555,"F-00661M","25*42.5*12.5","7V1","CNB1W11","фото ",">100",90,599,
556,"F-00293","25*43*9 ","7V2","CNB","фото ",">100",80,600,
557,"F-00518","25*43*9 ","7V2","CNB","фото ",">100",80,601,
558,"F-00518M","25*43*9 ","7V1","CNB1W11","фото ",">100",90,602,
559,"F-00241","25*43*9 ","7V2","CNB","фото ",">100",80,603,
560,"F-00241M","25*43*9 ","7V1","CNB1W11","фото ",">100",90,604,
561,"F-00714","25*43*9 ","7V1","CNB1W11","фото ",">100",90,605,
562,"F-00247X","25*44*8.5 ","7V2","CNBW11","фото ",">100",90,606,"Ремонтный размер"
563,"F-00377 ","25*44*8.5","7V1","CNB1W11","фото ",">100",90,607,
564,"F-00282","25*45*8","7V2","CNB","фото ",">100",80,608,
565,"F-00808","25*45*10/11.5","7V1PM","CNB11W11","фото ",">100",90,609,
566,"F-00860","25*45*10/11.5","7V1PM","CNB11W11","фото ",">100",90,610,
567,"F-00788","25*47*7 ","0M","SC","фото ",">100",50,611,
568,"F-00242","25*48*10","7V1","CNB1W11 ","фото ",">100",90,612,
569,"F-00826XX","25*50*8.5","7V1","CNB1W11","фото ",">100",110,613,"Ремонтный размер"
570,"F-00025X","25.5*35*7","7V1","CNB1 ","фото ",">100",110,614,"Ремонтный размер"
571,"F-00541X","25.5*38*8.5","7V2","CNB","фото ",">100",110,615,"Ремонтный размер"
572,"F-00261X","25.5*38*8.5","7V2","CNB","фото ",">100",110,616,"Ремонтный размер"
573,"F-00923X","25.5*38*8.5","7V1","CNB1W11 ","фото ",">100",110,617,"Ремонтный размер"
574,"F-00371X","25.5*38*8.5","7V2","CNB","фото ",">100",110,618,"Ремонтный размер"
575,"F-01170X","25.5*38*8.5","7V1","CNB1W11 ","фото ",">100",110,619,"Ремонтный размер"
576,"F-00373X","25.5*38*12","7V1","CNB4W11 ","фото ",">100",110,620,"Ремонтный размер"
577,"F-00535X","25.5*38/40*8.5/17.7","6V2MA","CNB10 ","фото ",">100",110,621,"Ремонтный размер"
578,"F-00251","25.5*38.5*8.5","7V2","GNB","фото ",">100",80,622,
579,"F-00399","25.5*38.5*8.5","7V2","GNB","фото ",">100",80,623,
580,"F-00524","25.5*39.5*9","7V1","CNB1W11","фото ",">100",90,624,
581,"F-00380X","25.5*40*8.5","7V1","CNB1W11 ","фото ",">100",110,625,"Ремонтный размер"
582,"F-00262X","25.5*41*8.5","7V2","CNB","фото ",">100",110,626,"Ремонтный размер"
583,"F-00592X","25.5*41*8.5","7V1","CNB1W11 ","фото ",">100",110,627,"Ремонтный размер"
584,"F-00253","25.5*41*8.5","7V2","CNB","фото ",">100",110,628,
585,"F-00253M","25.5*41*8.5","7V1","CNB1W11 ","фото ",">100",110,629,"Ремонтный размер"
586,"FS-0015","25.5*41.5*8.5","7V2","CNB","фото ",">100",80,630,
587,"F-00934X","25.5*42*8.5","7V1","CNB1W11 ","фото ",">100",110,631,"Ремонтный размер"
588,"F-01107X","25.5*42*8.5","7V1","CNB1W11 ","фото ",">100",110,632,"Ремонтный размер"
589,"F-00254","25.5*42*9","7V2","CNB","фото ",">100",80,633,
590,"F-00254M","25.5*42*8.5","7V1","CNB1W11 ","фото ",">100",110,634,
591,"F-00401X","25.5*42.5*8","7V1","GNB1W11","фото ",">100",90,635,"Ремонтный размер"
592,"F-00255","25.5*42.5*8","7V2","CNB","фото ",">100",80,636,
593,"F-00255M","25.5*42.5*8","7V1","GNB1W11","фото ",">100",90,637,
594,"F-00447X","25.5*42.5*8","7V1","GNB1W11","фото ",">100",90,638,"Ремонтный размер"
595,"F-01044","25.5*42.5*8","7V1","GNB1W11","фото ",">100",90,639,
596,"FS-0016","25.5*42.5*13/14","7V1PM","CNB5W11","фото ",">100",110,640,"Ремонтный размер"
597,"F-00952X","25.5*43*8","7V1","CNB1W11 ","фото ",">100",110,641,"Ремонтный размер"
598,"F-00475X","25.5*43*8","7V1","CNB1W11 ","фото ",">100",110,642,"Ремонтный размер"
599,"F-00542X","25.5*43*8","7V2","CNB","фото ",">100",110,643,"Ремонтный размер"
600,"F-00813X","25.5*44*8.5","7V1","CNB1W11 ","фото ",">100",110,644,"Ремонтный размер"
601,"F-00994X","25.5*44*8.5","7V1","CNB1W11 ","фото ",">100",110,645,"Ремонтный размер"
602,"F-01138X","25.5*44*8.5","7V1","CNB1W11 ","фото ",">100",110,646,"Ремонтный размер"
603,"F-00501X","25.5*44*8.5","7V1","CNB1W11 ","фото ",">100",110,647,"Ремонтный размер"
604,"F-00544X","25.5*44*8.5","7V1","CNB1W11 ","фото ",">100",110,648,"Ремонтный размер"
605,"FS-0017","25.5*44.5*8.5","7V2","CNB","фото ",">100",80,649,
606,"F-00259X","25.5*45*8","7V2","CNB","фото ",">100",110,650,"Ремонтный размер"
607,"F-00832X","25.5*45*8","7V1","CNB1W11","фото ",">100",110,651,"Ремонтный размер"
608,"F-00780X","25.5*45.5*8.5","7V1","CNB1W11","фото ",">100",110,652,"Ремонтный размер"
609,"F-00400X","25.5*46*8","7V1","CNB1W11","фото ",">100",110,653,"Ремонтный размер"
610,"F-01176X","25.5*46*8","7V1","CNB1W11","фото ",">100",110,654,"Ремонтный размер"
611,"F-00881X","25.5*46*8","7V1","CNB1W11","фото ",">100",110,655,"Ремонтный размер"
612,"F-00930X","25.5*47*8.5","7V1","CNB1W11 ","фото ",">100",110,656,"Ремонтный размер"
613,"F-00990X","25.5*47*8.5","7V1","CNB1W11 ","фото ",">100",110,657,"Ремонтный размер"
614,"F-01019X","25.5*48*8.5","7V1","CNB1W11 ","фото ",">100",110,658,"Ремонтный размер"
615,"F-01154X","25.5*48*8.5","7V1","CNB1W11 ","фото ",">100",110,659,"Ремонтный размер"
616,"F-00826X","25.5*50*8.5","7V1","CNB1W11 ","фото ",">100",110,660,"Ремонтный размер"
617,"F-00131","25.6*33.4*5.5/8.5","13P","TCY","фото ",">100",80,661,
618,"F-00141","25.7*35.5*7/8","1РМ","TCN4","фото ",">100",50,662,
619,"F-00520","26*34*4.5/7","1РМ","TC10","фото ",">100",50,663,
620,"F-00339","26*35*4/8","4V2","SC2","фото ",">100",80,664,
621,"F-00309","26*35*6","1РМ","TC4P","фото ",">100",50,665,
622,"F-00025","26*35*7","0M","SC4","фото ",">100",50,666,
623,"F-00483","26*35*7","0M","SC4","фото ",">100",50,667,
624,"F-00303","26*35.5*6.8/7.3 ","1РМ","TG4P","фото ",">100",50,668,
625,"F-00675","26*37*7 ","0M","SGN1","фото ",">100",50,669,
626,"F-00047","26*37*7 ","0M","SGN1","фото ",">100",50,670,
627,"F-00490","26*37*7 ","0M","SGN1","фото ",">100",50,671,
628,"F-00124","26*37*7 ","0M","SGN1","фото ",">100",50,672,
629,"F-00206","26*38*6.5 ","0M","SC4","фото ",">100",50,673,
630,"F-00541","26*38*8.5 ","7V1","CNBW11","фото ",">100",80,674,
631,"F-00923","26*38*8.5","7V1","CNB1W11","фото ",">100",90,675,
632,"F-00261","26*38*8.5 ","7V2","CNBW11","фото ",">100",80,676,
633,"F-00261M","26*38*8.5","7V1","CNB1W11","фото ",">100",90,677,
634,"F-00371","26*38*8.5 ","7V2","CNBW11","фото ",">100",80,678,
635,"F-00371M","26*38*8.5","7V1","CNB1W11","фото ",">100",90,679,
636,"F-01170","26*38*8.5","7V1","CNB1W11","фото ",">100",90,680,
637,"F-00545","26*38*8.5 ","7V2","CNBW11","фото ",">100",80,681,
638,"F-00545M","26*38*8.5","7V1","CNB1W11","фото ",">100",90,682,
639,"F-00812","26*38*9.5/10.5","7V1PM","CNB6","фото ",">100",90,683,
640,"F-00373","26*38*12","7V2","CNB4W11","фото ",">100",90,684,
641,"F-00535","26*38/40*8.5/17.7 ","6V2MA","CNB10","фото ",">100",90,685,
642,"F-00694","26*39.5*8.5","7V1","CNB1W11 ","фото ",">100",90,686,
643,"F-00380","26*40*8.5","7V1","CNB1W11 ","фото ",">100",90,687,
644,"F-01141","26*40.5*9/10","7V1PM","CNB11W11 ","фото ",">100",90,688,
645,"F-00262","26*41*8.5 ","7V2","CNB","фото ",">100",80,689,
646,"F-00262M","26*41*8.5 ","7V1","CNB1W11","фото ",">100",90,690,
647,"F-00592","26*41*8.5 ","7V1","CNB1W11","фото ",">100",90,691,
648,"F-00258","26*41*12.5","7V2","CNB4W11","фото ",">100",90,692,
649,"F-00583","26*41.5*8.5","7V1","CNB1W11 ","фото ",">100",90,693,
650,"F-00695","26*41.5*8.5","7V1","CNB1W11 ","фото ",">100",90,694,
651,"F-00934","26*42*8","7V1","CNB1W11","фото ",">100",90,695,
652,"F-01107","26*42*8","7V1","CNB1W11","фото ",">100",90,696,
653,"F-00401","26*42.5*8.5","7V1","CNB1W11","фото ",">100",90,697,
654,"F-00447","26*42.5*8.5","7V1","CNB1W11","фото ",">100",90,698,
655,"FS-0024","26*42.5*13/14","7V1PM","CNB5W11 ","фото ",">100",90,699,
656,"F-00952","26*43*8.5 ","7V1","CNB1W11 ","фото ",">100",90,700,
657,"F-00475","26*43*8.5 ","7V1","CNB1W11 ","фото ",">100",90,701,
658,"F-00542","26*43*8","7V2","CNB","фото ",">100",80,702,
659,"F-00542M","26*43*8.5 ","7V1","CNB1W11 ","фото ",">100",90,703,
660,"F-00257","26*43*12.5","7V2","CNB4W11","фото ",">100",90,704,
661,"F-00501","26*44*8 ","7V1","CNB1W11","фото ",">100",90,705,
662,"F-00544","26*44*8 ","7V1","CNB1W11","фото ",">100",90,706,
663,"F-01138","26*44*8 ","7V1","CNB1W11","фото ",">100",90,707,
664,"F-00683X","26*44*8 ","7V1","CNB1W11","фото ",">100",90,708,"Ремонтный размер"
665,"F-00922X","26*44*8 ","7V1","CNB1W11","фото ",">100",90,709,"Ремонтный размер"
666,"F-00994","26*44*9/10","7V1PM","CNB11W11 ","фото ",">100",90,710,
667,"F-00813","26*44*9/10","7V1PM","CNB11W11 ","фото ",">100",90,711,
668,"FS-0025","26*44.5*8.5 ","7V1","CNB1W11","фото ",">100",90,712,
669,"F-00259 ","26*45*7","7V2","CNB","фото ",">100",80,713,
670,"F-00259M ","26*45*8.5","7V1","CNB1W11","фото ",">100",90,714,
671,"F-00376","26*45*8.5","7V1","CNB1W11","фото ",">100",90,715,
672,"F-00832","26*45*8.5","7V1","CNB1W11","фото ",">100",90,716,
673,"F-00780","26*45.5*8.5","7V1","CNB1W11","фото ",">100",90,717,
674,"F-00400","26*46*8","7V1","CNB1W11","фото ",">100",90,718,
675,"F-00881","26*46*8","7V1","CNB1W11","фото ",">100",90,719,
676,"F-01176","26*46*8","7V1","CNB1W11","фото ",">100",90,720,
677,"F-00930","26*47*8.5","7V1","CNB1W11","фото ",">100",90,721,
678,"F-00990","26*47*8.5","7V1","CNB1W11","фото ",">100",90,722,
679,"F-01154","26*48*8.5","7V1","CNB1W11 ","фото ",">100",90,723,
680,"F-01019","26*48*8.5","7V1","CNB1W11 ","фото ",">100",90,724,
681,"F-00826","26*50*8.5","7V1","CNB1W11","фото ",">100",90,725,
682,"F-00859","26.5*37*3.5/7","0M","SCN2P","фото ",">100",50,726,
683,"F-00839X","26.5*40*8.5","7V1","CNB1W11 ","фото ",">100",110,727,"Ремонтный размер"
684,"F-00821X","26.5*40*8.5","7V1","CNB1W11 ","фото ",">100",110,728,"Ремонтный размер"
685,"F-00265X","26.5*41*8.5","7V1","CNB1W11 ","фото ",">100",110,729,"Ремонтный размер"
686,"F-00877X","26.5*41*8.5","7V1","CNB1W11 ","фото ",">100",110,730,"Ремонтный размер"
687,"FS-0023","26.5*42.5*8","7V1","CNB1W11","фото ",">100",110,731,"Ремонтный размер"
688,"F-00266X","26.5*43*8.5","7V1","CNB1W11 ","фото ",">100",110,732,"Ремонтный размер"
689,"F-00264","26.5*44*8","7V1","GNB1W11","фото ",">100",110,733,"Ремонтный размер"
690,"F-00263","26.5*44*8","7V1","GNB1W11","фото ",">100",110,734,
691,"F-00267X","26.5*44*8","7V1","GNB1W11","фото ",">100",110,735,"Ремонтный размер"
692,"F-00683","26.5*44*8","7V1","GNB1W11","фото ",">100",110,736,
693,"F-00922","26.5*44*8","7V1","GNB1W11","фото ",">100",110,737,
694,"F-01028X","26.5*45*10/12.5","7V3","GNB7W11 ","фото ",">100",110,738,"Ремонтный размер"
695,"F-00838X","26.5*45.5*10/12.7","7V3","GNB7W11 ","фото ",">100",110,739,"Ремонтный размер"
696,"F-00986X","26.5*46*8.5","7V1","CNB1W11 ","фото ",">100",110,740,"Ремонтный размер"
697,"F-01054X","26.5*46*8.5","7V1","CNB1W11 ","фото ",">100",110,741,"Ремонтный размер"
698,"F-00671X","26.5*46*8.5","7V1","CNB1W11 ","фото ",">100",110,742,"Ремонтный размер"
699,"F-00825X","26.5*46*8.5","7V1","CNB1W11 ","фото ",">100",110,743,"Ремонтный размер"
700,"F-00931X","26.5*47*9","7V1","CNB1W11 ","фото ",">100",110,744,"Ремонтный размер"
701,"F-00367","27*36*5.5","0M","SC4","фото ",">100",50,745,
702,"F-00101","27*37*3.5/7","0M","SCN5","фото ",">100",50,746,
703,"F-00408","27*38*5.5","0M","SC4","фото ",">100",50,747,
704,"F-00811","27*38*6.5","0M","SZN1","фото ",">100",50,748,
705,"F-00589XX","27*38*7","7V1","CNB1W11","фото ",">100",110,749,"Ремонтный размер"
706,"F-01048XX","27*38*7","7V1","CNB1W11","фото ",">100",110,750,"Ремонтный размер"
707,"F-00765X","27*38*7","7V1","CNB1W11","фото ",">100",110,751,"Ремонтный размер"
708,"F-00378XX","27*38*8","7V3","CNB7","фото ",">100",110,752,"Ремонтный размер"
709,"F-00589XX","27*38*8","7V2","CNB","фото ",">100",80,753,"Ремонтный размер"
710,"F-00492XX","27*39*15","7V2","CNB9","фото ",">100",110,754,"Ремонтный размер"
711,"F-00057XX","27*39.6*6.5","7V1","CNB1W11 ","фото ",">100",110,755,"Ремонтный размер"
712,"F-00022XX","27*39.6*6.5","7V1","CNB1W11 ","фото ",">100",110,756,"Ремонтный размер"
713,"F-00839","27*40*8","7V1","CNB1W11","фото ",">100",90,757,
714,"F-00821","27*40*8.5","7V1","CNB1W11","фото ",">100",90,758,
715,"F-00265","27*41*8.5","7V1","CNB1W11","фото ",">100",90,759,
716,"F-00877","27*41*8.5","7V1","CNB1W11","фото ",">100",90,760,
717,"FS-0028","27*43*8.5 ","7V2","CNAW11","фото ",">100",80,761,
718,"F-00266","27*43*8.5","7V1","CNB1W11","фото ",">100",90,762,
719,"F-00267","27*44*8.5 ","7V1","CNB1","фото ",">100",90,763,
720,"F-01029","27*45*10 ","7V1","CNB1W11","фото ",">100",90,764,
721,"F-01028","27*45*10/12.5","7V3","GNB7W11 ","фото ",">100",90,765,
722,"F-01090XX","27*45*8.5","7V1","CNB1W11","фото ",">100",110,766,"Ремонтный размер"
723,"F-00838","27*45.5*10/12.7","7V3","GNB7W11 ","фото ",">100",90,767,
724,"F-00986","27*46*8.5 ","7V1","CNB1W11","фото ",">100",90,768,
725,"FS-0029","27*46*8.5 ","7V2","CNB","фото ",">100",80,769,
726,"F-00671","27*46*8.5","7V1","CNB1W11 ","фото ",">100",90,770,
727,"F-00825","27*46*8.5 ","7V1","CNB1W11","фото ",">100",90,771,
728,"F-01054","27*46*8.5 ","7V1","CNB1W11","фото ",">100",90,772,
729,"F-00931","27*47*9","7V1","CNB1W11 ","фото ",">100",90,773,
730,"F-00133X","27*38*7","7V1","CNB1W11","фото ",">100",110,774,"Ремонтный размер"
731,"F-00128X","27*39*8.5","7V1","CNB1W11 ","фото ",">100",110,775,"Ремонтный размер"
732,"F-00735X","27*39.6*20.25","7V1","GNB1W11 ","фото ",">100",110,776,"Ремонтный размер"
733,"F-00698X","27*40*8.5","7V1","CNB1W11","фото ",">100",90,777,"Ремонтный размер"
734,"F-00270X","27*42*9.5","7V2","CNBW11","фото ",">100",110,778,"Ремонтный размер"
735,"F-00914X","27*42*8.5","7V1","CNB1W11","фото ",">100",90,779,
736,"F-00960X","27*42*8.5","7V1","CNB1W11","фото ",">100",90,780,
737,"F-00540X","27*42.5*8.5","7V1","CNB1W11 ","фото ",">100",110,781,"Ремонтный размер"
738,"F-00940X","27*44*8.5 ","7V1","CNB1","фото ",">100",90,782,"Ремонтный размер"
739,"F-01045X","27*44*9/10","7V1PM","CNB11W11","фото ",">100",110,783,"Ремонтный размер"
740,"F-00847X","27*44*9/10","7V1PM","CNB11W11","фото ",">100",110,784,"Ремонтный размер"
741,"F-00766X","27*45*8.5","7V1","CNB1W11","фото ",">100",110,785,"Ремонтный размер"
742,"F-00375X","27*45*8.5","7V1","CNB1W11","фото ",">100",110,786,"Ремонтный размер"
743,"F-00872X","27*46*13/14","7V1PM","CNB5W11","фото ",">100",110,787,"Ремонтный размер"
744,"F-00624X","27*46*13/14","7V1PM","CNB5W11","фото ",">100",110,788,"Ремонтный размер"
745,"F-00951X","27*46*13/14","7V1PM","CNB5W11","фото ",">100",110,789,"Ремонтный размер"
746,"F-00970X","27*50*9/10","7V1PM","CNB11W11 ","фото ",">100",110,790,"Ремонтный размер"
747,"F-00996X","27*50*9/10","7V1PM","CNB11W11 ","фото ",">100",110,791,"Ремонтный размер"
748,"F-00589X","27.5*38*8","7V1","CNB1W11 ","фото ",">100",110,792,"Ремонтный размер"
749,"F-01048X","27.5*38*8","7V1","CNB1W11 ","фото ",">100",110,793,"Ремонтный размер"
750,"F-00026X","27.5*38*8","7V1","CNB1W11 ","фото ",">100",110,794,"Ремонтный размер"
751,"F-00378X","27.5*38*7/9","7V3","CNB7 ","фото ",">100",110,795,"Ремонтный размер"
752,"F-00409X","27.5*38*15","7V1","CNB1W11","фото ",">100",110,796,"Ремонтный размер"
753,"F-00584X","27.5*38*15","7V1","CNB1W11","фото ",">100",110,797,"Ремонтный размер"
754,"F-00754X","27.5*39*15","6V2MA","CNB10","фото ",">100",110,798,"Ремонтный размер"
755,"F-00492X","27.5*39*15","6V2MA","CNB10","фото ",">100",110,799,"Ремонтный размер"
756,"F-00057X","27.5*39.6*8","7V2","CNB","фото ",">100",110,800,"Ремонтный размер"
757,"F-00022X","27.5*39.6*8","7V2","CNB","фото ",">100",110,801,"Ремонтный размер"
758,"F-00546Х","27.5*40*8","7V1","CNB1W11","фото ",">100",110,802,"Ремонтный размер"
759,"F-00662Х","27.5*40*8","7V1","CNB1W11","фото ",">100",110,803,"Ремонтный размер"
760,"F-01151Х","27.5*40*8","7V1","CNB1W11","фото ",">100",110,804,"Ремонтный размер"
761,"F-00749Х","27.5*40*8","7V1","CNB1W11","фото ",">100",110,805,"Ремонтный размер"
762,"F-00139Х","27.5*40*8","7V1","CNB1W11","фото ",">100",110,806,"Ремонтный размер"
763,"F-00269X","27.5*41*8.5","7V1","CNB1W11","фото ",">100",110,807,"Ремонтный размер"
764,"F-00743X","27.5*41*8.5","7V1","CNB1W11","фото ",">100",110,808,"Ремонтный размер"
765,"F-00961X","27.5*42*8.5","7V1","CNB1W11","фото ",">100",110,809,"Ремонтный размер"
766,"FS-0026","27.5*42.5*8","7V2","CNB","фото ",">100",110,810,"Ремонтный размер"
767,"F-00706X","27.5*43/47.5*6/12.8","6V2","CNB12W11","фото ",">100",110,811,"Ремонтный размер"
768,"F-01023X","27.5*44*7","7V1","GNB1W11","фото ",">100",110,812,"Ремонтный размер"
769,"F-00869X","27.5*44*7","7V1","GNB1W11","фото ",">100",110,813,"Ремонтный размер"
770,"F-00765","27.7*38*8 ","7V1","CNB1W11","фото ",">100",90,814,
771,"F-00133","27.7*38*8 ","7V1","CNB1W11","фото ",">100",90,815,
772,"F-00128","27.7*39*8.5 ","7V1","CNB1W11","фото ",">100",90,816,
773,"F-00735","27.7*39.6*20.25","7V1","GNB1W11","фото ",">100",90,817,
774,"FS-0027","27.7*40*8.5 ","7V2","CNBW11","фото ",">100",80,818,
775,"F-00698","27.7*40*8.5 ","7V1","CNB1W11","фото ",">100",90,819,
776,"F-00809","27.7*40*9/10","7V1PM","CNB11W11 ","фото ",">100",90,820,
777,"F-00900","27.7*40*9/10","7V1PM","CNB11W11 ","фото ",">100",90,821,
778,"F-00814X","27.7*41*8.5 ","7V1","CNB1","фото ",">100",110,822,"Ремонтный размер"
779,"F-00962","27.7*42*8.5","7V1","CNB1W11","фото ",">100",90,823,
780,"F-00914","27.7*42*8.5","7V1","CNB1W11","фото ",">100",90,824,
781,"F-00960","27.7*42*8.5","7V1","CNB1W11","фото ",">100",90,825,
782,"F-00270","27.7*42*8.5 ","7V2","CNB","фото ",">100",80,826,
783,"F-00270M","27.7*42*8.5","7V1","CNB1W11","фото ",">100",90,827,
784,"F-00871","27.7*42*9/10","7V1PM","CNB11W11 ","фото ",">100",90,828,
785,"F-00950","27.7*42*9/10","7V1PM","CNB11W11 ","фото ",">100",90,829,
786,"F-00268M","27.7*42*12.5","7V2","CNB4W11","фото ",">100",90,830,
787,"F-00268","27.7*42*12.5 ","7V2","CNB","фото ",">100",80,831,
788,"F-00540","27.7*42.5*8.5","7V1","CNB1W11 ","фото ",">100",90,832,
789,"F-00940","27.7*44*8.5","7V1","CNB1W11","фото ",">100",90,833,
790,"F-00847","27.7*44*9/10","7V1PM","CNB11W11","фото ",">100",90,834,
791,"F-01045","27.7*44*9/10","7V1PM","CNB11W11","фото ",">100",90,835,
792,"F-00697","27.7*44*13/14","7V1PM","CNB5W11 ","фото ",">100",90,836,
793,"F-00899","27.7*44*13/14","7V1PM","CNB5W11 ","фото ",">100",90,837,
794,"F-00375","27.7*45*8.5","7V1","CNB1W11","фото ",">100",90,838,
795,"F-00766","27.7*45*8.5","7V1","CNB1W11","фото ",">100",90,839,
796,"F-00751","27.7*46*9/10","7V1PM","CNB11W11","фото ",">100",90,840,
797,"F-00872","27.7*46*13/14","7V1PM","CNB5W11","фото ",">100",90,841,
798,"F-00624","27.7*46*13/14","7V1PM","CNB5W11","фото ",">100",90,842,
799,"F-00951","27.7*46*13/14","7V1PM","CNB5W11","фото ",">100",90,843,
800,"F-00810","27.7*48*9/10","7V1PM","CNB11W11","фото ",">100",90,844,
801,"F-01177","27.7*48*9/10","7V1PM","CNB11W11","фото ",">100",90,845,
802,"F-00970","27.7*50*9/10","7V1PM","CNB11W11 ","фото ",">100",90,846,
803,"F-00996","27.7*50*9/10","7V1PM","CNB11W11 ","фото ",">100",90,847,
804,"F-00817","27.7*37.3*6.5","0M","SC5","фото ",">100",50,848,
805,"F-00985","27.7*37.3*6.5","0M","SC5","фото ",">100",50,849,
806,"F-00134","28*37*4.5 ","0M","SG","фото ",">100",50,850,
807,"F-00088","28*37*5 ","0M","SGN","фото ",">100",50,851,
808,"F-00979","28*37*5 ","0M","SGN","фото ",">100",50,852,
809,"F-00132","28*37*5 ","0M","SGN","фото ",">100",50,853,
810,"F-00319","28*37*5 ","0M","SGN","фото ",">100",50,854,
811,"F-00682","28*37*5 ","0M","SGN","фото ",">100",50,855,
812,"F-01024","28*37.6*6","0M","SGN1W11","фото ",">100",50,856,
813,"F-00169","28*37.6*6","0M","SGN1W11","фото ",">100",50,857,
814,"F-00487","28*37.6*6","0M","SGN1W11","фото ",">100",50,858,
815,"F-00026","28*38*7","0M","SC4","фото ",">100",50,859,
816,"F-00026M","28*38*7","7V1","CNB1W11","фото ",">100",90,860,
817,"F-00404","28*38*7 ","0M","SGN","фото ",">100",50,861,
818,"F-00981","28*38*7","0M","SC4","фото ",">100",50,862,
819,"F-00142","28*38*7 ","0M","SGN","фото ",">100",50,863,
820,"F-00479","28*38*7","0M","SC4","фото ",">100",50,864,
821,"F-00479M","28*38*7","7V1","CNB1W11","фото ",">100",90,865,
822,"F-00981M","28*38*7","7V1","CNB1W11","фото ",">100",90,866,
823,"F-00589","28*38*6.5 ","7V2","CNB","фото ",">100",90,867,
824,"F-00589M","28*38*7 ","7V1","CNB1W11","фото ",">100",90,868,
825,"F-01048","28*38*7 ","7V1","CNB1W11","фото ",">100",90,869,
826,"F-00378","28*38*7/9","7V3","CNB7 ","фото ",">100",80,870,
827,"F-00409","28*38*15","7V2","CNB8","фото ",">100",90,871,
828,"F-00584","28*38*15/17","7V3","CNB7 ","фото ",">100",90,872,
829,"F-00835","28*38.3*7.5 ","1РМ","TBC4W7 ","фото ",">100",50,873,
830,"F-00394","28*38.35*5 ","0M","SC4","фото ",">100",50,874,
831,"FS-0030","28*38.5*7","7V1","CNB1W11","фото ",">100",110,875,"Ремонтный размер"
832,"F-00754","28*39*15","6V2MA","CNB10 ","фото ",">100",90,876,
833,"F-00492","28*39*15","6V2MA","CNB10 ","фото ",">100",90,877,
834,"F-00057","28*39.64*6.35","7V1","GNB1W11 ","фото ",">100",90,878,
835,"F-00022","28*39.64*6.35","7V1","GNB1W11 ","фото ",">100",90,879,
836,"F-00943","28*40*4/6","4V2","CNB3","фото ",">100",90,880,
837,"F-00434","28*40*6/6.5 ","1РМ","TC4","фото ",">100",50,881,
838,"FS-0032","28*40*7.3/8.5 ","7V1PM","CNB11","фото ",">100",90,882,
839,"F-00662","28*40*8 ","7V2","CNBW11","фото ",">100",80,883,
840,"F-00662M","28*40*8 ","7V1","GNB1W11 ","фото ",">100",90,884,
841,"F-00546","28*40*8 ","7V2","CNBW11","фото ",">100",80,885,
842,"F-01151","28*40*8 ","7V1","CNB1W11","фото ",">100",90,886,
843,"F-00749","28*40*8 ","7V1","CNB1W11","фото ",">100",90,887,
844,"F-00139","28*40*8 ","7V2","CNBW11","фото ",">100",80,888,
845,"F-00139M","28*40*8 ","7V1","CNB1W11","фото ",">100",90,889,
846,"F-00204","28*41*7","1РМ","TC4","фото ",">100",50,890,
847,"F-00814","28*41*8 ","7V1","CNB1W11 ","фото ",">100",90,891,
848,"F-00269","28*41*8","7V2","CNB ","фото ",">100",80,892,
849,"F-00269M","28*41*8 ","7V1","CNB1W11 ","фото ",">100",90,893,
850,"F-00743","28*41*8","7V1","CNB1W11 ","фото ",">100",90,894,
851,"FS-0033","28*41*12.5","7V2","CNB4W11","фото ",">100",90,895,
852,"F-00961","28*42*8.5","7V1","CNB1W11 ","фото ",">100",90,896,
853,"FS-0034","28*42*12.5","7V2","CNB4W11","фото ",">100",90,897,
854,"F-00709","28*43*9","7V1","CNB1W11","фото ",">100",90,898,
855,"F-00706","28*43/47.5*5/11.8","6V2","CNB12W11","фото ",">100",90,899,
856,"F-00045","28*44*6","0M","SCH4 ","фото ",">100",80,900,
857,"F-01023","28*44*7","7V1","GNB1W11","фото ",">100",90,901,
858,"F-00869","28*44*7","7V1","GNB1W11","фото ",">100",90,902,
859,"F-00843","28*44.5*9","7V1","CNB1W11","фото ",">100",90,903,
860,"F-00816","28*44.5*9","7V1","CNB1W11","фото ",">100",90,904,
861,"F-01090","28*45*8.5","7V1","CNB1W11 ","фото ",">100",90,905,
862,"F-00752","28*46*8.5","7V1","CNB1W11 ","фото ",">100",90,906,
863,"F-00750","28*46*8.5","7V1","CNB1W11 ","фото ",">100",90,907,
864,"F-00286","28*46*12.5","7V1","CNB4 ","фото ",">100",90,908,
865,"F-00113","28*47*4.2/5","0M","SB5 ","фото ",">100",50,909,
866,"F-00729","28*48*10","7V1","GNB1W11","фото ",">100",90,910,
867,"F-00522","28*48.2*8","7V2","CNB ","фото ",">100",80,911,
868,"F-01069X","28.5*42*8.5","7V1","CNB1W11 ","фото ",">100",110,912,"Ремонтный размер"
869,"F-00081","28.5*43*6.5 ","0M","SCH4","фото ",">100",50,913,
870,"F-00431","28.5*43*6.5 ","0M","SCH4","фото ",">100",50,914,
871,"F-00633","28.5*43*6.5 ","0M","SCH4","фото ",">100",50,915,
872,"F-00343","28.5*44.5*9","7V2","CNB","фото ",">100",80,916,
873,"F-00433","28.6*37.6*5","0M","SGN1W11","фото ",">100",50,917,
874,"F-00495","28.6*37.6*5","0M","SGN1W11","фото ",">100",50,918,
875,"F-00428","28.6*38*6","0M","SCN1","фото ",">100",80,919,
876,"F-00358X","28.8*43*6.5 ","0M","SCH4","фото ",">100",110,920,"Ремонтный размер"
877,"F-00980X","28.8*43*6.5 ","0M","SCH4","фото ",">100",110,921,"Ремонтный размер"
878,"F-00673X","28.8*43*6.5 ","0M","SCH4","фото ",">100",110,922,"Ремонтный размер"
879,"FS-0036","29*37.5*5 ","0M","SGN","фото ",">100",80,923,
880,"F-00062XX","29*40*8","7V2","CNB","фото ",">100",110,924,"Ремонтный размер"
881,"F-01066","29*42*8.5","7V1","CNB1W11","фото ",">100",90,925,
882,"F-01069","29*42*8.5","7V1","CNB1W11","фото ",">100",90,926,
883,"F-00537XX","29*42*15/17","7V3","CNB7 ","фото ",">100",110,927,"Ремонтный размер"
884,"F-00017XX","29*42.5*8","7V1","CNB1W11 ","фото ",">100",110,928,"Ремонтный размер"
885,"F-00033XX","29*42.5*8","7V1","CNB1W11 ","фото ",">100",110,929,"Ремонтный размер"
886,"F-00486XX","29*42.5/49*7.4/10.9","6V2","GNB2W11","фото ",">100",110,930,"Ремонтный размер"
887,"F-00762XX","29*42.5/49*7.4/10.9","6V2","GNB2W11","фото ",">100",110,931,"Ремонтный размер"
888,"F-00021XX","29*42.5/49*7.4/10.9","6V2","GNB2W11","фото ",">100",110,932,"Ремонтный размер"
889,"F-00029XX","29*42.5/49*7.4/10.9","6V2","GNB2W11","фото ",">100",110,933,"Ремонтный размер"
890,"F-00358","29*43*7","0M","SC4","фото ",">100",50,934,
891,"F-00980","29*43*7","0M","SCH4","фото ",">100",50,935,
892,"F-00673","29*43*7","0M","SCH4 ","фото ",">100",50,936,
893,"F-00755XX","29*50*10","7V1","CNB1W11","фото ",">100",110,937,"Ремонтный размер"
894,"F-00622XX","29*54.5*8 ","7V1","CNB1W11","фото ",">100",110,938,"Ремонтный размер"
895,"F-00435","29.4*47*6/7.5","1РМ","TG4P","фото ",">100",80,939,
896,"F-00073","29.4*47*6/7.5","1РМ","TG4P","фото ",">100",80,940,
897,"F-00062X","29.5*40*7","7V1","CNB1W11","фото ",">100",110,941,"Ремонтный размер"
898,"F-00271X","29.5*42*8","7V2","CNB","фото ",">100",110,942,"Ремонтный размер"
899,"F-00539X","29.5*42*8","7V2","CNB","фото ",">100",110,943,"Ремонтный размер"
900,"F-00537X","29.5*42*15/17","7V3","CNB7","фото ",">100",110,944,"Ремонтный размер"
901,"F-01050X","29.5*42/44*8.5/15","6V2MA","CNB10","фото ",">100",110,945,"Ремонтный размер"
902,"F-00017X","29.5*42.5*8","7V1","CNB1W11 ","фото ",">100",110,946,"Ремонтный размер"
903,"F-00033X","29.5*42.5*8","7V1","CNB1W11 ","фото ",">100",110,947,"Ремонтный размер"
904,"F-00593X","29.5*42.5*8","7V1","CNB1W11 ","фото ",">100",110,948,"Ремонтный размер"
905,"F-00417X","29.5*42.5*8","7V1","CNB1W11 ","фото ",">100",110,949,"Ремонтный размер"
906,"F-00486X","29.5*42.5/49*7.4/10.9 ","6V2","GNB2W11 ","фото ",">100",110,950,"Ремонтный размер"
907,"F-00762X","29.5*42.5/49*7.4/10.9 ","6V2","GNB2W11 ","фото ",">100",110,951,"Ремонтный размер"
908,"F-00021X","29.5*42.5/49*7.4/10.9 ","6V2","GNB2W11 ","фото ",">100",110,952,"Ремонтный размер"
909,"F-00029X","29.5*42.5/49*7.4/10.9 ","6V2","GNB2W11 ","фото ",">100",110,953,"Ремонтный размер"
910,"F-00800X","29.5*44*8.5","7V1","CNB1W11 ","фото ",">100",110,954,"Ремонтный размер"
911,"F-00272X","29.5*45.5*8.5","7V1","CNB1W11 ","фото ",">100",110,955,"Ремонтный размер"
912,"F-00725X","29.5*45.5*10/12.7","7V3","GNB7 ","фото ",">100",110,956,"Ремонтный размер"
913,"F-01125X","29.5*46*8","7V1","CNB1W11","фото ",">100",110,957,"Ремонтный размер"
914,"F-00273X","29.5*46*8","7V1","CNB1W11","фото ",">100",110,958,"Ремонтный размер"
915,"F-00719X","29.5*47*8.5","7V1","CNB1W11","фото ",">100",110,959,"Ремонтный размер"
916,"F-00756X","29.5*47*8.5","7V2","CNB","фото ",">100",110,960,"Ремонтный размер"
917,"F-00274X","29.5*47*8.5","7V2","CNB","фото ",">100",110,961,"Ремонтный размер"
918,"F-01063X","29.5*48*8.5","7V1","CNB1W11","фото ",">100",110,962,"Ремонтный размер"
919,"F-00450X","29.5*48*8.5","7V1","CNB1W11","фото ",">100",110,963,"Ремонтный размер"
920,"F-00801X","29.5*48*8.5","7V1","CNB1W11","фото ",">100",110,964,"Ремонтный размер"
921,"F-00585X","29.5*49.7*10/13","7V3","GNB7 ","фото ",">100",110,965,"Ремонтный размер"
922,"F-00718X","29.5*50*10","7V1","CNB1W11","фото ",">100",110,966,"Ремонтный размер"
923,"F-00755X","29.5*50*10","7V1","CNB1W11","фото ",">100",110,967,"Ремонтный размер"
924,"FS-0035","29.5*51*8.5","7V1","CNB1W11","фото ",">100",110,968,"Ремонтный размер"
925,"F-00727","30*40*3.5/6.5","4V2","CNB3 ","фото ",">100",90,969,
926,"F-00062","30*40*7","0M","SC4","фото ",">100",50,970,
927,"F-00062M","30*40*7","7V1","CNB1W11","фото ",">100",90,971,
928,"F-00209","30*41*6.5","0M","SC4","фото ",">100",50,972,
929,"F-00539","30*42*8","7V2","CNB8","фото ",">100",80,973,
930,"F-00537","30*42*15/17","7V3","CNB7","фото ",">100",90,974,
931,"F-00704","30*42/44*8.5/15","6V2MA","CNB10 ","фото ",">100",90,975,
932,"F-01050","30*42/44*8.5/15","6V2MA","CNB10 ","фото ",">100",90,976,
933,"F-00271","30*42.3*8","7V2","GNBW11","фото ",">100",80,977,
934,"F-00017","30*42.5*7","7V1","CNB1W11 ","фото ",">100",90,978,
935,"F-00033","30*42.5*7","7V1","CNB1W11 ","фото ",">100",90,979,
936,"F-00486","30*42.5/49*7.4/10.9","6V2","GNB2W11 ","фото ",">100",90,980,
937,"F-00762","30*42.5/49*7.4/10.9","6V2","GNB2W11 ","фото ",">100",90,981,
938,"F-00021","30*42.5/49*7.4/10.9","6V2","GNB2W11 ","фото ",">100",90,982,
939,"F-00029","30*42.5/49*7.4/10.9","6V2","GNB2W11 ","фото ",">100",90,983,
940,"F-00593","30*42.5*7","7V1","CNB1W11 ","фото ",">100",90,984,
941,"F-00593M","30*42.5*7","7V1","CNB1W11 ","фото ",">100",90,985,
942,"F-00417","30*42.8*6.3","7V2","CNB","фото ",">100",80,986,
943,"F-00417M","30*42.5*7","7V1","CNB1W11 ","фото ",">100",90,987,
944,"F-00587XX","30*43*7","7V1","CNB1W11 ","фото ",">100",110,988,"Ремонтный размер"
945,"F-00588XX","30*43*15","7V2","CNB8 ","фото ",">100",110,989,"Ремонтный размер"
946,"F-00800","30*44*8.5","7V1","CNB1W11","фото ",">100",90,990,
947,"F-00272","30*45.5*8.5","7V2","CNB ","фото ",">100",80,991,
948,"F-00272M","30*45.5*8.5","7V1","CNB1W11 ","фото ",">100",90,992,
949,"F-00725","30*45.5*10/12.7","7V3","GNB7 ","фото ",">100",90,993,
950,"F-00273","30*46*8","7V2","CNB ","фото ",">100",80,994,
951,"F-00273M","30*46*8","7V1","CNB1W11","фото ",">100",90,995,
952,"F-01125 ","30*46*8","7V1","CNB1W11","фото ",">100",90,996,
953,"F-00756","30*47*8.5","7V1","CNB1W11","фото ",">100",90,997,
954,"F-00719","30*47*8.5 ","7V1","CNB1W11","фото ",">100",90,998,
955,"F-00274","30*47*9","7V2","CNB ","фото ",">100",80,999,
956,"F-00274M","30*47*8.5 ","7V1","CNB1W11","фото ",">100",90,1000,
957,"F-00450","30*48*8 ","7V1","GNB1W11","фото ",">100",90,1001,
958,"F-01063","30*48*8 ","7V1","GNB1W11","фото ",">100",90,1002,
959,"F-00801","30*48*8","7V1","CNB1W11","фото ",">100",90,1003,
960,"FS-0037","30*49*10","7V2","GNB","фото ",">100",80,1004,
961,"F-00585","30*49.7*10/13","7V3","GNB7 ","фото ",">100",90,1005,
962,"F-00374","30*50*8.5","7V1","CNB1 ","фото ",">100",90,1006,
963,"F-01223","30*50*9/10","7V1PM","CNB11W11 ","фото ",">100",90,1007,
964,"F-00755","30*50*10","7V2","GNB","фото ",">100",80,1008,
965,"F-01104XX","30*51*8.5","7V1","CNB1W11 ","фото ",">100",110,1009,"Ремонтный размер"
966,"F-00622","30*54.5*8","7V1","CNB1W11 ","фото ",">100",90,1010,
967,"F-00587X","30.5*43*7","7V2","CNB","фото ",">100",110,1011,"Ремонтный размер"
968,"F-00588X","30.5*43*15","7V2","CNB8 ","фото ",">100",110,1012,"Ремонтный размер"
969,"F-00289X","30.5*43.7*6.5 ","7V1","CNB1W11","фото ",">100",110,1013,"Ремонтный размер"
970,"F-00290X","30.5*43.7/48*4/8.3","6V2","CNB2 ","фото ",">100",110,1014,"Ремонтный размер"
971,"F-00880XX","30.5*44.5*8.5","7V1","CNB1W11","фото ",">100",110,1015,"Ремонтный размер"
972,"F-01030X","30.5*51*8","7V1","CNB1W11","фото ",">100",110,1016,"Ремонтный размер"
973,"F-01104X","30.5*51*8","7V1","CNB1W11","фото ",">100",110,1017,"Ремонтный размер"
974,"F-00910X","30.5*52*8 ","7V1","CNB1W11","фото ",">100",110,1018,"Ремонтный размер"
975,"F-00587","31*43*7","7V2","CNB8","фото ",">100",80,1019,
976,"F-00588","31*43*15","7V2","CNB","фото ",">100",80,1020,
977,"F-00289","31*43.5*6.5","7V2","GNB","фото ",">100",80,1021,
978,"F-00290","31*43.7/48*4.5/8.5","6V2","CNB2","фото ",">100",90,1022,
979,"FS-0040","31*44*6.35","7V1","CNB1W11 ","фото ",">100",90,1023,
980,"F-00205","31*44*6.5","1РМ","TC4 ","фото ",">100",80,1024,
981,"F-00444XX","31*44.5*8.5","7V2","CNB","фото ",">100",110,1025,"Ремонтный размер"
982,"F-00932","31*44.5*8.5","7V2","CNB","фото ",">100",110,1026,
983,"FS-0041","31*44/48*4/8.5","6V2","CNB2","фото ",">100",90,1027,
984,"F-00276XX","31*46*8.5","7V1","CNB1W11","фото ",">100",110,1028,"Ремонтный размер"
985,"F-01095XX","31*47*8.5","7V1","CNB1W11 ","фото ",">100",110,1029,"Ремонтный размер"
986,"F-00582","31*47.7*7.4","7V1","CNB1W11","фото ",">100",90,1030,
987,"F-00560XX","31*50*8.5","7V1","CNB1W11 ","фото ",">100",110,1031,"Ремонтный размер"
988,"F-01030","31*51*8.5","7V1","CNB1W11","фото ",">100",90,1032,
989,"F-01104","31*51*8.5","7V1","CNB1W11","фото ",">100",90,1033,
990,"F-00910","31*52*8","7V1","CNB1W11 ","фото ",">100",90,1034,
991,"FS-0042","31*53*8.5","7V2","CNB","фото ",">100",80,1035,
992,"FS-0038","31.5*40*5/9","4V2","CNB13","фото ",">100",110,1036,"Ремонтный размер"
993,"F-00678X","31.5*44/45*8.5/18.7","6V2MA","CNB10","фото ",">100",110,1037,"Ремонтный размер"
994,"F-00103X","31.5*44.5*6.5","7V3","CNB7","фото ",">100",110,1038,"Ремонтный размер"
995,"F-00737X","31.5*44.5*6.5","7V3","CNB7","фото ",">100",110,1039,"Ремонтный размер"
996,"F-00569X","31.5*44.5*6.5","7V3","CNB7","фото ",">100",110,1040,"Ремонтный размер"
997,"F-00444X ","31.5*44.5*8","7V2","CNB","фото ",">100",80,1041,"Ремонтный размер"
998,"F-00276X","31.5*46*8.5 ","7V1","CNB1W11","фото ",">100",110,1042,"Ремонтный размер"
999,"F-01095X","31.5*47*8.5 ","7V1","CNB1W11","фото ",">100",110,1043,"Ремонтный размер"
1000,"F-00275X","31.5*49*8.5 ","7V1","CNB1W11","фото ",">100",110,1044,"Ремонтный размер"
1001,"F-00560X","31.5*50*8.5","7V1","CNB1W11 ","фото ",">100",110,1045,"Ремонтный размер"
1002,"FS-0039","31.5*50*8.5","7V2","CNB","фото ",">100",80,1046,
1003,"F-00902X","31.5*50*8.5","7V1","CNB1W11 ","фото ",">100",110,1047,"Ремонтный размер"
1004,"F-00745X","31.5*52.2*10","7V1","CNB1W11","фото ",">100",110,1048,"Ремонтный размер"
1005,"F-00581X","31.5*52.2*10","7V1","CNB1W11","фото ",">100",110,1049,"Ремонтный размер"
1006,"F-00827X","31.5*53*8.5","7V1","CNB1W11 ","фото ",">100",110,1050,"Ремонтный размер"
1007,"F-01006X","31.5*55*12/15 ","7V3","GNB7W11","фото ",">100",110,1051,"Ремонтный размер"
1008,"F-00857X","31.5*56*9","7V1","CNB1W11 ","фото ",">100",110,1052,"Ремонтный размер"
1009,"F-00091","31.7*38.1*3/5","4V2","SC2","фото ",">100",80,1053,
1010,"F-00880X","31.7*44.5*8","7V1","CNB1W11 ","фото ",">100",110,1054,"Ремонтный размер"
1011,"F-00207","32*40*5 ","1РМ","TC","фото ",">100",50,1055,
1012,"F-00211","32*40*5",12,"UNR","фото ",">100",90,1056,
1013,"FS-0043","32*40*5/9","4V2","CNB13","фото ",">100",80,1057,
1014,"FS-0044","32*42*3","OMEGA B","0-RING","фото ",">100",90,1058,
1015,"F-01002","32*43*5","0M","SC4","фото ",">100",50,1059,
1016,"FS-0050","32*44*6.5/7","1PM","TG4P","фото ",">100",50,1060,
1017,"F-00446","32*44*8.5/10","1РМ","TC4","фото ",">100",80,1061,
1018,"F-00678","32*44/45*8.5/18.7","6V2MA","CNB10 ","фото ",">100",90,1062,
1019,"F-00569","32*44.5*5.5/7","7V3","CNB7","фото ",">100",90,1063,
1020,"F-00737","32*44.5*6.5","7V2","CNB ","фото ",">100",80,1064,
1021,"F-00103","32*44.5*6.5","7V2","CNB ","фото ",">100",80,1065,
1022,"F-00444","32*44.5*8.5","7V2","CNB","фото ",">100",80,1066,
1023,"F-00444M","32*44.5*8.5","7V1","CNB1W11 ","фото ",">100",90,1067,
1024,"F-00880","32*44.5*8.5","7V1","CNB1W11 ","фото ",">100",90,1068,
1025,"F-01003","32*45.5*7","7V2","CNB","фото ",">100",80,1069,
1026,"F-00276","32*46*8.5","7V1","CNB1W11","фото ",">100",90,1070,
1027,"F-01095","32*47*8.5","7V1","CNB1W11 ","фото ",">100",90,1071,
1028,"F-00644","32*47.5*10/11","7V1PM","CNB11W11 ","фото ",">100",90,1072,
1029,"F-00973","32*47.5*10/11","7V1PM","CNB11W11 ","фото ",">100",90,1073,
1030,"F-00803","32*47.5*10/11","7V1PM","CNB11W11 ","фото ",">100",90,1074,
1031,"F-00275","32*49*8.5","7V1","CNB1W11","фото ",">100",90,1075,
1032,"FS-0045","32*49*8.5","7V2","CNBW11 ","фото ",">100",80,1076,
1033,"F-00560","32*50*8.5","7V1","CNB1W11","фото ",">100",90,1077,
1034,"FS-0046","32*50*8.5","7V2","CNB ","фото ",">100",80,1078,
1035,"F-00902","32*50*8.5","7V1","CNB1W11","фото ",">100",90,1079,
1036,"F-00745","32*52.2*10","7V1","CNB1W11 ","фото ",">100",90,1080,
1037,"F-00581","32*52.2*10","7V1","CNB1W11 ","фото ",">100",90,1081,
1038,"F-00827","32*53*8.5","7V1","CNB1 ","фото ",">100",90,1082,
1039,"F-01043","32*54*9/10","7V1PM","CNB11W11","фото ",">100",90,1083,
1040,"F-01006","32*55*12/15","7V3","GNB7W11","фото ",">100",90,1084,
1041,"F-00857","32*56*9","7V1","CNB1","фото ",">100",90,1085,
1042,"F-00742","32.7*42.7*6.7","0M","SC4","фото ",">100",90,1086,
1043,"F-00908","33*46*7","0M","SC4","фото ",">100",80,1087,
1044,"F-00398XX","34*50*8","7V1","CNB1W11","фото ",">100",110,1088,"Ремонтный размер"
1045,"F-01062XX","34*50*8","7V1","CNB1W11","фото ",">100",110,1089,"Ремонтный размер"
1046,"FS-0048","34*53*8","7V2","CNB","фото ",">100",80,1090,
1047,"F-00451XX","34*56*8","7V1","CNB1W11","фото ",">100",110,1091,"Ремонтный размер"
1048,"F-01178X","34.5*47*7","7V1","CNB1W11 ","фото ",">100",110,1092,"Ремонтный размер"
1049,"F-00398X","34.5*50*8","7V1","CNB1W11 ","фото ",">100",110,1093,"Ремонтный размер"
1050,"F-01062X","34.5*50*8","7V1","CNB1W11 ","фото ",">100",110,1094,"Ремонтный размер"
1051,"F-00939X","34.5*53*8","7V1","CNB1W11 ","фото ",">100",110,1095,"Ремонтный размер"
1052,"F-00988X","34.5*53*8","7V1","CNB1W11 ","фото ",">100",110,1096,"Ремонтный размер"
1053,"F-00451X","34.5*56*8","7V1","CNB1W11 ","фото ",">100",110,1097,"Ремонтный размер"
1054,"F-00984","35*46*7 ","0M","SC4","фото ",">100",80,1098,
1055,"F-01178","35*47*7","7V1","CNB1W11","фото ",">100",90,1099,
1056,"F-00424","35*47*7/8.5","1РМ","TCN11","фото ",">100",80,1100,
1057,"F-00398","35*50*8","7V1","CNB1W11","фото ",">100",90,1101,
1058,"F-01062","35*50*8","7V2","GNBW11 ","фото ",">100",80,1102,
1059,"F-01062M","35*50*8","7V1","CNB1W11","фото ",">100",90,1103,
1060,"F-00939","35*53*9","7V1","CNB1W11","фото ",">100",90,1104,
1061,"F-00988","35*53*9","7V1","CNB1W11","фото ",">100",90,1105,
1062,"F-00451","35*56*8","7V1","CNB1W11 ","фото ",">100",90,1106,
1063,"F-01139","35*61*9","7V1","CNB1W11 ","фото ",">100",90,1107,
1064,"F-00277X","35.5*50.5*9","7V2","GNB ","фото ",">100",110,1108,"Ремонтный размер"
1065,"F-00383","36*44*5","1РМ","TC4","фото ",">100",80,1109,
1066,"F-00277","36*50.5*9","7V2","GNB","фото ",">100",90,1110,
1067,"F-01037XX","37*51*8","7V1","CNB1W11","фото ",">100",110,1111,"Ремонтный размер"
1068,"F-01142XX","37*51*8","7V1","CNB1W11","фото ",">100",110,1112,"Ремонтный размер"
1069,"F-01037X","37.5*51*8","7V1","CNB1W11 ","фото ",">100",110,1113,"Ремонтный размер"
1070,"F-01142X","37.5*51*8","7V1","CNB1W11 ","фото ",">100",110,1114,"Ремонтный размер"
1071,"F-01037","38*51*8","7V1","CNB1W11","фото ",">100",90,1115,
1072,"F-01142","38*51*8","7V1","CNB1W11","фото ",">100",90,1116,
1073,"F-00647","38*52.6*6.4","0M","SC4","фото ",">100",80,1117,
1074,"F-00804","41*57.3*9","7V2","CNBW11","фото ",">100",200,1118,
1075,"F-01089","41*57.3*9","7V2","CNBW11","фото ",">100",200,1119,
1076,"F-01087","44.5*58.5*8.5/9","7V1PM","CNB11W11 ","фото ",">100",200,1120,
1077,"F-00549","52*66*5.5","7V2","CNB ","фото ",">100",200,1121,
1078,"F-00639","52*66*5.5","7V2","CNB ","фото ",">100",200,1122,
1079,"F-00559","56*70*5.5","7V2","CNB ","фото ",">100",200,1123,
1080,"FS-0049","60*74*8.5","7V1","CNB1W11","фото ",">100",250,1124,
